Index,demand
0,0.046002526
1,0.040080063
2,0.028042655
3,0.02940923
4,0.06704368
5,0.06426791
6,0.058537975
7,0.052022323
8,0.056371823
9,0.10486275
10,0.082419634
11,0.25949174
12,0.24810772
13,0.055079263
14,0.050275955
15,0.03430124
16,0.06579055
17,0.08718399
18,0.05116587
19,0.059339546
20,0.059960887
21,0.0117086135
22,0.04026053
23,0.040745992
24,0.44562027
25,0.11640426
26,0.06332894
27,0.051302273
28,0.054017957
29,0.06466911
30,0.023153275
31,0.022239424
32,0.026044516
33,0.03856758
34,0.29645145
35,0.41394323
36,0.05986606
37,0.05598711
38,0.060720704
39,0.04358781
40,0.05298316
41,0.01818543
42,0.022732899
43,0.027422408
44,0.025527949
45,0.054802
46,0.07684784
47,0.46145898
48,0.09424629
49,0.08520557
50,0.27165517
51,0.055629123
52,0.058830835
53,0.09605292
54,0.040546674
55,0.039626136
56,0.0516869
57,0.055052154
58,0.03645391
59,0.039320946
60,0.06682485
61,0.072970904
62,0.083281
63,0.0989267
64,0.06060493
65,0.43492228
66,0.04437977
67,0.037028
68,0.05643065
69,0.054718502
70,0.036579173
71,0.027628137
72,0.06507744
73,0.05547718
74,0.065838
75,0.061014555
76,0.07138536
77,0.08567066
78,0.06726756
79,0.10117413
80,0.054130327
81,0.038426057
82,0.029790385
83,0.06393614
84,0.0507344
85,0.08316901
86,0.061113145
87,0.525518
88,0.042542275
89,0.04348326
90,0.03475588
91,0.066086635
92,0.08712951
93,0.08460562
94,0.08857141
95,0.041989073
96,0.041006237
97,0.034875415
98,0.07852293
99,0.08025857
100,0.030108253
101,0.0589339
102,0.049327783
103,0.053556032
104,0.031192226
105,0.088751115
106,0.042632714
107,0.08115336
108,0.48076886
109,0.04233149
110,0.045119923
111,0.038847968
112,0.071968436
113,0.07313
114,0.023315674
115,0.052552603
116,0.08297434
117,0.08092224
118,0.046197478
119,0.043125466
120,0.029449532
121,0.045814987
122,0.021370234
123,0.01807564
124,0.05162429
125,0.06734672
126,0.060032137
127,0.28181848
128,0.05500491
129,0.10329767
130,0.04457872
131,0.03787983
132,0.02858959
133,0.035786796
134,0.07735337
135,0.042415366
136,0.04582057
137,0.07242473
138,0.2701886
139,0.057358705
140,0.06293179
141,0.07647078
142,0.05038315
143,0.06309356
144,0.069682226
145,0.03135372
146,0.044456173
147,0.044456173
148,0.037207868
149,0.027692014
150,0.031475548
151,0.02336556
152,0.06485279
153,0.060578227
154,0.10245103
155,0.08652469
156,0.26700625
157,0.04840194
158,0.043894704
159,0.03693977
160,0.038966585
161,0.03971555
162,0.07496455
163,0.07465994
164,0.6375707
165,0.06821447
166,0.053005237
167,0.07795805
168,0.054715447
169,0.04749798
170,0.029536422
171,0.034890804
172,0.040578432
173,0.04582472
174,0.022389513
175,0.035834998
176,0.02578195
177,0.04325736
178,0.06602984
179,0.118716024
180,0.1112573
181,0.26513648
182,0.625012
183,0.07154905
184,0.07333997
185,0.07482154
186,0.07547345
187,0.09807696
188,0.038598016
189,0.038446266
190,0.07509575
191,0.0918869
192,0.07926654
193,0.053900577
194,0.085773446
195,0.055303283
196,0.05787513
197,0.027225833
198,0.04470008
199,0.034369763
200,0.05133403
201,0.05013121
202,0.031344716
203,0.038992766
204,0.042478684
205,0.068164214
206,0.07307913
207,0.11099133
208,0.14447959
209,0.15590101
210,0.14560878
211,0.069233
212,0.07807531
213,0.07521444
214,0.07139913
215,0.038116068
216,0.03851731
217,0.092960775
218,0.07697288
219,0.058950488
220,0.059586704
221,0.062536195
222,0.061443567
223,0.06276476
224,0.061919674
225,0.03192457
226,0.05016319
227,0.030537633
228,0.05220351
229,0.035217162
230,0.033601627
231,0.06570656
232,0.06190261
233,0.13511468
234,0.29977083
235,0.118230164
236,0.10843791
237,0.081371695
238,0.095846064
239,0.077429324
240,0.07925405
241,0.07356032
242,0.06008741
243,0.2555644
244,0.059440788
245,0.08927287
246,0.058861736
247,0.081405185
248,0.048709843
249,0.04354649
250,0.032595947
251,0.030176308
252,0.03449301
253,0.05430632
254,0.037405547
255,0.063801125
256,0.06570619
257,0.14379206
258,0.1694427
259,0.111267336
260,0.07014367
261,0.24133591
262,0.09312599
263,0.42382392
264,0.082128264
265,0.07199735
266,0.038737435
267,0.04005016
268,0.054714102
269,0.05588447
270,0.27504128
271,0.08885441
272,0.42313108
273,0.07551538
274,0.033485796
275,0.026615882
276,0.03916263
277,0.041419126
278,0.110783204
279,0.099645995
280,0.11663606
281,0.29380894
282,0.10432825
283,0.1049558
284,0.119787686
285,0.15458518
286,0.1632285
287,0.25949153
288,0.10272758
289,0.06919034
290,0.046196092
291,0.09686234
292,0.5744157
293,0.08253261
294,0.08505625
295,0.268924
296,0.27489898
297,0.025209662
298,0.03243367
299,0.040961
300,0.05080547
301,0.089973204
302,0.25736997
303,0.083127074
304,0.10383733
305,0.24788111
306,0.2406004
307,0.15092959
308,0.2603282
309,0.4563421
310,0.09843008
311,0.051950272
312,0.056282174
313,0.04623806
314,0.05021792
315,0.08009619
316,0.7423795
317,0.07968092
318,0.08381913
319,0.41378644
320,0.031908646
321,0.033778645
322,0.26030803
323,0.0336612
324,0.045983836
325,0.0519978
326,0.03227086
327,0.04283978
328,0.11416922
329,0.085435495
330,0.08635605
331,0.13891347
332,0.12967706
333,0.2631905
334,0.28813243
335,0.110296726
336,0.033551432
337,0.27276304
338,0.2812999
339,0.08739163
340,0.68114775
341,0.7644801
342,0.28598523
343,0.063520834
344,0.08363431
345,0.05808839
346,0.055439394
347,0.022113807
348,0.062407717
349,0.05525833
350,0.042978205
351,0.13819812
352,0.13586842
353,0.113345474
354,0.09829696
355,0.13699675
356,0.13677877
357,0.13634303
358,0.10764292
359,0.10114734
360,0.034507707
361,0.058416568
362,0.28254816
363,0.04681788
364,0.09377228
365,0.575848
366,0.7669631
367,0.5206503
368,0.0772326
369,0.08079617
370,0.032346115
371,0.0524015
372,0.2823514
373,0.03049471
374,0.023060871
375,0.024083143
376,0.0232362
377,0.063501865
378,0.056676414
379,0.07573617
380,0.07318635
381,0.2612454
382,0.09247709
383,0.13150984
384,0.1293558
385,0.097083405
386,0.101778276
387,0.08056889
388,0.09326047
389,0.059756927
390,0.091296345
391,0.11614235
392,0.08505511
393,0.09405249
394,0.5612141
395,0.88171834
396,0.73658556
397,0.071610674
398,0.08268972
399,0.10575188
400,0.10217266
401,0.26832
402,0.0520683
403,0.047831178
404,0.027413314
405,0.07759658
406,0.04886099
407,0.24475773
408,0.08679982
409,0.51865524
410,0.27497903
411,0.13029619
412,0.1318571
413,0.1318997
414,0.112628825
415,0.0992996
416,0.09922521
417,0.061734475
418,0.06391305
419,0.11097528
420,0.11820815
421,0.082408436
422,0.097308815
423,0.032402452
424,0.6788842
425,0.89899033
426,0.7700782
427,0.045160893
428,0.05525731
429,0.26243496
430,0.10866139
431,0.1144637
432,0.038089614
433,0.030191906
434,0.050089326
435,0.033538245
436,0.07766103
437,0.07566731
438,0.44045523
439,0.50015885
440,0.15066132
441,0.15221125
442,0.118149854
443,0.2809063
444,0.12660676
445,0.2558903
446,0.06394869
447,0.06505958
448,0.0805364
449,0.076022305
450,0.09685634
451,0.08976239
452,0.07220906
453,0.26115373
454,0.4446637
455,0.16563149
456,0.051528722
457,0.07334084
458,0.2658114
459,0.09119956
460,0.25494695
461,0.046807293
462,0.04945368
463,0.027663015
464,0.049049303
465,0.036391027
466,0.0744517
467,0.06368966
468,0.2596763
469,0.8723725
470,0.52356905
471,0.48921964
472,0.10716299
473,0.17392881
474,0.25166258
475,0.33784422
476,0.064066306
477,0.064439796
478,0.07672946
479,0.07772583
480,0.2581722
481,0.091001324
482,0.055807963
483,0.27422488
484,0.271111
485,0.27753276
486,0.97141093
487,0.06922202
488,0.06792668
489,0.06555661
490,0.2618698
491,0.046207286
492,0.04667259
493,0.39939073
494,0.043246884
495,0.032576684
496,0.029383603
497,0.06564086
498,0.11427826
499,0.26030385
500,0.4805435
501,0.5431319
502,0.66150635
503,0.44560596
504,0.15704416
505,0.16092053
506,0.2726398
507,0.081988245
508,0.09153743
509,0.10006358
510,0.067424014
511,0.06188964
512,0.15703554
513,0.0879042
514,0.53772104
515,0.0706184
516,0.050294615
517,0.04200816
518,0.086333014
519,0.071401544
520,0.06159131
521,0.046834428
522,0.036439035
523,0.024717165
524,0.030687872
525,0.07089447
526,0.105636895
527,0.13444678
528,0.13379914
529,0.62931824
530,0.63818073
531,0.41483018
532,0.47449163
533,0.5638441
534,0.123872995
535,0.09182917
536,0.050883763
537,0.065075286
538,0.061707333
539,0.15780436
540,0.08726864
541,0.033273626
542,0.077847935
543,0.06589949
544,0.049248032
545,0.050727054
546,0.048413333
547,0.09337406
548,0.064182445
549,0.060699463
550,0.043002803
551,0.04386727
552,0.027025554
553,0.03228546
554,0.09258629
555,0.11863252
556,0.13822894
557,0.26576093
558,0.45793712
559,0.4686392
560,0.8400733
561,0.85518104
562,0.41422674
563,0.091296345
564,0.050125092
565,0.06305583
566,0.061756585
567,0.08663497
568,0.03929223
569,0.06646584
570,0.53490275
571,0.049328245
572,0.059938304
573,0.08572645
574,0.07522334
575,0.061585102
576,0.09356351
577,0.07202865
578,0.109839275
579,0.053146187
580,0.027389426
581,0.01867448
582,0.10961017
583,0.10756347
584,0.12894893
585,0.50779235
586,0.43160722
587,0.2845578
588,0.86279094
589,0.41187787
590,0.42369
591,0.0884957
592,0.050492495
593,0.06080063
594,0.06356963
595,0.08966005
596,0.040020157
597,0.061750032
598,0.047668032
599,0.42627567
600,0.058898363
601,0.25576517
602,0.073848136
603,0.091099605
604,0.0974743
605,0.06582249
606,0.2670985
607,0.05629846
608,0.07081361
609,0.030742142
610,0.091808416
611,0.5945554
612,0.4826985
613,0.27140856
614,0.047737923
615,0.39847267
616,0.09539575
617,0.098236874
618,0.022493895
619,0.062255755
620,0.078409754
621,0.08893659
622,0.28910813
623,0.044880502
624,0.28722954
625,0.045890506
626,0.035312127
627,0.11915404
628,0.029179124
629,0.029829793
630,0.12263754
631,0.11627002
632,0.0764395
633,0.25780582
634,0.25739124
635,0.08981061
636,0.096795544
637,0.025382152
638,0.063455574
639,0.049319234
640,0.050570793
641,0.058265302
642,0.27753776
643,0.07830278
644,0.04353575
645,0.04419531
646,0.052161492
647,0.04814964
648,0.04126864
649,0.11968075
650,0.041191526
651,0.08773756
652,0.11785235
653,0.045819454
654,0.09494111
655,0.086253464
656,0.10487246
657,0.08032567
658,0.42314494
659,0.4138719
660,0.103067994
661,0.0470269
662,0.050937556
663,0.059463404
664,0.058638077
665,0.053786524
666,0.08251641
667,0.09775468
668,0.044167295
669,0.050535064
670,0.04776307
671,0.058373015
672,0.08083158
673,0.116632074
674,0.29779235
675,0.050838426
676,0.072073065
677,0.09416503
678,0.037002776
679,0.09675372
680,0.26353425
681,0.10186081
682,0.026981713
683,0.049315225
684,0.04761128
685,0.057471324
686,0.04848698
687,0.04845933
688,0.097017094
689,0.091345906
690,0.042670988
691,0.04769259
692,0.25735942
693,0.027398933
694,0.05878253
695,0.26510602
696,0.06406903
697,0.042521384
698,0.03334633
699,0.07159307
700,0.068792835
701,0.38952243
702,0.044029005
703,0.025640203
704,0.05031027
705,0.06122155
706,0.06427769
707,0.05958886
708,0.044678003
709,0.068556614
710,0.06662593
711,0.060636222
712,0.035825215
713,0.070580654
714,0.066356964
715,0.10863025
716,0.045831345
717,0.042212408
718,0.038789295
719,0.04949278
720,0.08644132
721,0.07076718
722,0.03448834
723,0.28909108
724,0.5491737
725,0.29387057
726,0.03909218
727,0.03546699
728,0.038243275
729,0.032289445
730,0.06499511
731,0.059553538
732,0.66426945
733,0.06498758
734,0.07447367
735,0.0750282
736,0.06179258
737,0.037798613
738,0.06989168
739,0.43271965
740,0.09916324
741,0.10168142
742,0.045600526
743,0.042486176
744,0.061315097
745,0.064564414
746,0.021284256
747,0.029515455
748,0.058723252
749,0.040743623
750,0.026956122
751,0.036587227
752,0.03926533
753,0.025996963
754,0.06880231
755,0.06685773
756,0.067416646
757,0.0682839
758,0.06831864
759,0.06634634
760,0.06805437
761,0.03569849
762,0.06456627
763,0.5775839
764,0.09263995
765,0.04196484
766,0.057881124
767,0.057348836
768,0.060999867
769,0.056324095
770,0.025579866
771,0.030271988
772,0.07250305
773,0.062908985
774,0.079087526
775,0.06362848
776,0.26646078
777,0.065373965
778,0.034778837
779,0.06416499
780,0.28135845
781,0.043070115
782,0.043141887
783,0.041650064
784,0.023443203
785,0.025064517
786,0.2696612
787,0.02782353
788,0.027449518
789,0.020188792
790,0.026804281
791,0.07132051
792,0.085599184
793,0.0878134
794,0.053789787
795,0.046228513
796,0.02645766
797,0.048300385
798,0.24503914
799,0.08096729
800,0.027234348
801,0.020347912
802,0.024577096
803,0.024920492
804,0.059504945
805,0.04149102
806,0.02999662
807,0.023695553
808,0.030182516
809,0.019377341
810,0.017338902
811,0.029414237
812,0.07601126
813,0.0876065
814,0.08580098
815,0.042775024
816,0.02847796
817,0.047358405
818,0.059034575
819,0.015545172
820,0.017287133
821,0.03659842
822,0.042182013
823,0.041721884
824,0.021918286
825,0.03333873
826,0.020361125
827,0.031693634
828,0.07328787
829,0.0793909
830,0.038001858
831,0.053993884
832,0.04938382
833,0.06027791
834,0.038630232
835,0.019609954
836,0.016922925
837,0.041560154
838,0.05894731
839,0.044877376
840,0.028270813
841,0.01401969
842,0.020273795
843,0.075223446
844,0.027339416
845,0.05639004
846,0.052197002
847,0.077075824
848,0.038262967
849,0.06722341
850,0.027584124
851,0.021709416
852,0.030118655
853,0.022538794
854,0.022287145
855,0.041888386
856,0.038050424
857,0.056518406
858,0.03790177
859,0.04454882
860,0.026888708
861,0.01931441
862,0.02743515
863,0.039291985
864,0.015742071
865,0.019966837
866,0.020657675
867,0.018278683
868,0.033372164
869,0.05839293
870,0.047819782
871,0.105175726
872,0.01688566
873,0.03165312
874,0.02307872
875,0.018647514
876,0.028015543
877,0.020202633
878,0.01497883
879,0.020099415
880,0.020587059
881,0.028547317
882,0.039932363
883,0.04149492
884,0.04420831
885,0.030556317
886,0.07689672
887,0.047452837
888,0.0224846
889,0.028062593
890,0.028533284
891,0.024453044
892,0.051466223
893,0.057206683
894,0.057048067
895,0.05581967
896,0.038196024
897,0.06609954
898,0.051881816
899,0.074251205
900,0.102658704
901,0.052328624
902,0.24722816
903,0.057888903
904,0.05166425
905,0.075891465
906,0.061371
907,0.56529343
908,0.08241025
909,0.057810754
910,0.057211682
911,0.0463883
912,0.05733249
913,0.26152083
914,0.056280088
915,0.45988584
916,0.09305742
917,0.05417511
918,0.057149176
919,0.05129501
920,0.022758735
921,0.021885162
922,0.030044096
923,0.052430358
924,0.109487444
925,0.05173271
926,0.109254934
927,0.40855223
928,0.05605203
929,0.07024412
930,0.058021724
931,0.055065896
932,0.056905847
933,0.017655637
934,0.027804233
935,0.02636338
936,0.048859797
937,0.05390344
938,0.45454434
939,0.100932546
940,0.10454549
941,0.26772675
942,0.06330602
943,0.47418055
944,0.038812432
945,0.04377127
946,0.06047821
947,0.06308343
948,0.044801038
949,0.047462925
950,0.06498422
951,0.08740972
952,0.08236476
953,0.09083795
954,0.07500413
955,0.06214105
956,0.28805482
957,0.044683818
958,0.04345542
959,0.03309953
960,0.05849016
961,0.058023687
962,0.03244555
963,0.028180713
964,0.069561616
965,0.05561999
966,0.061631683
967,0.06376129
968,0.103070796
969,0.062719725
970,0.034235515
971,0.034020174
972,0.030775392
973,0.07148959
974,0.2644388
975,0.056805786
976,0.06180248
977,0.06407654
978,0.28528446
979,0.04364833
980,0.043424692
981,0.036285214
982,0.028171048
983,0.028278062
984,0.063536905
985,0.06343318
986,0.08351186
987,0.29346207
988,0.28698498
989,0.0382552
990,0.038153082
991,0.07779146
992,0.07728476
993,0.050487325
994,0.056418564
995,0.0637636
996,0.068150386
997,0.03644057
998,0.036830433
999,0.08228947
1000,0.08415969
1001,0.4913741
1002,0.08681176
1003,0.0370104
1004,0.04378047
1005,0.038233787
1006,0.06644873
1007,0.07474616
1008,0.02745574
1009,0.05910334
1010,0.079315245
1011,0.07066707
1012,0.046243615
1013,0.041187935
1014,0.0464956
1015,0.01833161
1016,0.03270528
1017,0.02563765
1018,0.05013501
1019,0.06372482
1020,0.05646999
1021,0.27986652
1022,0.038123097
1023,0.08607538
1024,0.039126918
1025,0.03622661
1026,0.03259655
1027,0.04225703
1028,0.08625374
1029,0.04412975
1030,0.043965586
1031,0.07322491
1032,0.122470655
1033,0.05796463
1034,0.059815943
1035,0.085378505
1036,0.07926505
1037,0.050451495
1038,0.05269039
1039,0.079888016
1040,0.03290653
1041,0.045255516
1042,0.048514087
1043,0.018254852
1044,0.024527058
1045,0.017665312
1046,0.054692052
1047,0.06227053
1048,0.27624562
1049,0.25592878
1050,0.2646439
1051,0.04122888
1052,0.041306287
1053,0.031511363
1054,0.03136595
1055,0.03726741
1056,0.07796709
1057,0.073193744
1058,0.5817697
1059,0.06290131
1060,0.076219365
1061,0.073906295
1062,0.052806925
1063,0.05811689
1064,0.035018053
1065,0.026951006
1066,0.047578607
1067,0.043493636
1068,0.031128138
1069,0.02376064
1070,0.021107057
1071,0.033672493
1072,0.034107704
1073,0.04600521
1074,0.07496276
1075,0.10690697
1076,0.10585139
1077,0.11290149
1078,0.49534005
1079,0.067985035
1080,0.08124888
1081,0.07221863
1082,0.07453783
1083,0.07991185
1084,0.038012598
1085,0.044410534
1086,0.086060144
1087,0.079992555
1088,0.054607388
1089,0.07074082
1090,0.08550764
1091,0.062195472
1092,0.07810196
1093,0.06290151
1094,0.027350722
1095,0.044316236
1096,0.064759545
1097,0.03498819
1098,0.04829426
1099,0.04879195
1100,0.0695163
1101,0.021834344
1102,0.038181342
1103,0.032227576
1104,0.07303258
1105,0.07453008
1106,0.10739726
1107,0.1455797
1108,0.14564095
1109,0.1458485
1110,0.072482675
1111,0.080822095
1112,0.07541175
1113,0.07371237
1114,0.0716237
1115,0.037638087
1116,0.03920224
1117,0.078667395
1118,0.07187697
1119,0.07310241
1120,0.05635905
1121,0.061024565
1122,0.06452797
1123,0.06406789
1124,0.061803576
1125,0.04645928
1126,0.05159914
1127,0.03194664
1128,0.056132924
1129,0.03002593
1130,0.050694905
1131,0.034749508
1132,0.058283933
1133,0.061435763
1134,0.1490355
1135,0.5387441
1136,0.11226122
1137,0.115237266
1138,0.079521805
1139,0.09665859
1140,0.07230994
1141,0.08156426
1142,0.06904467
1143,0.03563754
1144,0.09286384
1145,0.25535014
1146,0.054370724
1147,0.085951075
1148,0.06716979
1149,0.07955796
1150,0.045722198
1151,0.044477
1152,0.036521856
1153,0.03443313
1154,0.03805748
1155,0.042992685
1156,0.06023576
1157,0.059828166
1158,0.14772104
1159,0.53759027
1160,0.115061365
1161,0.07976566
1162,0.23377152
1163,0.09299509
1164,0.25317803
1165,0.25533056
1166,0.073937155
1167,0.035531424
1168,0.079803705
1169,0.08847244
1170,0.2707412
1171,0.08349739
1172,0.2698455
1173,0.08306066
1174,0.035947673
1175,0.03186949
1176,0.02296455
1177,0.028665148
1178,0.03688554
1179,0.039626498
1180,0.0953047
1181,0.098406166
1182,0.11280303
1183,0.122413464
1184,0.095704
1185,0.10049604
1186,0.11646149
1187,0.1552987
1188,0.25889006
1189,0.2623874
1190,0.10370483
1191,0.056981266
1192,0.056731306
1193,0.04721679
1194,0.09380941
1195,0.5907713
1196,0.078543745
1197,0.078364
1198,0.27326944
1199,0.25843886
1200,0.03293806
1201,0.03265352
1202,0.033147387
1203,0.04446155
1204,0.115172885
1205,0.107726395
1206,0.10297781
1207,0.08894494
1208,0.2666813
1209,0.25572982
1210,0.13119027
1211,0.2623874
1212,0.4303264
1213,0.097450495
1214,0.054868467
1215,0.068695076
1216,0.06959361
1217,0.04694397
1218,0.10129396
1219,0.76939076
1220,0.08503447
1221,0.08327471
1222,0.36258775
1223,0.03424035
1224,0.029039342
1225,0.2607629
1226,0.029827164
1227,0.03493205
1228,0.058978155
1229,0.05310383
1230,0.045964092
1231,0.04148707
1232,0.08611583
1233,0.12693311
1234,0.08841633
1235,0.09622512
1236,0.13827409
1237,0.13279179
1238,0.2599123
1239,0.57462376
1240,0.27591568
1241,0.03626425
1242,0.26961133
1243,0.27308542
1244,0.09609067
1245,0.6902671
1246,0.68985224
1247,0.28460234
1248,0.08451217
1249,0.076282434
1250,0.08495312
1251,0.044019237
1252,0.068369776
1253,0.03314601
1254,0.023366282
1255,0.053449016
1256,0.12701632
1257,0.11719614
1258,0.09522306
1259,0.09877168
1260,0.12811978
1261,0.13862756
1262,0.1331938
1263,0.10448412
1264,0.09802028
1265,0.039555226
1266,0.05855547
1267,0.2710707
1268,0.04524486
1269,0.08304117
1270,0.5966899
1271,0.78381044
1272,0.44271764
1273,0.06734683
1274,0.08450609
1275,0.026677674
1276,0.054583594
1277,0.27501673
1278,0.037831288
1279,0.02871918
1280,0.029962314
1281,0.031524
1282,0.070325196
1283,0.05362692
1284,0.07157906
1285,0.09101344
1286,0.2625612
1287,0.10061587
1288,0.13121796
1289,0.1368871
1290,0.10887745
1291,0.10844765
1292,0.086185105
1293,0.09646848
1294,0.06388415
1295,0.084024936
1296,0.11503222
1297,0.08563707
1298,0.08898715
1299,0.6558727
1300,0.9054703
1301,0.72161335
1302,0.05456765
1303,0.07149834
1304,0.07530133
1305,0.30201387
1306,0.103345595
1307,0.09080309
1308,0.04766889
1309,0.0440152
1310,0.031631462
1311,0.069054574
1312,0.048077513
1313,0.24841838
1314,0.072297946
1315,0.5523731
1316,0.27410388
1317,0.12544887
1318,0.14562476
1319,0.106158085
1320,0.11166757
1321,0.1009606
1322,0.09094979
1323,0.06877818
1324,0.07025722
1325,0.111797445
1326,0.11337451
1327,0.08339778
1328,0.09821206
1329,0.029812995
1330,0.648949
1331,0.80661225
1332,0.6790469
1333,0.05634228
1334,0.2664771
1335,0.2941636
1336,0.11170478
1337,0.03607823
1338,0.060439546
1339,0.034556404
1340,0.07200536
1341,0.09146196
1342,0.55171347
1343,0.5292086
1344,0.13421294
1345,0.14994295
1346,0.112800404
1347,0.17148057
1348,0.12804312
1349,0.5017757
1350,0.06487886
1351,0.060595065
1352,0.07251566
1353,0.07693849
1354,0.091551855
1355,0.08989825
1356,0.64686435
1357,0.3998474
1358,0.1555494
1359,0.056833975
1360,0.07277123
1361,0.08523271
1362,0.06895619
1363,0.06162121
1364,0.11756018
1365,0.048083264
1366,0.051518433
1367,0.04612353
1368,0.054587904
1369,0.03916033
1370,0.06955911
1371,0.087587126
1372,0.52923304
1373,0.7842537
1374,0.40337706
1375,0.2828453
1376,0.10289445
1377,0.17405617
1378,0.24682161
1379,0.44639233
1380,0.0666917
1381,0.064914934
1382,0.08014518
1383,0.07617924
1384,0.09432263
1385,0.25734285
1386,0.07029953
1387,0.25968722
1388,0.27943888
1389,0.27625814
1390,0.9866404
1391,0.075985
1392,0.06870775
1393,0.06783085
1394,0.12325641
1395,0.049071725
1396,0.04640094
1397,0.32191315
1398,0.042371657
1399,0.028615143
1400,0.06478284
1401,0.09415892
1402,0.109485656
1403,0.46383747
1404,0.27171326
1405,0.65938866
1406,0.48012808
1407,0.16065812
1408,0.2750058
1409,0.2698171
1410,0.0964622
1411,0.09441331
1412,0.06645813
1413,0.061129864
1414,0.28000456
1415,0.2595836
1416,0.041727386
1417,0.5108072
1418,0.2695258
1419,0.05060244
1420,0.043592915
1421,0.08531085
1422,0.067015275
1423,0.059774548
1424,0.040885393
1425,0.037469547
1426,0.030218074
1427,0.026026366
1428,0.072233245
1429,0.1039705
1430,0.13012907
1431,0.13388596
1432,0.65571916
1433,0.6828019
1434,0.51298845
1435,0.4951654
1436,0.540424
1437,0.13591993
1438,0.0935772
1439,0.05146922
1440,0.06203314
1441,0.06343798
1442,0.15925226
1443,0.09072443
1444,0.036023963
1445,0.06752833
1446,0.06436788
1447,0.050619155
1448,0.04035789
1449,0.08650887
1450,0.06315887
1451,0.047931124
1452,0.038762163
1453,0.06548256
1454,0.02931489
1455,0.018953329
1456,0.09008964
1457,0.109565474
1458,0.12898545
1459,0.2566039
1460,0.2845294
1461,0.4205201
1462,0.8435702
1463,0.85283804
1464,0.43528518
1465,0.076170124
1466,0.05198887
1467,0.06894569
1468,0.063453436
1469,0.09100996
1470,0.039957553
1471,0.06487048
1472,0.53943
1473,0.050793603
1474,0.057521243
1475,0.089676484
1476,0.0754573
1477,0.060699414
1478,0.10896791
1479,0.08833453
1480,0.07572147
1481,0.061440427
1482,0.108650036
1483,0.10628331
1484,0.120363764
1485,0.5179573
1486,0.44264328
1487,0.2797867
1488,0.8768672
1489,0.42234573
1490,0.45745435
1491,0.07941683
1492,0.047854718
1493,0.057683427
1494,0.063463844
1495,0.08744838
1496,0.041883484
1497,0.069210924
1498,0.05182346
1499,0.44978482
1500,0.059292912
1501,0.40535757
1502,0.07548142
1503,0.09450913
1504,0.09180867
1505,0.07748389
1506,0.06869196
1507,0.056696124
1508,0.037950333
1509,0.27019885
1510,0.59554356
1511,0.46592334
1512,0.4707256
1513,0.051778447
1514,0.44698384
1515,0.091798
1516,0.09556304
1517,0.058495287
1518,0.058073275
1519,0.079009436
1520,0.08401634
1521,0.2779998
1522,0.03758591
1523,0.27005827
1524,0.04822716
1525,0.038330063
1526,0.12419825
1527,0.030585235
1528,0.02389489
1529,0.12356026
1530,0.119737275
1531,0.07768339
1532,0.2683155
1533,0.12955473
1534,0.09110701
1535,0.09948633
1536,0.025579575
1537,0.056243546
1538,0.052077312
1539,0.051136885
1540,0.058332358
1541,0.27218303
1542,0.08047692
1543,0.04672959
1544,0.04217559
1545,0.044790138
1546,0.04256238
1547,0.122686796
1548,0.037877116
1549,0.08191888
1550,0.12028494
1551,0.047493182
1552,0.07566528
1553,0.09093097
1554,0.08614745
1555,0.08687735
1556,0.43022844
1557,0.26268435
1558,0.10038095
1559,0.04940523
1560,0.05764331
1561,0.04582779
1562,0.08114269
1563,0.102189556
1564,0.044735014
1565,0.04443272
1566,0.04670533
1567,0.044678465
1568,0.027516834
1569,0.08422353
1570,0.119871706
1571,0.27557445
1572,0.05460365
1573,0.053649854
1574,0.08078054
1575,0.04178974
1576,0.100491844
1577,0.260369
1578,0.10002695
1579,0.021402733
1580,0.06371153
1581,0.05510183
1582,0.060226984
1583,0.051760495
1584,0.049537603
1585,0.07650744
1586,0.09981049
1587,0.04841407
1588,0.1343461
1589,0.03980079
1590,0.024011929
1591,0.032667868
1592,0.048328623
1593,0.0976972
1594,0.060409296
1595,0.0416607
1596,0.038024165
1597,0.067711085
1598,0.06750275
1599,0.30256015
1600,0.04058166
1601,0.023400413
1602,0.05481925
1603,0.06788937
1604,0.068125635
1605,0.06073009
1606,0.048526727
1607,0.17284466
1608,0.066003494
1609,0.06804171
1610,0.044655815
1611,0.045855135
1612,0.07127806
1613,0.2737016
1614,0.043246426
1615,0.045318574
1616,0.041148555
1617,0.04901115
1618,0.10057178
1619,0.063272625
1620,0.035369426
1621,0.02706003
1622,0.31032974
1623,0.55800956
1624,0.08972549
1625,0.04547259
1626,0.0425726
1627,0.03890605
1628,0.031158824
1629,0.03358277
1630,0.06511157
1631,0.0653552
1632,0.64100367
1633,0.08413937
1634,0.06972078
1635,0.068427704
1636,0.06176704
1637,0.033293854
1638,0.07305978
1639,0.46133164
1640,0.093853116
1641,0.09886934
1642,0.041615386
1643,0.046228785
1644,0.04070948
1645,0.056426853
1646,0.06533778
1647,0.03250453
1648,0.058678508
1649,0.043662608
1650,0.026018852
1651,0.02851824
1652,0.035900567
1653,0.031862404
1654,0.031522494
1655,0.06731458
1656,0.066617265
1657,0.07979793
1658,0.07246859
1659,0.064124376
1660,0.06498422
1661,0.027915632
1662,0.06566856
1663,0.4735491
1664,0.09338038
1665,0.043807458
1666,0.04066715
1667,0.069423474
1668,0.0641408
1669,0.025182135
1670,0.028939921
1671,0.27969176
1672,0.02747411
1673,0.027158815
1674,0.06922332
1675,0.0749708
1676,0.06712424
1677,0.06823878
1678,0.2746391
1679,0.073979616
1680,0.0331703
1681,0.068304256
1682,0.39034027
1683,0.042114265
1684,0.04254238
1685,0.044325273
1686,0.060048077
1687,0.03315299
1688,0.021363946
1689,0.020636141
1690,0.04138242
1691,0.030144764
1692,0.028172527
1693,0.01741505
1694,0.016480124
1695,0.035875034
1696,0.25142118
1697,0.081749275
1698,0.08338415
1699,0.04464212
1700,0.043301236
1701,0.029897392
1702,0.023953496
1703,0.04971806
1704,0.25469744
1705,0.106098555
1706,0.019769963
1707,0.023761682
1708,0.020476291
1709,0.025778336
1710,0.033562984
1711,0.044628687
1712,0.033225648
1713,0.02660457
1714,0.015305206
1715,0.02736698
1716,0.07782567
1717,0.08061693
1718,0.08485478
1719,0.039075185
1720,0.030155394
1721,0.14350225
1722,0.06763733
1723,0.055088755
1724,0.02540349
1725,0.014729889
1726,0.041239593
1727,0.05151104
1728,0.027997326
1729,0.02735245
1730,0.028014898
1731,0.06946236
1732,0.071284994
1733,0.041471
1734,0.049307108
1735,0.0573627
1736,0.07588339
1737,0.070435196
1738,0.031271953
1739,0.017868152
1740,0.020321954
1741,0.034062073
1742,0.03493461
1743,0.046463855
1744,0.042789023
1745,0.032991484
1746,0.013678594
1747,0.017960573
1748,0.01788508
1749,0.02899935
1750,0.077038035
1751,0.02864054
1752,0.05584783
1753,0.050330635
1754,0.08338837
1755,0.03948536
1756,0.06552408
1757,0.025490195
1758,0.019320592
1759,0.03823011
1760,0.034595687
1761,0.020093445
1762,0.025764942
1763,0.020306453
1764,0.029189503
1765,0.06012735
1766,0.05706471
1767,0.03777702
1768,0.038012102
1769,0.021197995
1770,0.020845378
1771,0.022260508
1772,0.030962113
1773,0.018872693
1774,0.019336924
1775,0.018202376
1776,0.016481448
1777,0.018241556
1778,0.01856273
1779,0.030669196
1780,0.06235436
1781,0.061130118
1782,0.024608064
1783,0.08969415
1784,0.02180538
1785,0.021378398
1786,0.014632643
1787,0.01893702
1788,0.021425394
1789,0.024080768
1790,0.014690524
1791,0.031015614
1792,0.018778678
1793,0.027678013
1794,0.04667177
1795,0.06490824
1796,0.060838237
1797,0.06227062
1798,0.05889826
1799,0.04094623
1800,0.102816686
1801,0.019359449
1802,0.0406586
1803,0.0255265
1804,0.021757072
1805,0.031954724
1806,0.039580323
1807,0.06659331
1808,0.05625418
1809,0.05223128
1810,0.037299562
1811,0.07809943
1812,0.061662823
1813,0.04945306
1814,0.08117831
1815,0.07975152
1816,0.25778833
1817,0.261812
1818,0.052198138
1819,0.059795022
1820,0.07407821
1821,0.0931876
1822,0.049875736
1823,0.05238901
1824,0.052215975
1825,0.031478524
1826,0.052115113
1827,0.05532437
1828,0.38091266
1829,0.10387077
1830,0.05227782
1831,0.052909646
1832,0.053823393
1833,0.052794207
1834,0.059942257
1835,0.022155702
1836,0.021580346
1837,0.026948886
1838,0.027754508
1839,0.15517202
1840,0.055607017
1841,0.06527867
1842,0.27454147
1843,0.41444874
1844,0.054081965
1845,0.045032315
1846,0.048165534
1847,0.047571395
1848,0.014698242
1849,0.032047175
1850,0.056951616
1851,0.04831202
1852,0.46835017
1853,0.093321994
1854,0.07556307
1855,0.4795301
1856,0.06086275
1857,0.52004665
1858,0.044373564
1859,0.04445979
1860,0.059156798
1861,0.054604787
1862,0.035247203
1863,0.050360326
1864,0.06970761
1865,0.10934515
1866,0.063871525
1867,0.10683888
1868,0.09442631
1869,0.06486375
1870,0.28744534
1871,0.044456832
1872,0.038192216
1873,0.054167997
1874,0.06021085
1875,0.033143353
1876,0.041069884
1877,0.04863078
1878,0.059394795
1879,0.102147564
1880,0.057983134
1881,0.07146933
1882,0.046181876
1883,0.04204154
1884,0.026767634
1885,0.060385972
1886,0.049444336
1887,0.061324246
1888,0.061437417
1889,0.4631178
1890,0.040895343
1891,0.04598687
1892,0.040685154
1893,0.035426468
1894,0.028564444
1895,0.06487596
1896,0.063579485
1897,0.078800134
1898,0.08639292
1899,0.08508908
1900,0.287733
1901,0.040895343
1902,0.039595988
1903,0.04086024
1904,0.04830891
1905,0.056336615
1906,0.06661123
1907,0.08583335
1908,0.028076747
1909,0.04961207
1910,0.046550665
1911,0.07526072
1912,0.4987033
1913,0.043549135
1914,0.046657026
1915,0.038948275
1916,0.07273371
1917,0.07626263
1918,0.025861556
1919,0.057619303
1920,0.0727875
1921,0.09202071
1922,0.047395628
1923,0.04541644
1924,0.044996586
1925,0.024682542
1926,0.025274271
1927,0.016921286
1928,0.055866163
1929,0.06378155
1930,0.30060595
1931,0.03608458
1932,0.092828825
1933,0.038136046
1934,0.046215378
1935,0.03130494
1936,0.030643033
1937,0.084107004
1938,0.043201067
1939,0.045888815
1940,0.06957179
1941,0.58624333
1942,0.05999039
1943,0.06409441
1944,0.076125406
1945,0.07465504
1946,0.054737467
1947,0.05119261
1948,0.07403382
1949,0.029837573
1950,0.04295841
1951,0.041138668
1952,0.02474956
1953,0.022145996
1954,0.015443342
1955,0.06278768
1956,0.055825386
1957,0.2829307
1958,0.07855238
1959,0.083451696
1960,0.054707102
1961,0.03680449
1962,0.029642753
1963,0.04318121
1964,0.037316307
1965,0.074779816
1966,0.07511324
1967,0.57687014
1968,0.2558255
1969,0.055688277
1970,0.08318656
1971,0.04732837
1972,0.049663484
1973,0.032573715
1974,0.027938047
1975,0.037906032
1976,0.048900165
1977,0.031620536
1978,0.021829445
1979,0.025924731
1980,0.036439113
1981,0.04431943
1982,0.06770958
1983,0.11907548
1984,0.111271545
1985,0.26655358
1986,0.27448854
1987,0.08716101
1988,0.08716101
1989,0.073800765
1990,0.07522335
1991,0.09109134
1992,0.03968196
1993,0.04402273
1994,0.0638667
1995,0.06990841
1996,0.05777442
1997,0.06786782
1998,0.08009629
1999,0.054735303
2000,0.08911692
2001,0.058479074
2002,0.029666744
2003,0.047223337
2004,0.052694164
2005,0.048451267
2006,0.052745715
2007,0.018857468
2008,0.036265034
2009,0.03703673
2010,0.06789499
2011,0.06704458
2012,0.105717786
2013,0.12418458
2014,0.25713408
2015,0.14777513
2016,0.07194303
2017,0.08213958
2018,0.07232105
2019,0.07725701
2020,0.06730788
2021,0.04400465
2022,0.085317425
2023,0.08239145
2024,0.07317965
2025,0.059442624
2026,0.05620777
2027,0.06478414
2028,0.05652425
2029,0.058150154
2030,0.03015107
2031,0.04770826
2032,0.030493397
2033,0.05039755
2034,0.037898365
2035,0.024277212
2036,0.036420837
2037,0.077263586
2038,0.061293434
2039,0.12691058
2040,0.57197505
2041,0.12575097
2042,0.114782415
2043,0.07900256
2044,0.09456412
2045,0.07257402
2046,0.08325013
2047,0.07303789
2048,0.038565762
2049,0.057285424
2050,0.423944
2051,0.051810335
2052,0.08131084
2053,0.06288471
2054,0.07753134
2055,0.05368135
2056,0.040957376
2057,0.033901475
2058,0.034805726
2059,0.040564455
2060,0.06112565
2061,0.066483825
2062,0.14338592
2063,0.5806084
2064,0.107972726
2065,0.069458455
2066,0.08382303
2067,0.10536681
2068,0.2540511
2069,0.25702646
2070,0.0732605
2071,0.04088043
2072,0.09012015
2073,0.092115544
2074,0.07748898
2075,0.077115536
2076,0.28106016
2077,0.08346946
2078,0.03151181
2079,0.03699819
2080,0.036823325
2081,0.0298364
2082,0.040313877
2083,0.13453315
2084,0.14085846
2085,0.08776085
2086,0.08687508
2087,0.10060656
2088,0.09452739
2089,0.11070996
2090,0.13983144
2091,0.16555014
2092,0.29191574
2093,0.102452
2094,0.057115294
2095,0.053924825
2096,0.054306533
2097,0.09304845
2098,0.55960286
2099,0.08610609
2100,0.08471206
2101,0.2797422
2102,0.27448383
2103,0.02902379
2104,0.024072612
2105,0.03168753
2106,0.03167444
2107,0.064529605
2108,0.09258836
2109,0.12010031
2110,0.112733655
2111,0.09539188
2112,0.25798243
2113,0.10726974
2114,0.13891323
2115,0.16400674
2116,0.27583373
2117,0.09198819
2118,0.05822563
2119,0.05160153
2120,0.057656426
2121,0.084513694
2122,0.7267409
2123,0.08528367
2124,0.08473141
2125,0.080683306
2126,0.42568332
2127,0.024835778
2128,0.26991943
2129,0.034868225
2130,0.053845488
2131,0.071983725
2132,0.039512716
2133,0.028591705
2134,0.1135739
2135,0.08917037
2136,0.08494249
2137,0.26195586
2138,0.13300334
2139,0.1392655
2140,0.609889
2141,0.0938175
2142,0.03477918
2143,0.28538337
2144,0.13249883
2145,0.08937409
2146,0.65831673
2147,0.6896672
2148,0.29142907
2149,0.07485338
2150,0.07049929
2151,0.09233197
2152,0.024225727
2153,0.051268067
2154,0.05122134
2155,0.032691628
2156,0.023402344
2157,0.04814869
2158,0.044052936
2159,0.0972651
2160,0.10983897
2161,0.085207686
2162,0.10490826
2163,0.12914406
2164,0.123497225
2165,0.13525082
2166,0.28045604
2167,0.27330226
2168,0.035795417
2169,0.059205156
2170,0.28572625
2171,0.043355294
2172,0.09299251
2173,0.63201797
2174,0.6972001
2175,0.5146963
2176,0.07608006
2177,0.06732776
2178,0.030537942
2179,0.049103342
2180,0.28447336
2181,0.034915593
2182,0.026515352
2183,0.028285723
2184,0.05631892
2185,0.06690522
2186,0.067678936
2187,0.07558852
2188,0.2530026
2189,0.09580317
2190,0.12554911
2191,0.1449997
2192,0.1036643
2193,0.106067926
2194,0.08128906
2195,0.10317429
2196,0.07163576
2197,0.073138654
2198,0.11481232
2199,0.08179615
2200,0.08848254
2201,0.66929305
2202,0.9102961
2203,0.6478921
2204,0.058158476
2205,0.08332049
2206,0.08024906
2207,0.06586344
2208,0.11392445
2209,0.12342366
2210,0.10291501
2211,0.05264288
2212,0.039146043
2213,0.03879256
2214,0.077445015
2215,0.05942863
2216,0.23910294
2217,0.089775234
2218,0.5131731
2219,0.3043641
2220,0.300985
2221,0.13155955
2222,0.10139766
2223,0.10777721
2224,0.09591486
2225,0.10155898
2226,0.06870466
2227,0.06623555
2228,0.11538487
2229,0.11210204
2230,0.08729878
2231,0.10200496
2232,0.034192618
2233,0.67289245
2234,0.9208868
2235,0.72419214
2236,0.04848566
2237,0.05210481
2238,0.2787117
2239,0.10742962
2240,0.111554064
2241,0.03756347
2242,0.030490657
2243,0.04988645
2244,0.03328377
2245,0.074820034
2246,0.06422172
2247,0.4265418
2248,0.54161924
2249,0.13042226
2250,0.1449459
2251,0.107052535
2252,0.19067965
2253,0.12212073
2254,0.46785054
2255,0.0672689
2256,0.07137935
2257,0.08339852
2258,0.08428052
2259,0.0996513
2260,0.091302395
2261,0.058026563
2262,0.2578603
2263,0.46946263
2264,0.26476023
2265,0.05456489
2266,0.07976721
2267,0.08401159
2268,0.072125144
2269,0.06831687
2270,0.119090155
2271,0.05074014
2272,0.04782955
2273,0.033722922
2274,0.06593445
2275,0.04353804
2276,0.0724445
2277,0.07542324
2278,0.2661275
2279,0.8937195
2280,0.293833
2281,0.2599069
2282,0.13639021
2283,0.2793158
2284,0.11876042
2285,0.4643467
2286,0.064703606
2287,0.059042707
2288,0.07646922
2289,0.073552206
2290,0.09616817
2291,0.10061723
2292,0.0570751
2293,0.1884232
2294,0.42365536
2295,0.2702634
2296,0.98480433
2297,0.08493391
2298,0.07466549
2299,0.06535597
2300,0.11087129
2301,0.048747335
2302,0.4634374
2303,0.04877566
2304,0.028174045
2305,0.07087832
2306,0.103141546
2307,0.1092803
2308,0.49550158
2309,0.5241138
2310,0.6569127
2311,0.52478975
2312,0.17527294
2313,0.1556914
2314,0.27431288
2315,0.0989895
2316,0.10101232
2317,0.06322924
2318,0.06193342
2319,0.27835852
2320,0.25595692
2321,0.042416576
2322,0.1493208
2323,0.2779899
2324,0.046071295
2325,0.09282466
2326,0.07223889
2327,0.059274774
2328,0.044743568
2329,0.03862253
2330,0.04046742
2331,0.027079402
2332,0.07087832
2333,0.09196791
2334,0.13741183
2335,0.13333626
2336,0.65744257
2337,0.66830146
2338,0.43597463
2339,0.2918106
2340,0.5650284
2341,0.13527949
2342,0.055131543
2343,0.06688254
2344,0.06591637
2345,0.1625976
2346,0.09040437
2347,0.039450508
2348,0.04191693
2349,0.06869187
2350,0.06831267
2351,0.046644893
2352,0.10491473
2353,0.06141057
2354,0.038288414
2355,0.046721593
2356,0.070471324
2357,0.026540112
2358,0.033828575
2359,0.094619304
2360,0.10924708
2361,0.1270186
2362,0.27813613
2363,0.2834951
2364,0.44833708
2365,0.8128823
2366,0.83812076
2367,0.4465551
2368,0.08028054
2369,0.05048481
2370,0.065940216
2371,0.06264959
2372,0.09075302
2373,0.042326868
2374,0.041190963
2375,0.06873614
2376,0.5232059
2377,0.050465554
2378,0.05549077
2379,0.08925131
2380,0.07533493
2381,0.059102304
2382,0.09046483
2383,0.06915525
2384,0.059684183
2385,0.014580117
2386,0.0278689
2387,0.09422208
2388,0.10927671
2389,0.13279349
2390,0.52396554
2391,0.4079863
2392,0.16268449
2393,0.8551732
2394,0.4514798
2395,0.4741955
2396,0.07515274
2397,0.051705725
2398,0.066046394
2399,0.09292201
2400,0.039501637
2401,0.04926292
2402,0.46295652
2403,0.061361495
2404,0.29875365
2405,0.07608806
2406,0.09196941
2407,0.09196941
2408,0.0852176
2409,0.08616101
2410,0.05907951
2411,0.06898193
2412,0.028829703
2413,0.08184274
2414,0.55387956
2415,0.5588537
2416,0.47729996
2417,0.24482651
2418,0.45840213
2419,0.08923601
2420,0.08923601
2421,0.02325543
2422,0.027396351
2423,0.060008585
2424,0.05176799
2425,0.0539317
2426,0.07383673
2427,0.08333182
2428,0.08717428
2429,0.04664002
2430,0.26142102
2431,0.04436885
2432,0.0350683
2433,0.26203373
2434,0.03461408
2435,0.03185736
2436,0.029654535
2437,0.12557639
2438,0.11570513
2439,0.07551667
2440,0.264652
2441,0.1306802
2442,0.09598278
2443,0.09565683
2444,0.06420302
2445,0.057990327
2446,0.048193596
2447,0.059214447
2448,0.07594596
2449,0.08571005
2450,0.045942765
2451,0.048174925
2452,0.0458888
2453,0.047388233
2454,0.040076338
2455,0.12290569
2456,0.03448458
2457,0.040148266
2458,0.08194329
2459,0.1209579
2460,0.05042382
2461,0.07829942
2462,0.055574007
2463,0.08261542
2464,0.083372556
2465,0.4220283
2466,0.4525505
2467,0.0885565
2468,0.061458454
2469,0.053320944
2470,0.08417712
2471,0.09826288
2472,0.04417354
2473,0.044990573
2474,0.046432387
2475,0.039874014
2476,0.03997181
2477,0.026609233
2478,0.030542327
2479,0.08750584
2480,0.121652536
2481,0.34907216
2482,0.049669564
2483,0.08191855
2484,0.052875582
2485,0.095669046
2486,0.26368928
2487,0.09796504
2488,0.027451884
2489,0.055791542
2490,0.046345703
2491,0.052882478
2492,0.27762118
2493,0.10631948
2494,0.0448492
2495,0.05112866
2496,0.040068317
2497,0.25657523
2498,0.049149606
2499,0.0377211
2500,0.050080553
2501,0.08581645
2502,0.060349043
2503,0.038631704
2504,0.042724382
2505,0.060782034
2506,0.06496488
2507,0.10332485
2508,0.13356768
2509,0.034984857
2510,0.048655853
2511,0.06898315
2512,0.063114814
2513,0.06631742
2514,0.052508164
2515,0.2746553
2516,0.060226154
2517,0.060933746
2518,0.041005343
2519,0.067514084
2520,0.06777262
2521,0.093908936
2522,0.037175633
2523,0.04043522
2524,0.040751472
2525,0.048623603
2526,0.08832071
2527,0.059249226
2528,0.026429987
2529,0.31001917
2530,0.6142524
2531,0.09378907
2532,0.042090647
2533,0.025770215
2534,0.038128197
2535,0.039539374
2536,0.031038629
2537,0.031050345
2538,0.06827109
2539,0.062030714
2540,0.68140304
2541,0.07362411
2542,0.08121646
2543,0.06050688
2544,0.060933746
2545,0.04043715
2546,0.026240222
2547,0.056142297
2548,0.524581
2549,0.099951796
2550,0.09571714
2551,0.045656964
2552,0.045804355
2553,0.060030155
2554,0.062340554
2555,0.031896885
2556,0.06273407
2557,0.060812067
2558,0.039093997
2559,0.026373534
2560,0.039233398
2561,0.028982602
2562,0.059209127
2563,0.07025734
2564,0.06614517
2565,0.06417345
2566,0.06644695
2567,0.06890163
2568,0.06652085
2569,0.039708592
2570,0.065595046
2571,0.49591085
2572,0.10173183
2573,0.04421084
2574,0.049085982
2575,0.045996953
2576,0.069779284
2577,0.084557384
2578,0.019044168
2579,0.027684236
2580,0.10481382
2581,0.030030306
2582,0.028126894
2583,0.06652428
2584,0.07517564
2585,0.057202417
2586,0.06771122
2587,0.06786012
2588,0.06788964
2589,0.026638484
2590,0.065898664
2591,0.45181987
2592,0.043569528
2593,0.044020735
2594,0.045159165
2595,0.057895873
2596,0.025986688
2597,0.011937935
2598,0.020553624
2599,0.04531795
2600,0.026587013
2601,0.017370567
2602,0.029970946
2603,0.08028404
2604,0.08758257
2605,0.083359055
2606,0.048613604
2607,0.023309523
2608,0.027550003
2609,0.048230298
2610,0.28861365
2611,0.09000067
2612,0.026582517
2613,0.024872044
2614,0.026240375
2615,0.022862522
2616,0.03229113
2617,0.03591909
2618,0.033931654
2619,0.02459189
2620,0.01928604
2621,0.018096887
2622,0.036477353
2623,0.0716025
2624,0.082273036
2625,0.07274706
2626,0.04483127
2627,0.028812524
2628,0.0442529
2629,0.08460708
2630,0.062011458
2631,0.02684285
2632,0.026149716
2633,0.017035332
2634,0.037307385
2635,0.03720884
2636,0.02598564
2637,0.038113866
2638,0.01873726
2639,0.039478477
2640,0.06791738
2641,0.037189238
2642,0.02942324
2643,0.04242394
2644,0.049979165
2645,0.07101652
2646,0.07813117
2647,0.019351428
2648,0.018811781
2649,0.028425505
2650,0.03862352
2651,0.049811963
2652,0.032875452
2653,0.03844627
2654,0.01681307
2655,0.08065464
2656,0.026236111
2657,0.050249472
2658,0.101916164
2659,0.07566674
2660,0.02505897
2661,0.02621685
2662,0.015111554
2663,0.032305732
2664,0.018845113
2665,0.021822974
2666,0.03609875
2667,0.02652936
2668,0.02886361
2669,0.0597652
2670,0.06428546
2671,0.03346904
2672,0.034594834
2673,0.041957654
2674,0.024569407
2675,0.02374062
2676,0.015418603
2677,0.017059177
2678,0.034671824
2679,0.01914428
2680,0.02383816
2681,0.017617898
2682,0.01718654
2683,0.015137926
2684,0.06658808
2685,0.09728745
2686,0.03023346
2687,0.022198088
2688,0.020006077
2689,0.018838758
2690,0.019247595
2691,0.03003814
2692,0.031305693
2693,0.06352224
2694,0.058811937
2695,0.05352276
2696,0.03346904
2697,0.099584095
2698,0.026693983
2699,0.047520395
2700,0.049624927
2701,0.047673523
2702,0.08223698
2703,0.059737783
2704,0.07937989
2705,0.0705352
2706,0.080691434
2707,0.05088452
2708,0.080895595
2709,0.14208274
2710,0.4284895
2711,0.06183128
2712,0.06306787
2713,0.058201715
2714,0.07789372
2715,0.07961884
2716,0.04628195
2717,0.060833458
2718,0.06017806
2719,0.06274757
2720,0.058237936
2721,0.061543733
2722,0.031443443
2723,0.26583526
2724,0.052413702
2725,0.5067589
2726,0.10499865
2727,0.05569063
2728,0.25258029
2729,0.054727796
2730,0.052591752
2731,0.020988852
2732,0.020582108
2733,0.02775154
2734,0.028313925
2735,0.053572416
2736,0.05433015
2737,0.054690294
2738,0.4231499
2739,0.47173554
2740,0.06516421
2741,0.061114296
2742,0.06210879
2743,0.06387932
2744,0.022296662
2745,0.026117489
2746,0.025721902
2747,0.056448814
2748,0.107712656
2749,0.3211742
2750,0.09598071
2751,0.42655927
2752,0.49526343
2753,0.06672364
2754,0.2742285
2755,0.03867904
2756,0.044848435
2757,0.04288171
2758,0.06886532
2759,0.05869306
2760,0.03829765
2761,0.036888413
2762,0.07627968
2763,0.04224745
2764,0.070183426
2765,0.102713145
2766,0.07958766
2767,0.062498413
2768,0.077306814
2769,0.45689607
2770,0.04424651
2771,0.038139082
2772,0.057597935
2773,0.058094196
2774,0.034765087
2775,0.06633944
2776,0.08056095
2777,0.089786
2778,0.04908764
2779,0.26869538
2780,0.057629526
2781,0.04246931
2782,0.038608823
2783,0.49140894
2784,0.049520984
2785,0.06528725
2786,0.25745454
2787,0.27680936
2788,0.04318204
2789,0.041386697
2790,0.03903412
2791,0.033844344
2792,0.03741858
2793,0.0374308
2794,0.027510447
2795,0.065894365
2796,0.073538445
2797,0.054993287
2798,0.077924624
2799,0.09696658
2800,0.27540708
2801,0.2750129
2802,0.06367536
2803,0.037462447
2804,0.05536616
2805,0.054473437
2806,0.06542031
2807,0.032631807
2808,0.053825557
2809,0.039090574
2810,0.08532889
2811,0.4840129
2812,0.04343655
2813,0.044404127
2814,0.03472879
2815,0.07369781
2816,0.08027016
2817,0.027510447
2818,0.052094106
2819,0.05649557
2820,0.09630693
2821,0.10204557
2822,0.04496011
2823,0.043702703
2824,0.020520689
2825,0.016799038
2826,0.02407345
2827,0.0627879
2828,0.06231084
2829,0.11070913
2830,0.048685554
2831,0.09039549
2832,0.043571483
2833,0.03481806
2834,0.041371845
2835,0.040124543
2836,0.07653277
2837,0.0378377
2838,0.044546574
2839,0.2674093
2840,0.2576496
2841,0.057307966
2842,0.067106344
2843,0.06854342
2844,0.069643736
2845,0.05029122
2846,0.05726739
2847,0.083058484
2848,0.025922908
2849,0.04238045
2850,0.047180668
2851,0.016469251
2852,0.021013934
2853,0.02668564
2854,0.055260953
2855,0.057176284
2856,0.065941274
2857,0.32396835
2858,0.08228568
2859,0.27264285
2860,0.02867636
2861,0.042976853
2862,0.031489983
2863,0.03787657
2864,0.041437365
2865,0.074676424
2866,0.07250849
2867,0.49251842
2868,0.06205469
2869,0.07272679
2870,0.074064605
2871,0.047820665
2872,0.047926463
2873,0.03234122
2874,0.04088651
2875,0.029479789
2876,0.025748068
2877,0.020107925
2878,0.034532607
2879,0.035965428
2880,0.037984386
2881,0.06745482
2882,0.12135528
2883,0.11221018
2884,0.262512
2885,0.48026428
2886,0.07276367
2887,0.0689606
2888,0.08314693
2889,0.07505357
2890,0.08090003
2891,0.09752985
2892,0.048414696
2893,0.03761652
2894,0.07855053
2895,0.07948175
2896,0.057940375
2897,0.06966861
2898,0.07349192
2899,0.05527785
2900,0.076094866
2901,0.06283957
2902,0.03411666
2903,0.046817288
2904,0.048255607
2905,0.029505244
2906,0.053913683
2907,0.05391539
2908,0.026525147
2909,0.032474495
2910,0.034223802
2911,0.07163843
2912,0.07156867
2913,0.11263254
2914,0.14453854
2915,0.25984776
2916,0.1530935
2917,0.07878995
2918,0.078783266
2919,0.07236166
2920,0.07343869
2921,0.03891886
2922,0.07274188
2923,0.083346896
2924,0.06524639
2925,0.050286237
2926,0.059201684
2927,0.06242473
2928,0.035276618
2929,0.057218395
2930,0.03312743
2931,0.049735453
2932,0.035007775
2933,0.033912305
2934,0.046584126
2935,0.043975085
2936,0.060427953
2937,0.065589495
2938,0.13033977
2939,0.53284234
2940,0.11887459
2941,0.2516778
2942,0.07652438
2943,0.09579815
2944,0.07347332
2945,0.083357595
2946,0.069423005
2947,0.041362584
2948,0.039862316
2949,0.058931578
2950,0.25787532
2951,0.06290501
2952,0.075512625
2953,0.06393873
2954,0.07608949
2955,0.043697894
2956,0.05404885
2957,0.030709803
2958,0.035152335
2959,0.024483303
2960,0.031676535
2961,0.058833804
2962,0.060669266
2963,0.13428544
2964,0.49203858
2965,0.09404022
2966,0.0674489
2967,0.07821473
2968,0.095992774
2969,0.24395987
2970,0.07662112
2971,0.06953996
2972,0.048169002
2973,0.036976032
2974,0.07184379
2975,0.27218154
2976,0.08323969
2977,0.25563192
2978,0.08424134
2979,0.034049068
2980,0.030689145
2981,0.024773782
2982,0.029707965
2983,0.03939919
2984,0.039171066
2985,0.09462305
2986,0.12104165
2987,0.07683216
2988,0.27513492
2989,0.091933265
2990,0.09551953
2991,0.09090495
2992,0.1446136
2993,0.15795618
2994,0.25186256
2995,0.10586743
2996,0.058173116
2997,0.058916602
2998,0.04710643
2999,0.11089006
3000,0.70357424
3001,0.08270619
3002,0.073700495
3003,0.39313105
3004,0.2669924
3005,0.021325411
3006,0.027987769
3007,0.034162693
3008,0.033139776
3009,0.053973496
3010,0.10436208
3011,0.26780713
3012,0.10814678
3013,0.095917754
3014,0.23880273
3015,0.2415709
3016,0.143971
3017,0.15973344
3018,0.5320956
3019,0.09751511
3020,0.03798082
3021,0.05450893
3022,0.058842655
3023,0.054318413
3024,0.045775928
3025,0.09828448
3026,0.78056395
3027,0.0777353
3028,0.07537528
3029,0.44113806
3030,0.033969317
3031,0.03200469
3032,0.24865593
3033,0.03646109
3034,0.06543791
3035,0.041262165
3036,0.020869961
3037,0.0491112
3038,0.11757621
3039,0.08372128
3040,0.08340411
3041,0.15066724
3042,0.12405402
3043,0.12151182
3044,0.40969184
3045,0.09233466
3046,0.039270367
3047,0.27530497
3048,0.2814309
3049,0.097731054
3050,0.72673947
3051,0.78675616
3052,0.28764856
3053,0.080911465
3054,0.18686216
3055,0.08088062
3056,0.026462281
3057,0.052373815
3058,0.033228118
3059,0.025483623
3060,0.04936128
3061,0.03911451
3062,0.084543444
3063,0.107340634
3064,0.092191145
3065,0.10454593
3066,0.13022871
3067,0.13172214
3068,0.13627826
3069,0.27354974
3070,0.095601186
3071,0.039435994
3072,0.055734046
3073,0.12693772
3074,0.044467993
3075,0.10264048
3076,0.66146404
3077,0.8150832
3078,0.40346432
3079,0.085003294
3080,0.07993237
3081,0.052635718
3082,0.266345
3083,0.036322124
3084,0.025215581
3085,0.03312877
3086,0.05779026
3087,0.076036885
3088,0.06824243
3089,0.069895074
3090,0.26284543
3091,0.09483245
3092,0.12033726
3093,0.13144818
3094,0.11650698
3095,0.10213214
3096,0.06965908
3097,0.099603884
3098,0.27707025
3099,0.080405496
3100,0.11723523
3101,0.08796054
3102,0.08361188
3103,0.70974165
3104,0.8861737
3105,0.69786316
3106,0.054547247
3107,0.2467654
3108,0.060401566
3109,0.11085042
3110,0.1101458
3111,0.2604819
3112,0.051060304
3113,0.04134441
3114,0.031003533
3115,0.07337567
3116,0.054193478
3117,0.24970007
3118,0.07429724
3119,0.5159709
3120,0.2742785
3121,0.13185738
3122,0.13969913
3123,0.10409897
3124,0.10422675
3125,0.09561465
3126,0.08413037
3127,0.07052774
3128,0.115986556
3129,0.106499426
3130,0.08309132
3131,0.09883688
3132,0.67944545
3133,0.8593063
3134,0.6406913
3135,0.048874695
3136,0.051630672
3137,0.08086751
3138,0.06576962
3139,0.109723136
3140,0.11660486
3141,0.036303762
3142,0.067604244
3143,0.035862483
3144,0.07120067
3145,0.073886804
3146,0.54268485
3147,0.4830068
3148,0.13970011
3149,0.15384227
3150,0.11089683
3151,0.16729604
3152,0.115711555
3153,0.24161215
3154,0.06317255
3155,0.0648217
3156,0.08592746
3157,0.0757815
3158,0.102539115
3159,0.09489278
3160,0.25662044
3161,0.47157836
3162,0.26763588
3163,0.046361692
3164,0.07103071
3165,0.07718286
3166,0.0749861
3167,0.062916145
3168,0.11486033
3169,0.04675413
3170,0.04898891
3171,0.022370106
3172,0.045792576
3173,0.030987725
3174,0.076842315
3175,0.07362066
3176,0.26280564
3177,0.8651572
3178,0.282032
3179,0.2716231
3180,0.1064449
3181,0.1957639
3182,0.12268806
3183,0.43783557
3184,0.060217675
3185,0.06302728
3186,0.07543925
3187,0.07862355
3188,0.0949549
3189,0.08883358
3190,0.061381496
3191,0.17803949
3192,0.41955933
3193,0.275155
3194,0.9926989
3195,0.2522787
3196,0.0771452
3197,0.0634943
3198,0.1120801
3199,0.041645575
3200,0.052994557
3201,0.26437345
3202,0.031098932
3203,0.037846193
3204,0.05647285
3205,0.0838045
3206,0.24934849
3207,0.49608517
3208,0.2577749
3209,0.60410434
3210,0.28656632
3211,0.15924907
3212,0.16042136
3213,0.2857296
3214,0.076432906
3215,0.10373338
3216,0.096789025
3217,0.06553906
3218,0.063060515
3219,0.16118984
3220,0.2550553
3221,0.029193992
3222,0.4666283
3223,0.26611024
3224,0.04969618
3225,0.089140736
3226,0.073377356
3227,0.057186052
3228,0.04030391
3229,0.02517294
3230,0.064865224
3231,0.087696016
3232,0.13048393
3233,0.13007483
3234,0.2706852
3235,0.6462985
3236,0.54454046
3237,0.4856005
3238,0.54457706
3239,0.11939861
3240,0.047394246
3241,0.06723851
3242,0.063874446
3243,0.2698546
3244,0.09133811
3245,0.03671985
3246,0.07283352
3247,0.06531107
3248,0.08834156
3249,0.056805205
3250,0.06289434
3251,0.039807588
3252,0.04027015
3253,0.053701065
3254,0.028615024
3255,0.018384557
3256,0.10735934
3257,0.10635148
3258,0.11440676
3259,0.13914193
3260,0.27573976
3261,0.44319725
3262,0.82821053
3263,0.83702344
3264,0.265746
3265,0.0777208
3266,0.052816212
3267,0.065091945
3268,0.06709675
3269,0.0913448
3270,0.039888583
3271,0.039359447
3272,0.066224776
3273,0.5617242
3274,0.050793108
3275,0.06085168
3276,0.087829
3277,0.07244623
3278,0.06360517
3279,0.102842584
3280,0.089642316
3281,0.07981643
3282,0.056485552
3283,0.014364514
3284,0.025865419
3285,0.086730175
3286,0.10650478
3287,0.12593903
3288,0.49880108
3289,0.34680176
3290,0.16466302
3291,0.8481621
3292,0.43136925
3293,0.4441089
3294,0.073469914
3295,0.053540275
3296,0.06465783
3297,0.088358544
3298,0.039432213
3299,0.060560625
3300,0.050187264
3301,0.43401763
3302,0.046496097
3303,0.24350668
3304,0.08257637
3305,0.10324693
3306,0.0880842
3307,0.07525449
3308,0.10789505
3309,0.051531546
3310,0.06871779
3311,0.057114746
3312,0.033614296
3313,0.078676745
3314,0.5546999
3315,0.50719845
3316,0.48526084
3317,0.049502328
3318,0.4403686
3319,0.089851595
3320,0.08905673
3321,0.027593909
3322,0.028084602
3323,0.063413315
3324,0.050473418
3325,0.06257702
3326,0.08550815
3327,0.098539844
3328,0.041221477
3329,0.06400298
3330,0.061230324
3331,0.042603254
3332,0.23285413
3333,0.032635
3334,0.026100574
3335,0.030180162
3336,0.12527744
3337,0.12879637
3338,0.07297456
3339,0.12738873
3340,0.25759572
3341,0.092345454
3342,0.09717723
3343,0.021263463
3344,0.045179028
3345,0.05044731
3346,0.053688556
3347,0.06147642
3348,0.078755766
3349,0.09488137
3350,0.04826061
3351,0.044262845
3352,0.046146385
3353,0.04900953
3354,0.12046772
3355,0.044377543
3356,0.08252287
3357,0.30768827
3358,0.051363308
3359,0.07533538
3360,0.07471794
3361,0.07826072
3362,0.4423091
3363,0.4259981
3364,0.09960189
3365,0.027640816
3366,0.043645594
3367,0.05073429
3368,0.062179305
3369,0.07856538
3370,0.087566026
3371,0.047907818
3372,0.04804955
3373,0.050620817
3374,0.043714378
3375,0.042410072
3376,0.03354224
3377,0.07977101
3378,0.12929694
3379,0.35187456
3380,0.04960075
3381,0.044707727
3382,0.08164423
3383,0.04189912
3384,0.09680894
3385,0.26622087
3386,0.104236744
3387,0.024678143
3388,0.050295275
3389,0.050960343
3390,0.055629376
3391,0.048912324
3392,0.04829403
3393,0.09011929
3394,0.1063976
3395,0.040511396
3396,0.046491843
3397,0.24058852
3398,0.03730097
3399,0.046417866
3400,0.096686974
3401,0.058949906
3402,0.050188467
3403,0.040359724
3404,0.06869024
3405,0.06756076
3406,0.26694593
3407,0.049956508
3408,0.03610568
3409,0.048105367
3410,0.06645582
3411,0.06570459
3412,0.06981463
3413,0.04835809
3414,0.08159604
3415,0.064581886
3416,0.074502885
3417,0.041117296
3418,0.04100621
3419,0.06475155
3420,0.0635706
3421,0.09504169
3422,0.04468327
3423,0.042532817
3424,0.049620975
3425,0.095763646
3426,0.05356266
3427,0.04537964
3428,0.021742443
3429,0.28943357
3430,0.55537796
3431,0.27199182
3432,0.044268604
3433,0.04111384
3434,0.038563974
3435,0.032720137
3436,0.038658272
3437,0.06252949
3438,0.064360164
3439,0.6163708
3440,0.07254234
3441,0.06826041
3442,0.070019305
3443,0.02738606
3444,0.06711591
3445,0.46891105
3446,0.098774135
3447,0.095956795
3448,0.045277447
3449,0.06028342
3450,0.060041722
3451,0.023374734
3452,0.057564925
3453,0.061258953
3454,0.039337758
3455,0.023309208
3456,0.035237353
3457,0.030826364
3458,0.029048504
3459,0.06571666
3460,0.067207664
3461,0.06548645
3462,0.06442467
3463,0.067076415
3464,0.06896161
3465,0.036088277
3466,0.058754966
3467,0.46907598
3468,0.09763173
3469,0.046927974
3470,0.04553681
3471,0.04568805
3472,0.064142376
3473,0.059886023
3474,0.031805445
3475,0.27852038
3476,0.023998812
3477,0.025110774
3478,0.03691178
3479,0.035857115
3480,0.06026629
3481,0.077634804
3482,0.07434188
3483,0.06951535
3484,0.0665824
3485,0.06737088
3486,0.25563067
3487,0.0388166
3488,0.044995017
3489,0.039278552
3490,0.04380227
3491,0.030703763
3492,0.042840507
3493,0.024825515
3494,0.030331535
3495,0.01909161
3496,0.018376498
3497,0.017080648
3498,0.02774037
3499,0.08069367
3500,0.08476084
3501,0.08937594
3502,0.04592128
3503,0.046619862
3504,0.024195999
3505,0.021643275
3506,0.048486855
3507,0.090138495
3508,0.07026044
3509,0.02811537
3510,0.023536436
3511,0.03315735
3512,0.034112774
3513,0.03913147
3514,0.03175475
3515,0.033769228
3516,0.01909161
3517,0.016788358
3518,0.019584563
3519,0.027127903
3520,0.07454468
3521,0.078319006
3522,0.07899997
3523,0.058980886
3524,0.047412187
3525,0.077083856
3526,0.017006416
3527,0.021444032
3528,0.0492745
3529,0.03351751
3530,0.0215384
3531,0.028918117
3532,0.032185055
3533,0.014583976
3534,0.019035107
3535,0.043085303
3536,0.03355123
3537,0.043657076
3538,0.06956815
3539,0.07639683
3540,0.017542858
3541,0.03504591
3542,0.036986873
3543,0.038958345
3544,0.02262985
3545,0.018779118
3546,0.018950991
3547,0.032481313
3548,0.07921346
3549,0.07711128
3550,0.043080423
3551,0.05005676
3552,0.09998486
3553,0.034309205
3554,0.0493636
3555,0.024528218
3556,0.024972992
3557,0.03850697
3558,0.011823132
3559,0.018305825
3560,0.01269488
3561,0.034622293
3562,0.017241098
3563,0.030000597
3564,0.07713157
3565,0.06433078
3566,0.051825784
3567,0.04200192
3568,0.022648314
3569,0.020070268
3570,0.03833038
3571,0.02643224
3572,0.014234902
3573,0.021457037
3574,0.02102521
3575,0.020422548
3576,0.016224848
3577,0.027687432
3578,0.06188735
3579,0.08812232
3580,0.02122079
3581,0.029474976
3582,0.018157598
3583,0.014443618
3584,0.028411036
3585,0.023731751
3586,0.019000445
3587,0.01780274
3588,0.021230936
3589,0.027409222
3590,0.060529698
3591,0.045619532
3592,0.028511992
3593,0.077188574
3594,0.025710108
3595,0.0449869
3596,0.035761278
3597,0.027094526
3598,0.061939273
3599,0.057326514
3600,0.06250603
3601,0.040779512
3602,0.0802893
3603,0.071873456
3604,0.06277458
3605,0.06160493
3606,0.04841507
3607,0.059866752
3608,0.090393886
3609,0.44728985
3610,0.42866486
3611,0.060971472
3612,0.059314664
3613,0.25875425
3614,0.049654767
3615,0.28868863
3616,0.11520477
3617,0.25607514
3618,0.06274921
3619,0.059445675
3620,0.05550259
3621,0.031022703
3622,0.026803393
3623,0.2316994
3624,0.04941728
3625,0.4348652
3626,0.09931419
3627,0.061672606
3628,0.058182206
3629,0.02066169
3630,0.03312371
3631,0.02501523
3632,0.027720539
3633,0.056925602
3634,0.052004207
3635,0.05032339
3636,0.39600262
3637,0.42242628
3638,0.07718589
3639,0.060137346
3640,0.06234376
3641,0.23457968
3642,0.022455506
3643,0.029400753
3644,0.03367028
3645,0.051882494
3646,0.060433194
3647,0.45262033
3648,0.09885931
3649,0.480422
3650,0.49196762
3651,0.15247667
3652,0.4648143
3653,0.041634765
3654,0.04060458
3655,0.33697456
3656,0.058653645
3657,0.03250006
3658,0.038398795
3659,0.071007036
3660,0.11084467
3661,0.066725925
3662,0.10294355
3663,0.096892595
3664,0.07258961
3665,0.06054837
3666,0.27732018
3667,0.045494083
3668,0.03998237
3669,0.03960174
3670,0.05944778
3671,0.057497904
3672,0.032034673
3673,0.03073845
3674,0.08233692
3675,0.053299055
3676,0.07007613
3677,0.077327676
3678,0.092736475
3679,0.05528821
3680,0.26401713
3681,0.044015583
3682,0.035262395
3683,0.03124979
3684,0.06990193
3685,0.44807857
3686,0.040935963
3687,0.06343943
3688,0.057805132
3689,0.4882007
3690,0.043611597
3691,0.04630741
3692,0.0469458
3693,0.032551706
3694,0.038005248
3695,0.033152416
3696,0.031527165
3697,0.03287569
3698,0.061018948
3699,0.062317364
3700,0.046813138
3701,0.08834476
3702,0.0841755
3703,0.27293515
3704,0.27317956
3705,0.038485374
3706,0.03319994
3707,0.026932437
3708,0.0581275
3709,0.059699908
3710,0.06738402
3711,0.07351714
3712,0.025596958
3713,0.04751728
3714,0.0841755
3715,0.49569294
3716,0.042328034
3717,0.03743014
3718,0.07486247
3719,0.07763013
3720,0.03207429
3721,0.05463529
3722,0.083385706
3723,0.079428114
3724,0.04262608
3725,0.04223894
3726,0.0321306
3727,0.018925782
3728,0.023761202
3729,0.023776297
3730,0.05935327
3731,0.06563611
3732,0.31461218
3733,0.044673964
3734,0.08147356
3735,0.043275673
3736,0.034074705
3737,0.03624204
3738,0.041860476
3739,0.089161135
3740,0.046168864
3741,0.041502453
3742,0.07038447
3743,0.2710277
3744,0.06536884
3745,0.06277989
3746,0.091878794
3747,0.08014621
3748,0.048403207
3749,0.055134352
3750,0.07247041
3751,0.032768402
3752,0.042959094
3753,0.04749937
3754,0.02818355
3755,0.017408805
3756,0.021842517
3757,0.057511043
3758,0.058007732
3759,0.0997238
3760,0.089283064
3761,0.0767479
3762,0.044895276
3763,0.03437482
3764,0.032569315
3765,0.03801928
3766,0.03981595
3767,0.07089624
3768,0.0718213
3769,0.4942737
3770,0.06630219
3771,0.06802406
3772,0.084112324
3773,0.07417906
3774,0.051115196
3775,0.05251592
3776,0.030363914
3777,0.023910847
3778,0.052035335
3779,0.024122458
3780,0.025546024
3781,0.035472155
3782,0.033388264
3783,0.051244434
3784,0.07277799
3785,0.117221005
3786,0.11918669
3787,0.26148903
3788,0.42646188
3789,0.07323823
3790,0.07186471
3791,0.07272897
3792,0.07142632
3793,0.08412606
3794,0.041200213
3795,0.085097075
3796,0.07584098
3797,0.06285904
3798,0.059640743
3799,0.080031596
3800,0.054364495
3801,0.06012867
3802,0.0349491
3803,0.043974407
3804,0.033661693
3805,0.03248494
3806,0.059092004
3807,0.021158349
3808,0.034117002
3809,0.0379328
3810,0.07193569
3811,0.07544293
3812,0.104456544
3813,0.1443033
3814,0.27791637
3815,0.14800689
3816,0.08569813
3817,0.07590562
3818,0.07569023
3819,0.067887135
3820,0.03909002
3821,0.070708394
3822,0.07553646
3823,0.061794855
3824,0.053565893
3825,0.06257339
3826,0.056428507
3827,0.063744485
3828,0.059272584
3829,0.03078243
3830,0.05125277
3831,0.034709286
3832,0.051823147
3833,0.022242978
3834,0.038273692
3835,0.03683138
3836,0.058587886
3837,0.062087424
3838,0.13440102
3839,0.5397063
3840,0.10732724
3841,0.11461717
3842,0.074241854
3843,0.09521241
3844,0.07661275
3845,0.09972473
3846,0.082846776
3847,0.039700057
3848,0.03629485
3849,0.05829128
3850,0.2443169
3851,0.054169733
3852,0.07753968
3853,0.05761909
3854,0.07612895
3855,0.050194357
3856,0.04587078
3857,0.03634641
3858,0.028998287
3859,0.03706049
3860,0.02837824
3861,0.06252996
3862,0.06973836
3863,0.13153578
3864,0.640047
3865,0.10677782
3866,0.06803417
3867,0.21409862
3868,0.09273853
3869,0.073969826
3870,0.12483733
3871,0.07470238
3872,0.030985756
3873,0.039531276
3874,0.08347032
3875,0.07282057
3876,0.07157172
3877,0.077766925
3878,0.2710999
3879,0.083633885
3880,0.035131495
3881,0.030250072
3882,0.025632711
3883,0.041185874
3884,0.039781053
3885,0.10989009
3886,0.08120825
3887,0.083342746
3888,0.11088715
3889,0.10427435
3890,0.09476341
3891,0.09753381
3892,0.15113182
3893,0.15819542
3894,0.2694457
3895,0.10873788
3896,0.051300768
3897,0.09203737
3898,0.6220006
3899,0.07833835
3900,0.07752257
3901,0.26898816
3902,0.2634991
3903,0.03203055
3904,0.029435169
3905,0.022972567
3906,0.03626074
3907,0.062487435
3908,0.12860979
3909,0.258903
3910,0.08241139
3911,0.08809523
3912,0.26229835
3913,0.09649158
3914,0.13981849
3915,0.1639104
3916,0.52309054
3917,0.10048977
3918,0.05840328
3919,0.057692096
3920,0.047330774
3921,0.057292826
3922,0.28189215
3923,0.78071195
3924,0.082235046
3925,0.08016063
3926,0.40115356
3927,0.12264634
3928,0.027394084
3929,0.2611866
3930,0.040068947
3931,0.060788814
3932,0.069344416
3933,0.05830938
3934,0.042068794
3935,0.113289006
3936,0.26085544
3937,0.08516023
3938,0.08499904
3939,0.1371727
3940,0.124195285
3941,0.25194573
3942,0.41310522
3943,0.096439175
3944,0.040522624
3945,0.26882756
3946,0.13182908
3947,0.11115446
3948,0.7423084
3949,0.7834448
3950,0.29395667
3951,0.0764643
3952,0.08592841
3953,0.08088371
3954,0.04097552
3955,0.059138454
3956,0.029639341
3957,0.06147746
3958,0.034197602
3959,0.06967894
3960,0.10771226
3961,0.10292938
3962,0.095791064
3963,0.103693865
3964,0.13445823
3965,0.14010586
3966,0.14236084
3967,0.26141152
3968,0.2709281
3969,0.039255254
3970,0.05589149
3971,0.27506274
3972,0.04202197
3973,0.092770465
3974,0.66591823
3975,0.7742676
3976,0.43310678
3977,0.07198162
3978,0.058957852
3979,0.26428404
3980,0.037371013
3981,0.029719777
3982,0.03928791
3983,0.07658438
3984,0.054717064
3985,0.06420436
3986,0.07045695
3987,0.26525643
3988,0.09050973
3989,0.13617069
3990,0.1303314
3991,0.103140235
3992,0.10863917
3993,0.08172854
3994,0.10053129
3995,0.27308393
3996,0.08372784
3997,0.114901334
3998,0.08160132
3999,0.08861133
4000,0.7029453
4001,0.8715622
4002,0.7388153
4003,0.052288692
4004,0.2494413
4005,0.0759715
4006,0.110706
4007,0.11335504
4008,0.2665093
4009,0.04765741
4010,0.042185932
4011,0.030011395
4012,0.07712033
4013,0.07477494
4014,0.24290644
4015,0.073416844
4016,0.5499483
4017,0.27323133
4018,0.12633592
4019,0.12749511
4020,0.111896984
4021,0.10701002
4022,0.09629922
4023,0.09466459
4024,0.07570304
4025,0.065038964
4026,0.114218906
4027,0.26076385
4028,0.087674454
4029,0.09580208
4030,0.02955898
4031,0.61447024
4032,0.91252077
4033,0.74014413
4034,0.0499849
4035,0.04978794
4036,0.07889009
4037,0.06845524
4038,0.109644674
4039,0.115143895
4040,0.026601592
4041,0.04944694
4042,0.042342436
4043,0.07456107
4044,0.06968136
4045,0.5250516
4046,0.47486663
4047,0.13298324
4048,0.15715237
4049,0.107259266
4050,0.26678437
4051,0.11215804
4052,0.24675326
4053,0.062118273
4054,0.06462062
4055,0.07556074
4056,0.08131285
4057,0.091050126
4058,0.097664565
4059,0.6603667
4060,0.39193898
4061,0.16285062
4062,0.050066363
4063,0.067892864
4064,0.07659862
4065,0.061162405
4066,0.11343355
4067,0.04822626
4068,0.047505848
4069,0.017394751
4070,0.032942753
4071,0.04741295
4072,0.07395696
4073,0.26494482
4074,0.83951604
4075,0.28278038
4076,0.25661516
4077,0.11477117
4078,0.17071742
4079,0.2528527
4080,0.43910128
4081,0.061431274
4082,0.07393527
4083,0.07714061
4084,0.07556309
4085,0.091038905
4086,0.09272438
4087,0.058921993
4088,0.2627771
4089,0.26300302
4090,0.15947467
4091,0.97099143
4092,0.081647746
4093,0.084476136
4094,0.070337586
4095,0.10869464
4096,0.04669694
4097,0.045794617
4098,0.049366184
4099,0.0485026
4100,0.03841207
4101,0.069658816
4102,0.08585637
4103,0.10911025
4104,0.48179382
4105,0.263985
4106,0.62937844
4107,0.47029498
4108,0.16332804
4109,0.15633309
4110,0.5747894
4111,0.080872804
4112,0.10078926
4113,0.08884217
4114,0.066142745
4115,0.0651527
4116,0.2683232
4117,0.25050393
4118,0.033941843
4119,0.4562299
4120,0.25577432
4121,0.045879237
4122,0.08776261
4123,0.077732645
4124,0.057809804
4125,0.03988899
4126,0.03465142
4127,0.031748187
4128,0.026389008
4129,0.072211206
4130,0.08744658
4131,0.14342241
4132,0.13013162
4133,0.6786069
4134,0.5685627
4135,0.5126995
4136,0.29675716
4137,0.64085275
4138,0.12549566
4139,0.052488416
4140,0.058110755
4141,0.06238196
4142,0.15750152
4143,0.09193292
4144,0.042952064
4145,0.068731956
4146,0.06542535
4147,0.049713995
4148,0.043706927
4149,0.08577795
4150,0.060660213
4151,0.03926173
4152,0.042296022
4153,0.024244884
4154,0.019003646
4155,0.09079193
4156,0.10911025
4157,0.12615435
4158,0.12754567
4159,0.15635516
4160,0.44790494
4161,0.76093656
4162,0.8437797
4163,0.4622299
4164,0.09280914
4165,0.05175364
4166,0.058221374
4167,0.06007833
4168,0.06617134
4169,0.089494586
4170,0.037406232
4171,0.06758703
4172,0.53569686
4173,0.04741468
4174,0.059933737
4175,0.088562846
4176,0.073231965
4177,0.05889018
4178,0.0981836
4179,0.089043505
4180,0.019553907
4181,0.09244386
4182,0.11494141
4183,0.13583782
4184,0.5127961
4185,0.44776186
4186,0.15656687
4187,0.77754307
4188,0.3949992
4189,0.43700048
4190,0.07358764
4191,0.05352673
4192,0.06681801
4193,0.06113282
4194,0.09070074
4195,0.040887788
4196,0.061140332
4197,0.04450105
4198,0.5405176
4199,0.05810328
4200,0.39405122
4201,0.074655786
4202,0.11229263
4203,0.114130326
4204,0.18022658
4205,0.08078059
4206,0.051269967
4207,0.06780816
4208,0.027477685
4209,0.0260928
4210,0.0811186
4211,0.58278024
4212,0.4804166
4213,0.47313327
4214,0.048364278
4215,0.44493753
4216,0.0939252
4217,0.092407405
4218,0.026233012
4219,0.021014187
4220,0.059108
4221,0.066712
4222,0.0603218
4223,0.085230954
4224,0.087598
4225,0.04549426
4226,0.058228426
4227,0.051960927
4228,0.044629287
4229,0.25233686
4230,0.027838353
4231,0.028020881
4232,0.028545238
4233,0.12449852
4234,0.113567375
4235,0.08653593
4236,0.12526914
4237,0.2768275
4238,0.09520376
4239,0.10129123
4240,0.022783678
4241,0.04051464
4242,0.05094903
4243,0.05152438
4244,0.06252095
4245,0.07732258
4246,0.08580178
4247,0.047880225
4248,0.0433951
4249,0.047356915
4250,0.055399608
4251,0.12318844
4252,0.038750388
4253,0.076620765
4254,0.114599824
4255,0.048261143
4256,0.071348265
4257,0.044884495
4258,0.08182895
4259,0.07997282
4260,0.36360607
4261,0.4903319
4262,0.11161883
4263,0.020488456
4264,0.050665826
4265,0.05032178
4266,0.051486425
4267,0.052855153
4268,0.049033966
4269,0.08321682
4270,0.095279984
4271,0.04437347
4272,0.033945333
4273,0.048030943
4274,0.043063354
4275,0.047795217
4276,0.079025134
4277,0.11598512
4278,0.2793572
4279,0.0479696
4280,0.058841396
4281,0.086243175
4282,0.04216599
4283,0.09975019
4284,0.26031357
4285,0.10150193
4286,0.016366318
4287,0.049219925
4288,0.061173074
4289,0.048568748
4290,0.05529909
4291,0.08311946
4292,0.09621419
4293,0.048207454
4294,0.03740242
4295,0.047688182
4296,0.26036572
4297,0.049150273
4298,0.09817254
4299,0.056950856
4300,0.035561293
4301,0.03861823
4302,0.06826946
4303,0.06917501
4304,0.26815382
4305,0.043802246
4306,0.029552108
4307,0.04812924
4308,0.06470463
4309,0.068488315
4310,0.24657576
4311,0.042759128
4312,0.2537252
4313,0.07110023
4314,0.06591607
4315,0.045252617
4316,0.057857465
4317,0.0685505
4318,0.27584216
4319,0.044087786
4320,0.04437587
4321,0.047279444
4322,0.08572297
4323,0.05897929
4324,0.029155381
4325,0.2827413
4326,0.27279475
4327,0.089621626
4328,0.04308322
4329,0.040083904
4330,0.03711739
4331,0.03102518
4332,0.03743069
4333,0.06972247
4334,0.07102274
4335,0.6603919
4336,0.07074584
4337,0.060265463
4338,0.061760753
4339,0.02982822
4340,0.06918531
4341,0.49368396
4342,0.09089216
4343,0.09957494
4344,0.04217726
4345,0.046929847
4346,0.08514289
4347,0.07241996
4348,0.057735175
4349,0.02260941
4350,0.062031694
4351,0.044426523
4352,0.029971056
4353,0.03771153
4354,0.043567248
4355,0.02622503
4356,0.06389878
4357,0.06977615
4358,0.059976477
4359,0.065771855
4360,0.06586341
4361,0.032529946
4362,0.062467616
4363,0.51758415
4364,0.09420827
4365,0.04388477
4366,0.04763596
4367,0.0426562
4368,0.081993714
4369,0.058832172
4370,0.02283876
4371,0.5587536
4372,0.029205475
4373,0.020753834
4374,0.03031517
4375,0.06615491
4376,0.081294075
4377,0.06572945
4378,0.06596355
4379,0.064521715
4380,0.026401898
4381,0.03265351
4382,0.058670696
4383,0.40717828
4384,0.047876112
4385,0.045149498
4386,0.049861465
4387,0.04070164
4388,0.029164271
4389,0.019632315
4390,0.02557431
4391,0.04456242
4392,0.028478872
4393,0.014201199
4394,0.014417652
4395,0.018278506
4396,0.028814316
4397,0.074389115
4398,0.0812923
4399,0.09007773
4400,0.044048402
4401,0.13150537
4402,0.029471116
4403,0.025125673
4404,0.046694644
4405,0.0683912
4406,0.07520497
4407,0.026647078
4408,0.023947468
4409,0.03160806
4410,0.020750206
4411,0.03438624
4412,0.033333793
4413,0.026875783
4414,0.023232015
4415,0.015727062
4416,0.017694898
4417,0.031182557
4418,0.07753343
4419,0.08843867
4420,0.0831179
4421,0.05078645
4422,0.07142823
4423,0.027218014
4424,0.021604821
4425,0.021773346
4426,0.043832302
4427,0.034032393
4428,0.026876576
4429,0.016062727
4430,0.032340996
4431,0.06959583
4432,0.05394458
4433,0.05393851
4434,0.06635483
4435,0.05409026
4436,0.019920925
4437,0.017568395
4438,0.034434974
4439,0.03878239
4440,0.045649596
4441,0.035553828
4442,0.029076762
4443,0.018730856
4444,0.03240319
4445,0.07318862
4446,0.04676019
4447,0.04860462
4448,0.08817732
4449,0.034553647
4450,0.05337843
4451,0.017948348
4452,0.033171363
4453,0.020771412
4454,0.017702281
4455,0.019638984
4456,0.0337599
4457,0.021049637
4458,0.037454605
4459,0.031841785
4460,0.06400284
4461,0.0489292
4462,0.03518872
4463,0.024785105
4464,0.018357174
4465,0.048341155
4466,0.027372329
4467,0.015972435
4468,0.019139431
4469,0.035941545
4470,0.062132284
4471,0.05044652
4472,0.07285149
4473,0.028944485
4474,0.027946247
4475,0.016460884
4476,0.020454584
4477,0.024673942
4478,0.016269177
4479,0.019079503
4480,0.021427752
4481,0.036636215
4482,0.042155594
4483,0.028011352
4484,0.036746427
4485,0.060922187
4486,0.06298802
4487,0.05563104
4488,0.03160534
4489,0.050288867
4490,0.015273746
4491,0.04193907
4492,0.031014968
4493,0.034754656
4494,0.051705718
4495,0.038820796
4496,0.058456562
4497,0.08309314
4498,0.05712632
4499,0.06860182
4500,0.024403643
4501,0.06399561
4502,0.061596114
4503,0.053867433
4504,0.05186598
4505,0.08788088
4506,0.09421884
4507,0.25696433
4508,0.46944115
4509,0.060096227
4510,0.053631805
4511,0.28903213
4512,0.06794022
4513,0.05629553
4514,0.08733688
4515,0.75325686
4516,0.056303963
4517,0.0676546
4518,0.06075657
4519,0.032936934
4520,0.26676494
4521,0.09004404
4522,0.49499804
4523,0.119312994
4524,0.060729675
4525,0.056325648
4526,0.02295519
4527,0.018691324
4528,0.026705882
4529,0.038070407
4530,0.060162947
4531,0.24453247
4532,0.061848298
4533,0.4075758
4534,0.42393482
4535,0.06283938
4536,0.057776127
4537,0.0652728
4538,0.056478206
4539,0.02693605
4540,0.024177799
4541,0.058643475
4542,0.054537863
4543,0.50264233
4544,0.27786437
4545,0.09287484
4546,0.46005648
4547,0.26145864
4548,0.48957938
4549,0.035322785
4550,0.24155557
4551,0.05317668
4552,0.04637492
4553,0.04300811
4554,0.073048905
4555,0.08848964
4556,0.27554372
4557,0.084029734
4558,0.09691775
4559,0.06396895
4560,0.0637662
4561,0.10971062
4562,0.041014917
4563,0.03620655
4564,0.05951651
4565,0.05758667
4566,0.03725831
4567,0.03353879
4568,0.05116087
4569,0.044835478
4570,0.07604144
4571,0.076496236
4572,0.2589672
4573,0.045385458
4574,0.27229714
4575,0.09264603
4576,0.044008687
4577,0.03844092
4578,0.04018498
4579,0.4236927
4580,0.05622275
4581,0.05221682
4582,0.06476047
4583,0.07642552
4584,0.5014088
4585,0.046184465
4586,0.045725446
4587,0.039640456
4588,0.03943593
4589,0.032356147
4590,0.060113348
4591,0.06173248
4592,0.055284593
4593,0.08830623
4594,0.09704064
4595,0.27411237
4596,0.5028392
4597,0.04091567
4598,0.038481973
4599,0.04366247
4600,0.07727368
4601,0.07728634
4602,0.054985683
4603,0.059042674
4604,0.06612062
4605,0.07332529
4606,0.035012443
4607,0.037777897
4608,0.09452463
4609,0.08316603
4610,0.5013408
4611,0.038423408
4612,0.04151498
4613,0.038286787
4614,0.07734786
4615,0.077765346
4616,0.03049576
4617,0.035716027
4618,0.057166528
4619,0.059237573
4620,0.2630887
4621,0.084145345
4622,0.051244356
4623,0.04294131
4624,0.03847583
4625,0.02196839
4626,0.023349479
4627,0.01891001
4628,0.06509396
4629,0.0698952
4630,0.31446806
4631,0.054656193
4632,0.07863382
4633,0.03876414
4634,0.04621933
4635,0.038379107
4636,0.036277216
4637,0.08306084
4638,0.043625306
4639,0.04492427
4640,0.07278046
4641,0.25618628
4642,0.060127117
4643,0.06215929
4644,0.090353146
4645,0.076808386
4646,0.048673414
4647,0.048959404
4648,0.07335717
4649,0.042993687
4650,0.04788339
4651,0.054658126
4652,0.048736896
4653,0.016213972
4654,0.024899378
4655,0.014307905
4656,0.05815186
4657,0.061760645
4658,0.27661058
4659,0.07944878
4660,0.25668588
4661,0.0492485
4662,0.04452359
4663,0.029016627
4664,0.03543895
4665,0.04709073
4666,0.07663831
4667,0.06838511
4668,0.5224523
4669,0.24989563
4670,0.05837803
4671,0.08177729
4672,0.056491606
4673,0.048962142
4674,0.028499296
4675,0.028097102
4676,0.043628532
4677,0.03947134
4678,0.027432965
4679,0.026181538
4680,0.031238403
4681,0.03640228
4682,0.042186566
4683,0.06722628
4684,0.10422009
4685,0.10320114
4686,0.2648578
4687,0.50478494
4688,0.07206316
4689,0.07052006
4690,0.074854724
4691,0.07617202
4692,0.080114335
4693,0.040675662
4694,0.07207644
4695,0.07463214
4696,0.06259575
4697,0.06001675
4698,0.08231676
4699,0.058703624
4700,0.05619063
4701,0.033606637
4702,0.054890163
4703,0.045113023
4704,0.032724928
4705,0.052997403
4706,0.052495614
4707,0.03656981
4708,0.050395574
4709,0.037571777
4710,0.06626118
4711,0.07022468
4712,0.10684007
4713,0.1523047
4714,0.25707504
4715,0.15151314
4716,0.0694454
4717,0.08059742
4718,0.07344738
4719,0.075311705
4720,0.0714714
4721,0.044142153
4722,0.0765323
4723,0.06794636
4724,0.061056945
4725,0.060239483
4726,0.05927407
4727,0.058766484
4728,0.064979754
4729,0.062468495
4730,0.027568804
4731,0.04809932
4732,0.043848112
4733,0.025247516
4734,0.051995974
4735,0.035187542
4736,0.049352355
4737,0.05008384
4738,0.06665682
4739,0.07657136
4740,0.14416194
4741,0.508019
4742,0.10501348
4743,0.115283474
4744,0.0770939
4745,0.092846215
4746,0.07251616
4747,0.08105416
4748,0.0714714
4749,0.039004564
4750,0.07919213
4751,0.257033
4752,0.057389077
4753,0.08021086
4754,0.05664042
4755,0.09236106
4756,0.051314805
4757,0.042977635
4758,0.03692416
4759,0.03484469
4760,0.02851981
4761,0.03284176
4762,0.03650918
4763,0.060343727
4764,0.07607017
4765,0.13224734
4766,0.5098276
4767,0.10893384
4768,0.22417156
4769,0.085577674
4770,0.24905811
4771,0.07928404
4772,0.07082858
4773,0.04503232
4774,0.07265257
4775,0.061357968
4776,0.26417163
4777,0.082520746
4778,0.08804115
4779,0.08418571
4780,0.037049845
4781,0.04874713
4782,0.041205782
4783,0.037731808
4784,0.12799554
4785,0.08469925
4786,0.11224186
4787,0.086502194
4788,0.092484914
4789,0.09566561
4790,0.101374395
4791,0.13560261
4792,0.16060297
4793,0.245884
4794,0.107579015
4795,0.056365266
4796,0.06403638
4797,0.058834415
4798,0.09286004
4799,0.62760186
4800,0.08084787
4801,0.08084355
4802,0.38474303
4803,0.2769978
4804,0.029013453
4805,0.033678107
4806,0.03036972
4807,0.057623032
4808,0.10461588
4809,0.24415088
4810,0.094523944
4811,0.10663129
4812,0.26879984
4813,0.1049439
4814,0.13707468
4815,0.16631594
4816,0.27271205
4817,0.09822646
4818,0.06527759
4819,0.057223234
4820,0.054766636
4821,0.27491388
4822,0.81159383
4823,0.08031087
4824,0.08121311
4825,0.3646065
4826,0.032897606
4827,0.030602215
4828,0.2547991
4829,0.026919546
4830,0.034965467
4831,0.051554065
4832,0.05549151
4833,0.045569453
4834,0.031215942
4835,0.2629092
4836,0.08828867
4837,0.08472266
4838,0.15228565
4839,0.12579386
4840,0.13587978
4841,0.43613723
4842,0.26567864
4843,0.13149083
4844,0.2654766
4845,0.09401857
4846,0.72449094
4847,0.7832063
4848,0.30276048
4849,0.07899659
4850,0.070953295
4851,0.081126794
4852,0.05723458
4853,0.035945624
4854,0.025093418
4855,0.034957506
4856,0.064058356
4857,0.083348885
4858,0.11176129
4859,0.08412214
4860,0.105714746
4861,0.13756523
4862,0.124100186
4863,0.12754734
4864,0.2645774
4865,0.09709365
4866,0.038894683
4867,0.05698804
4868,0.13384494
4869,0.045685604
4870,0.10813117
4871,0.7371145
4872,0.8248604
4873,0.4059877
4874,0.072489396
4875,0.076947235
4876,0.06760617
4877,0.26453802
4878,0.034400493
4879,0.024469784
4880,0.021262093
4881,0.05994778
4882,0.05493396
4883,0.06823893
4884,0.04854042
4885,0.2302693
4886,0.092790745
4887,0.12260211
4888,0.1337465
4889,0.119162746
4890,0.09784686
4891,0.08242007
4892,0.084328555
4893,0.26467118
4894,0.078553125
4895,0.1158461
4896,0.08794063
4897,0.09034158
4898,0.71163183
4899,0.8817485
4900,0.61385036
4901,0.051286243
4902,0.08294085
4903,0.07729384
4904,0.06475522
4905,0.11931651
4906,0.10673672
4907,0.26665226
4908,0.050666593
4909,0.038438242
4910,0.040038344
4911,0.07666216
4912,0.076469295
4913,0.07098074
4914,0.07114928
4915,0.55467844
4916,0.2732288
4917,0.13335675
4918,0.13376287
4919,0.10149014
4920,0.11169154
4921,0.092444316
4922,0.100675404
4923,0.070325345
4924,0.11550972
4925,0.11612628
4926,0.086992264
4927,0.09062393
4928,0.031395257
4929,0.6430916
4930,0.8741686
4931,0.749177
4932,0.04492813
4933,0.054635435
4934,0.25620127
4935,0.12200864
4936,0.112603344
4937,0.030832304
4938,0.06883864
4939,0.03436069
4940,0.06976518
4941,0.07337556
4942,0.44186154
4943,0.5461829
4944,0.1291265
4945,0.13852726
4946,0.112607695
4947,0.18851258
4948,0.116177015
4949,0.24696547
4950,0.23335567
4951,0.065342434
4952,0.079857364
4953,0.07521197
4954,0.102599226
4955,0.09947051
4956,0.059642646
4957,0.66635853
4958,0.48466715
4959,0.26050708
4960,0.052713513
4961,0.076253116
4962,0.077854276
4963,0.075635985
4964,0.07998416
4965,0.11498553
4966,0.045165528
4967,0.04925031
4968,0.026389778
4969,0.07513479
4970,0.044793803
4971,0.08452352
4972,0.06908754
4973,0.48808306
4974,0.7487243
4975,0.28818882
4976,0.28762558
4977,0.12665859
4978,0.1913276
4979,0.12024573
4980,0.44233128
4981,0.065996416
4982,0.060895864
4983,0.07631147
4984,0.0877535
4985,0.0918329
4986,0.26915562
4987,0.05811513
4988,0.19152413
4989,0.2606316
4990,0.15864217
4991,0.9752898
4992,0.07650204
4993,0.062148143
4994,0.0649972
4995,0.12531972
4996,0.04500725
4997,0.049408343
4998,0.04481006
4999,0.040911593
5000,0.023914902
5001,0.06789793
5002,0.089258924
5003,0.10343355
5004,0.49374485
5005,0.26206172
5006,0.6914978
5007,0.27384555
5008,0.16186363
5009,0.154556
5010,0.2692799
5011,0.09697808
5012,0.09822341
5013,0.066889316
5014,0.06605428
5015,0.26141888
5016,0.25341976
5017,0.03555563
5018,0.49011502
5019,0.25671196
5020,0.044086143
5021,0.09169638
5022,0.07792834
5023,0.054205626
5024,0.030842995
5025,0.027262954
5026,0.025594195
5027,0.06487471
5028,0.08941363
5029,0.12895039
5030,0.12945537
5031,0.23971546
5032,0.6520278
5033,0.5327221
5034,0.29183963
5035,0.5619119
5036,0.12343004
5037,0.10782867
5038,0.05098647
5039,0.06004238
5040,0.24096762
5041,0.16017383
5042,0.0902436
5043,0.0393222
5044,0.07396047
5045,0.064206146
5046,0.055841144
5047,0.04598992
5048,0.091647066
5049,0.06294306
5050,0.04506388
5051,0.045058526
5052,0.03142191
5053,0.018375851
5054,0.10087822
5055,0.1064478
5056,0.15342543
5057,0.2469451
5058,0.15555143
5059,0.44389495
5060,0.8551364
5061,0.84910274
5062,0.46028778
5063,0.08244627
5064,0.053491324
5065,0.049864016
5066,0.061275717
5067,0.063282676
5068,0.08613169
5069,0.0383272
5070,0.06789847
5071,0.53626627
5072,0.052414097
5073,0.05807245
5074,0.089622594
5075,0.07314886
5076,0.06074726
5077,0.09126845
5078,0.08423732
5079,0.07995115
5080,0.017817836
5081,0.015520433
5082,0.08534382
5083,0.10578816
5084,0.12756927
5085,0.56649137
5086,0.42102313
5087,0.17514318
5088,0.7586852
5089,0.41270822
5090,0.4668287
5091,0.08848756
5092,0.065477654
5093,0.062700234
5094,0.09164338
5095,0.041483883
5096,0.05197672
5097,0.44393536
5098,0.27473804
5099,0.23880273
5100,0.07499441
5101,0.07623985
5102,0.09583842
5103,0.08638788
5104,0.079148896
5105,0.07236355
5106,0.066288054
5107,0.025142718
5108,0.030082958
5109,0.1017818
5110,0.6640306
5111,0.48704025
5112,0.46894395
5113,0.23454858
5114,0.2394464
5115,0.09653145
5116,0.092510864
5117,0.024509622
5118,0.024531169
5119,0.06173609
5120,0.060442373
5121,0.074211724
5122,0.091127545
5123,0.097670645
5124,0.04733271
5125,0.06734609
5126,0.07395809
5127,0.042982332
5128,0.34952745
5129,0.032877974
5130,0.03035956
5131,0.028265344
5132,0.12377033
5133,0.11368508
5134,0.074007414
5135,0.24978644
5136,0.12534699
5137,0.0914035
5138,0.1005917
5139,0.021024164
5140,0.06408168
5141,0.05082669
5142,0.049581915
5143,0.05778142
5144,0.08000616
5145,0.07624243
5146,0.048117843
5147,0.044848826
5148,0.24966702
5149,0.044087503
5150,0.04091375
5151,0.12082236
5152,0.042419475
5153,0.08097363
5154,0.11281463
5155,0.051708084
5156,0.0752618
5157,0.042829525
5158,0.07836298
5159,0.08656595
5160,0.099902704
5161,0.44432166
5162,0.08906057
5163,0.049224228
5164,0.062371023
5165,0.0810356
5166,0.087749064
5167,0.040318407
5168,0.049443964
5169,0.04653821
5170,0.034833066
5171,0.042137027
5172,0.029670404
5173,0.08494771
5174,0.116768576
5175,0.4082946
5176,0.083763786
5177,0.051074583
5178,0.08231619
5179,0.040115863
5180,0.098277904
5181,0.4250704
5182,0.08565797
5183,0.066753455
5184,0.053290613
5185,0.06199747
5186,0.047382385
5187,0.051993243
5188,0.08041567
5189,0.088390544
5190,0.046728432
5191,0.046455838
5192,0.05385641
5193,0.029718777
5194,0.049023196
5195,0.1143727
5196,0.054695193
5197,0.044765845
5198,0.039547574
5199,0.065064505
5200,0.063856475
5201,0.26951182
5202,0.041571114
5203,0.031056859
5204,0.052187197
5205,0.059836734
5206,0.07025025
5207,0.2431678
5208,0.048117843
5209,0.07405869
5210,0.062274795
5211,0.059295464
5212,0.043040205
5213,0.06558562
5214,0.06522758
5215,0.102025494
5216,0.03616642
5217,0.043239933
5218,0.03757786
5219,0.04910533
5220,0.083038315
5221,0.057600074
5222,0.03945925
5223,0.021298982
5224,0.28990167
5225,0.5178952
5226,0.09315567
5227,0.043533135
5228,0.0244233
5229,0.035302494
5230,0.03817043
5231,0.03405766
5232,0.03643083
5233,0.06518346
5234,0.061083574
5235,0.6493746
5236,0.067216665
5237,0.08746462
5238,0.07730546
5239,0.0700347
5240,0.06599759
5241,0.05002117
5242,0.03094608
5243,0.0701457
5244,0.50361913
5245,0.099218674
5246,0.098914005
5247,0.045220796
5248,0.047559097
5249,0.05959836
5250,0.061420564
5251,0.03354463
5252,0.06479609
5253,0.042520367
5254,0.026366696
5255,0.022495482
5256,0.03779591
5257,0.039053824
5258,0.029080333
5259,0.058531985
5260,0.06911731
5261,0.08307727
5262,0.06291035
5263,0.06679249
5264,0.06858933
5265,0.031048447
5266,0.06833376
5267,0.4067762
5268,0.09012079
5269,0.042069074
5270,0.06412073
5271,0.061201893
5272,0.026713297
5273,0.57870793
5274,0.03030402
5275,0.024805395
5276,0.057633754
5277,0.07764781
5278,0.07067064
5279,0.064802535
5280,0.069543526
5281,0.029165568
5282,0.06496752
5283,0.39173764
5284,0.04426874
5285,0.052303374
5286,0.040855654
5287,0.06681564
5288,0.023212736
5289,0.016393833
5290,0.029411752
5291,0.049778767
5292,0.026803296
5293,0.02187078
5294,0.019045262
5295,0.04335411
5296,0.070822395
5297,0.086682275
5298,0.08386149
5299,0.04910792
5300,0.04520694
5301,0.028323429
5302,0.022528663
5303,0.054123025
5304,0.26076937
5305,0.08603872
5306,0.07707536
5307,0.025106477
5308,0.020470347
5309,0.024640687
5310,0.033118237
5311,0.05447507
5312,0.016413804
5313,0.034077536
5314,0.018811276
5315,0.015257347
5316,0.017129669
5317,0.032764453
5318,0.07730179
5319,0.08250484
5320,0.08704118
5321,0.042789582
5322,0.04885977
5323,0.030503899
5324,0.05986732
5325,0.08657904
5326,0.06684327
5327,0.024537222
5328,0.024429742
5329,0.017320015
5330,0.02217685
5331,0.03761663
5332,0.054326482
5333,0.039255936
5334,0.03506208
5335,0.016335096
5336,0.041840214
5337,0.0504055
5338,0.025961487
5339,0.04440273
5340,0.086809896
5341,0.07612902
5342,0.014934004
5343,0.03891748
5344,0.034349147
5345,0.045533486
5346,0.02075527
5347,0.02924637
5348,0.07493437
5349,0.039427105
5350,0.048096552
5351,0.09082273
5352,0.03338321
5353,0.062235255
5354,0.025253506
5355,0.033466402
5356,0.03597165
5357,0.016235024
5358,0.017169464
5359,0.032555968
5360,0.019641142
5361,0.03505715
5362,0.06283213
5363,0.06575243
5364,0.042761564
5365,0.031540047
5366,0.031548865
5367,0.0261259
5368,0.033948466
5369,0.019733937
5370,0.023320101
5371,0.01876556
5372,0.016754907
5373,0.020978844
5374,0.029367564
5375,0.063250735
5376,0.052137572
5377,0.02143728
5378,0.036891043
5379,0.095262185
5380,0.012875038
5381,0.012553511
5382,0.02031636
5383,0.019718029
5384,0.02885198
5385,0.027784407
5386,0.019738408
5387,0.018152008
5388,0.037155915
5389,0.032037515
5390,0.030921362
5391,0.056998502
5392,0.057818834
5393,0.051176537
5394,0.039363395
5395,0.0998617
5396,0.09644134
5397,0.022696616
5398,0.016857127
5399,0.015215641
5400,0.03025221
5401,0.040785402
5402,0.03895357
5403,0.12642431
5404,0.05942929
5405,0.06079854
5406,0.059351843
5407,0.026182503
5408,0.07662838
5409,0.0775306
5410,0.05986437
5411,0.06392208
5412,0.09091135
5413,0.45186487
5414,0.43796584
5415,0.058186892
5416,0.055989165
5417,0.27122605
5418,0.065202676
5419,0.29707995
5420,0.07171074
5421,0.056272354
5422,0.055989165
5423,0.05013544
5424,0.052788243
5425,0.029487807
5426,0.03536623
5427,0.03143479
5428,0.26090705
5429,0.054579243
5430,0.435217
5431,0.13250968
5432,0.050820123
5433,0.28638858
5434,0.059329122
5435,0.024992723
5436,0.023425633
5437,0.023963174
5438,0.03043486
5439,0.05528629
5440,0.25870973
5441,0.07772587
5442,0.43096927
5443,0.4319984
5444,0.053489126
5445,0.053030748
5446,0.05247735
5447,0.051528893
5448,0.015443384
5449,0.03538532
5450,0.033364546
5451,0.060593177
5452,0.057089176
5453,0.4677281
5454,0.10185563
5455,0.28319022
5456,0.5543697
5457,0.27365202
5458,0.059141353
5459,0.50641125
5460,0.04123825
5461,0.24745874
5462,0.05652034
5463,0.03751554
5464,0.035790782
5465,0.07470044
5466,0.07822993
5467,0.08702403
5468,0.067632034
5469,0.064047724
5470,0.50283355
5471,0.042411633
5472,0.04189614
5473,0.038507793
5474,0.055442218
5475,0.05637611
5476,0.033057194
5477,0.028863598
5478,0.0539702
5479,0.052957613
5480,0.07300157
5481,0.06059417
5482,0.24928874
5483,0.04321633
5484,0.27725226
5485,0.112293236
5486,0.044453964
5487,0.04755259
5488,0.03192415
5489,0.06788545
5490,0.41605124
5491,0.0696232
5492,0.06406076
5493,0.2827053
5494,0.043419786
5495,0.0455917
5496,0.04349495
5497,0.038464613
5498,0.030791698
5499,0.03920301
5500,0.06826716
5501,0.06217463
5502,0.048337653
5503,0.07735131
5504,0.09117971
5505,0.2763021
5506,0.280689
5507,0.045106985
5508,0.042761385
5509,0.040983908
5510,0.07492952
5511,0.02735955
5512,0.05279521
5513,0.052809577
5514,0.24877597
5515,0.07460014
5516,0.029268157
5517,0.053856634
5518,0.04934439
5519,0.051405087
5520,0.27849633
5521,0.43106475
5522,0.04558783
5523,0.05061345
5524,0.042937886
5525,0.072699875
5526,0.07269248
5527,0.030024
5528,0.037021596
5529,0.058378767
5530,0.06054521
5531,0.24761501
5532,0.08261157
5533,0.046413776
5534,0.040208384
5535,0.03942686
5536,0.018526688
5537,0.022093536
5538,0.018480117
5539,0.06596972
5540,0.058849245
5541,0.27528146
5542,0.052394316
5543,0.09462024
5544,0.04066214
5545,0.03389214
5546,0.029054474
5547,0.028265862
5548,0.0807762
5549,0.043789737
5550,0.042788394
5551,0.04051268
5552,0.07388127
5553,0.07742498
5554,0.072450265
5555,0.060886517
5556,0.0780216
5557,0.078063235
5558,0.04590309
5559,0.047770724
5560,0.07741072
5561,0.045911897
5562,0.04345161
5563,0.04454723
5564,0.020842567
5565,0.024570893
5566,0.028271796
5567,0.06479342
5568,0.062276546
5569,0.11820302
5570,0.08616495
5571,0.28545022
5572,0.04346273
5573,0.04442903
5574,0.03122314
5575,0.03652901
5576,0.04575141
5577,0.07155934
5578,0.07104408
5579,0.4957687
5580,0.06529
5581,0.06474628
5582,0.045233462
5583,0.049502973
5584,0.0290929
5585,0.028842393
5586,0.043495283
5587,0.048777677
5588,0.04578273
5589,0.030137664
5590,0.021882849
5591,0.02151743
5592,0.03296798
5593,0.037382264
5594,0.044630032
5595,0.06658027
5596,0.10551576
5597,0.10729105
5598,0.25631273
5599,0.51387966
5600,0.0705683
5601,0.076298796
5602,0.07688215
5603,0.07511993
5604,0.07921186
5605,0.043545906
5606,0.06874618
5607,0.068712756
5608,0.052978195
5609,0.057512157
5610,0.07840352
5611,0.061902057
5612,0.079720356
5613,0.0627076
5614,0.04353611
5615,0.05397456
5616,0.037992477
5617,0.054083858
5618,0.049977835
5619,0.01684512
5620,0.035039034
5621,0.031524252
5622,0.072655834
5623,0.06804592
5624,0.10763053
5625,0.13315016
5626,0.2553297
5627,0.14096911
5628,0.07542047
5629,0.07806583
5630,0.07554107
5631,0.08802712
5632,0.07219331
5633,0.037284557
5634,0.069582924
5635,0.071129
5636,0.059769355
5637,0.075034745
5638,0.05717296
5639,0.061719235
5640,0.06559048
5641,0.04788686
5642,0.05083991
5643,0.03243634
5644,0.052206054
5645,0.04384643
5646,0.039363656
5647,0.057220507
5648,0.063623905
5649,0.13537033
5650,0.56157106
5651,0.113933116
5652,0.11615687
5653,0.083545506
5654,0.2429874
5655,0.072761804
5656,0.08603986
5657,0.071101375
5658,0.038845293
5659,0.0655198
5660,0.2659607
5661,0.057685282
5662,0.08054644
5663,0.06176098
5664,0.08462898
5665,0.045150835
5666,0.049761936
5667,0.03423035
5668,0.034884956
5669,0.035689484
5670,0.024757095
5671,0.035109196
5672,0.058829598
5673,0.06434571
5674,0.1278503
5675,0.52940965
5676,0.11205006
5677,0.07481891
5678,0.24149543
5679,0.09205094
5680,0.24259503
5681,0.09174279
5682,0.073298566
5683,0.03794837
5684,0.04009714
5685,0.059296656
5686,0.08049501
5687,0.08135571
5688,0.07597339
5689,0.0831052
5690,0.03012159
5691,0.02814208
5692,0.029652728
5693,0.044868547
5694,0.08828421
5695,0.12703176
5696,0.09957803
5697,0.10314779
5698,0.09459993
5699,0.09323595
5700,0.11133745
5701,0.14297783
5702,0.16389379
5703,0.24916574
5704,0.108893625
5705,0.057173736
5706,0.069782495
5707,0.0943805
5708,0.74408454
5709,0.08323942
5710,0.08287812
5711,0.41620034
5712,0.25866893
5713,0.02506304
5714,0.031256102
5715,0.02805751
5716,0.05216418
5717,0.10629758
5718,0.24737604
5719,0.10201097
5720,0.09350997
5721,0.2706174
5722,0.11089672
5723,0.14133695
5724,0.16560173
5725,0.25700605
5726,0.10016655
5727,0.055859283
5728,0.049087074
5729,0.04598165
5730,0.29213804
5731,0.83238304
5732,0.07811063
5733,0.07722528
5734,0.4200486
5735,0.037847254
5736,0.027107485
5737,0.2594559
5738,0.04463633
5739,0.060555585
5740,0.054099623
5741,0.044002585
5742,0.043322276
5743,0.098923646
5744,0.26108477
5745,0.09593838
5746,0.08467125
5747,0.14506063
5748,0.123201095
5749,0.13789098
5750,0.40261748
5751,0.28463683
5752,0.03858096
5753,0.26445696
5754,0.6494843
5755,0.26156655
5756,0.7605165
5757,0.8325533
5758,0.4719085
5759,0.07563124
5760,0.08019733
5761,0.0571825
5762,0.031825036
5763,0.032454725
5764,0.025979951
5765,0.0653967
5766,0.03257723
5767,0.053474147
5768,0.052131753
5769,0.099937506
5770,0.11811441
5771,0.08376846
5772,0.104232416
5773,0.13872045
5774,0.13432635
5775,0.13366649
5776,0.2891723
5777,0.09819313
5778,0.0345148
5779,0.055594746
5780,0.27313244
5781,0.26311752
5782,0.7092586
5783,0.78806233
5784,0.45802847
5785,0.086060524
5786,0.07413402
5787,0.037304796
5788,0.053669725
5789,0.25064394
5790,0.029544203
5791,0.025816692
5792,0.029765159
5793,0.062762834
5794,0.08546266
5795,0.06822385
5796,0.06054687
5797,0.26150113
5798,0.086475335
5799,0.12271552
5800,0.13214055
5801,0.09428576
5802,0.09578169
5803,0.08529216
5804,0.09455238
5805,0.098246604
5806,0.078205384
5807,0.119872525
5808,0.09340252
5809,0.08703768
5810,0.7133224
5811,0.7905867
5812,0.6581918
5813,0.054303713
5814,0.2583762
5815,0.075964384
5816,0.11137906
5817,0.11168074
5818,0.26764056
5819,0.050614808
5820,0.016100487
5821,0.059837252
5822,0.058823798
5823,0.26804215
5824,0.072241955
5825,0.6558628
5826,0.25947413
5827,0.11979052
5828,0.13244358
5829,0.10068063
5830,0.113604195
5831,0.09439906
5832,0.09594806
5833,0.06582993
5834,0.110374466
5835,0.11619295
5836,0.08797885
5837,0.100225985
5838,0.031603206
5839,0.63131
5840,0.8478664
5841,0.7315263
5842,0.04612895
5843,0.054907817
5844,0.36802763
5845,0.11699206
5846,0.11312348
5847,0.030141175
5848,0.047195416
5849,0.03769724
5850,0.073895454
5851,0.086252496
5852,0.49265042
5853,0.539748
5854,0.12535073
5855,0.14203162
5856,0.11038917
5857,0.16934451
5858,0.12202386
5859,0.25655153
5860,0.06236402
5861,0.068625964
5862,0.076005936
5863,0.076964796
5864,0.09674176
5865,0.10033549
5866,0.63193685
5867,0.4416487
5868,0.2789324
5869,0.052756697
5870,0.07655691
5871,0.079586476
5872,0.06711275
5873,0.11266869
5874,0.050110493
5875,0.044682257
5876,0.027652925
5877,0.057777863
5878,0.035014577
5879,0.0879238
5880,0.076902956
5881,0.30550614
5882,0.8198449
5883,0.48494685
5884,0.275236
5885,0.10588255
5886,0.17165637
5887,0.24673125
5888,0.4296354
5889,0.23649189
5890,0.07012406
5891,0.08872826
5892,0.080391385
5893,0.09201661
5894,0.24841021
5895,0.06253525
5896,0.17743142
5897,0.26457098
5898,0.1839943
5899,1.0039232
5900,0.07359127
5901,0.06801706
5902,0.06373781
5903,0.116161376
5904,0.046348695
5905,0.047439404
5906,0.0379333
5907,0.046368755
5908,0.022345712
5909,0.06716888
5910,0.09282448
5911,0.115904845
5912,0.5099754
5913,0.2853102
5914,0.6460562
5915,0.48077703
5916,0.1687535
5917,0.17232238
5918,0.2737811
5919,0.10066128
5920,0.06022328
5921,0.06647283
5922,0.49411258
5923,0.9790896
5924,0.04215757
5925,0.5194105
5926,0.51014036
5927,0.047328163
5928,0.08936373
5929,0.07418081
5930,0.067294694
5931,0.036684074
5932,0.02489369
5933,0.021518156
5934,0.06662924
5935,0.089809775
5936,0.12858231
5937,0.12829871
5938,0.27992246
5939,0.66978014
5940,0.48717594
5941,0.5244688
5942,0.5640578
5943,0.12327175
5944,0.051257484
5945,0.06606143
5946,0.063751146
5947,0.2614996
5948,0.088024296
5949,0.043545533
5950,0.036735605
5951,0.069977365
5952,0.067063175
5953,0.047879215
5954,0.04695878
5955,0.09258406
5956,0.059532035
5957,0.04570794
5958,0.03941777
5959,0.024114063
5960,0.020084344
5961,0.093198
5962,0.11469377
5963,0.12846206
5964,0.25097048
5965,0.26774046
5966,0.52892876
5967,0.8220081
5968,0.6788313
5969,0.26341376
5970,0.07323767
5971,0.050475013
5972,0.053639527
5973,0.068317
5974,0.066424355
5975,0.089996845
5976,0.036261126
5977,0.06394906
5978,0.50125647
5979,0.2459243
5980,0.06653249
5981,0.09453948
5982,0.16283646
5983,0.0663016
5984,0.09525449
5985,0.08113308
5986,0.08476686
5987,0.056194637
5988,0.016973265
5989,0.01315412
5990,0.08772039
5991,0.10928024
5992,0.12809807
5993,0.47389245
5994,0.47625706
5995,0.16032702
5996,0.83785266
5997,0.44381353
5998,0.46260554
5999,0.24888706
6000,0.047755536
6001,0.06478748
6002,0.062044162
6003,0.08663488
6004,0.040730353
6005,0.0674504
6006,0.05090814
6007,0.46322256
6008,0.27133128
6009,0.26779056
6010,0.074395105
6011,0.09685012
6012,0.092627354
6013,0.08595171
6014,0.09158889
6015,0.056488078
6016,0.076262765
6017,0.027174745
6018,0.078841664
6019,0.5868621
6020,0.5008143
6021,0.5997324
6022,0.052224655
6023,0.269179
6024,0.09106391
6025,0.09469377
6026,0.068580374
6027,0.07640414
6028,0.084084205
6029,0.0901838
6030,0.045107313
6031,0.2878371
6032,0.05302032
6033,0.054172106
6034,0.26523772
6035,0.032624844
6036,0.026162267
6037,0.1187871
6038,0.11091349
6039,0.0767868
6040,0.075193726
6041,0.24678338
6042,0.12722196
6043,0.09565945
6044,0.09715806
6045,0.027792457
6046,0.06114337
6047,0.05267091
6048,0.049985655
6049,0.060261235
6050,0.10820554
6051,0.08031843
6052,0.044222
6053,0.047546625
6054,0.49006298
6055,0.04338044
6056,0.04509434
6057,0.1171053
6058,0.03915492
6059,0.078689575
6060,0.115176305
6061,0.051582325
6062,0.07269219
6063,0.055645574
6064,0.08427241
6065,0.08239118
6066,0.4413899
6067,0.47613704
6068,0.10157546
6069,0.05293757
6070,0.04736778
6071,0.06028432
6072,0.05410742
6073,0.082432106
6074,0.09646501
6075,0.039380834
6076,0.04664132
6077,0.041414615
6078,0.040985133
6079,0.04430002
6080,0.08190254
6081,0.11275239
6082,0.32404822
6083,0.046127647
6084,0.08663291
6085,0.082127474
6086,0.038857747
6087,0.10208917
6088,0.39753634
6089,0.10127945
6090,0.05512884
6091,0.060888775
6092,0.050447337
6093,0.04864207
6094,0.08591772
6095,0.08551882
6096,0.048075672
6097,0.047043975
6098,0.24520534
6099,0.04177943
6100,0.03341423
6101,0.04994689
6102,0.08450455
6103,0.053519785
6104,0.052736573
6105,0.041167725
6106,0.0674038
6107,0.06657019
6108,0.30374724
6109,0.03795844
6110,0.04012099
6111,0.035072204
6112,0.05236758
6113,0.066093266
6114,0.07049538
6115,0.25199062
6116,0.04499403
6117,0.24588154
6118,0.06673236
6119,0.06724084
6120,0.052437723
6121,0.064059384
6122,0.06586652
6123,0.2562001
6124,0.059271332
6125,0.05118167
6126,0.09490829
6127,0.055824533
6128,0.03726723
6129,0.03428965
6130,0.28152356
6131,0.54478604
6132,0.10302863
6133,0.045023043
6134,0.040775772
6135,0.038066927
6136,0.034448545
6137,0.03309925
6138,0.068821006
6139,0.0655627
6140,0.6955901
6141,0.07098605
6142,0.07849976
6143,0.06689537
6144,0.06510875
6145,0.042217404
6146,0.03030517
6147,0.064515926
6148,0.49470556
6149,0.09990948
6150,0.102387115
6151,0.04724938
6152,0.08846095
6153,0.054566864
6154,0.077446006
6155,0.027785564
6156,0.07060719
6157,0.04246895
6158,0.028399553
6159,0.02538433
6160,0.041402362
6161,0.03847882
6162,0.028594857
6163,0.06791475
6164,0.05933946
6165,0.06782358
6166,0.08010917
6167,0.06313989
6168,0.064777054
6169,0.07326246
6170,0.033802506
6171,0.06502593
6172,0.43669
6173,0.10171471
6174,0.04778761
6175,0.06555994
6176,0.08026873
6177,0.025506552
6178,0.57380134
6179,0.02277805
6180,0.026522223
6181,0.040964007
6182,0.037785646
6183,0.069409795
6184,0.07656121
6185,0.06649069
6186,0.06673221
6187,0.06684963
6188,0.06959687
6189,0.0665113
6190,0.4174033
6191,0.04440921
6192,0.053300954
6193,0.0452696
6194,0.05292548
6195,0.029028406
6196,0.02084076
6197,0.028523758
6198,0.047978926
6199,0.026985602
6200,0.022249222
6201,0.017896118
6202,0.03517094
6203,0.07017564
6204,0.08596496
6205,0.08191364
6206,0.045454334
6207,0.044139504
6208,0.033715583
6209,0.030191658
6210,0.053731196
6211,0.26293397
6212,0.09595782
6213,0.027604224
6214,0.020821461
6215,0.024973862
6216,0.03667026
6217,0.046697382
6218,0.036144048
6219,0.02880951
6220,0.03464071
6221,0.018178992
6222,0.027232815
6223,0.027073812
6224,0.08200985
6225,0.0813541
6226,0.08437221
6227,0.055197824
6228,0.046275098
6229,0.07026824
6230,0.10469587
6231,0.06099617
6232,0.06218872
6233,0.017233865
6234,0.025528124
6235,0.03791977
6236,0.051672075
6237,0.039906163
6238,0.030769391
6239,0.0326614
6240,0.032212123
6241,0.06864282
6242,0.04532717
6243,0.05484654
6244,0.06398781
6245,0.06613349
6246,0.055809587
6247,0.027272942
6248,0.017982244
6249,0.035893586
6250,0.033199552
6251,0.04501284
6252,0.035884038
6253,0.027237792
6254,0.038370118
6255,0.015281704
6256,0.01773442
6257,0.017238433
6258,0.0299453
6259,0.07046171
6260,0.028401814
6261,0.063127756
6262,0.09196611
6263,0.02751508
6264,0.060011555
6265,0.033322383
6266,0.019758608
6267,0.033287823
6268,0.015495343
6269,0.022832423
6270,0.035362493
6271,0.026173357
6272,0.027574124
6273,0.06924052
6274,0.064107046
6275,0.024026396
6276,0.028187752
6277,0.03249273
6278,0.027570121
6279,0.018440472
6280,0.018216254
6281,0.019566832
6282,0.037268735
6283,0.018375224
6284,0.022733483
6285,0.023432417
6286,0.020930106
6287,0.021072704
6288,0.029989759
6289,0.058758345
6290,0.09091844
6291,0.022681354
6292,0.026038082
6293,0.024471765
6294,0.02293442
6295,0.017043127
6296,0.01854433
6297,0.015217132
6298,0.020023033
6299,0.03189254
6300,0.032145113
6301,0.030092672
6302,0.03795146
6303,0.06095337
6304,0.05257448
6305,0.032989282
6306,0.08985882
6307,0.021299846
6308,0.030436287
6309,0.041173927
6310,0.047819767
6311,0.0687239
6312,0.07022315
6313,0.060677633
6314,0.0694431
6315,0.037523363
6316,0.056559823
6317,0.0773172
6318,0.07766765
6319,0.06468888
6320,0.06256135
6321,0.042351015
6322,0.089987874
6323,0.06465686
6324,0.44915915
6325,0.4305106
6326,0.06808931
6327,0.24214423
6328,0.041970503
6329,0.3008563
6330,0.28051975
6331,0.06071304
6332,0.061182573
6333,0.064065486
6334,0.062879525
6335,0.0227087
6336,0.030929113
6337,0.24530698
6338,0.040682953
6339,0.46813712
6340,0.101934016
6341,0.065210424
6342,0.06839392
6343,0.025186567
6344,0.025490915
6345,0.021576833
6346,0.05361002
6347,0.036310762
6348,0.057176523
6349,0.04651267
6350,0.39645824
6351,0.42646885
6352,0.06645653
6353,0.05894414
6354,0.066071704
6355,0.05842675
6356,0.0618453
6357,0.024691686
6358,0.021136371
6359,0.028749682
6360,0.029041182
6361,0.05516954
6362,0.056769487
6363,0.10114507
6364,0.4072705
6365,0.1053558
6366,0.28533965
6367,0.49363947
6368,0.05768301
6369,0.06564521
6370,0.43974176
6371,0.05019807
6372,0.050582558
6373,0.2516469
6374,0.05950165
6375,0.038205992
6376,0.038553294
6377,0.0685824
6378,0.11465262
6379,0.27036318
6380,0.09180544
6381,0.056607764
6382,0.06853365
6383,0.4428734
6384,0.050563272
6385,0.055568326
6386,0.04281529
6387,0.05710945
6388,0.066707
6389,0.039303146
6390,0.05849849
6391,0.057589967
6392,0.06578237
6393,0.07629215
6394,0.094444714
6395,0.50183606
6396,0.1022852
6397,0.04523181
6398,0.04590793
6399,0.030421345
6400,0.027870188
6401,0.0695538
6402,0.4324007
6403,0.06766151
6404,0.06821545
6405,0.2781024
6406,0.4382401
6407,0.05087385
6408,0.051497806
6409,0.03898718
6410,0.031443365
6411,0.032872483
6412,0.06206914
6413,0.042848665
6414,0.054651678
6415,0.086453296
6416,0.08486772
6417,0.48964143
6418,0.47320738
6419,0.039879452
6420,0.52197105
6421,0.042586774
6422,0.07873099
6423,0.059058305
6424,0.053512365
6425,0.25347975
6426,0.075393505
6427,0.030211382
6428,0.058485985
6429,0.042449538
6430,0.0922549
6431,0.0864712
6432,0.48036432
6433,0.09411583
6434,0.048986845
6435,0.047163423
6436,0.07412049
6437,0.07857629
6438,0.029890567
6439,0.056092948
6440,0.05804306
6441,0.07637478
6442,0.092870586
6443,0.047141064
6444,0.044350978
6445,0.029985927
6446,0.022833116
6447,0.03123404
6448,0.020170584
6449,0.06439163
6450,0.06507334
6451,0.27472532
6452,0.060014673
6453,0.09058609
6454,0.050173886
6455,0.04230928
6456,0.032369632
6457,0.038072757
6458,0.079895265
6459,0.042665448
6460,0.04548821
6461,0.041476835
6462,0.040360887
6463,0.042296868
6464,0.07781137
6465,0.078892864
6466,0.058616318
6467,0.06389061
6468,0.07644974
6469,0.07307415
6470,0.055488694
6471,0.05044563
6472,0.0828068
6473,0.02813835
6474,0.046180885
6475,0.042309124
6476,0.047310743
6477,0.017820366
6478,0.028465552
6479,0.021129375
6480,0.069339454
6481,0.08443926
6482,0.3020956
6483,0.30088684
6484,0.08248968
6485,0.040982425
6486,0.046443176
6487,0.034403116
6488,0.037785415
6489,0.051500607
6490,0.049034745
6491,0.044718493
6492,0.075820774
6493,0.07660611
6494,0.5831846
6495,0.06214742
6496,0.057818156
6497,0.08547592
6498,0.083067775
6499,0.056068193
6500,0.05137488
6501,0.025829585
6502,0.030572236
6503,0.041319672
6504,0.044544667
6505,0.02403806
6506,0.008907978
6507,0.03280442
6508,0.04594982
6509,0.037584912
6510,0.074451566
6511,0.10464407
6512,0.12074306
6513,0.2694513
6514,0.5581758
6515,0.07098275
6516,0.0695694
6517,0.07814157
6518,0.08065992
6519,0.082505405
6520,0.043329533
6521,0.077609435
6522,0.07054358
6523,0.061632484
6524,0.06227361
6525,0.08109729
6526,0.054864004
6527,0.08119207
6528,0.05962123
6529,0.0312609
6530,0.044925053
6531,0.054245338
6532,0.03560016
6533,0.050873525
6534,0.05182245
6535,0.02122107
6536,0.031678822
6537,0.0364389
6538,0.06604732
6539,0.07819628
6540,0.11641496
6541,0.13212244
6542,0.54414576
6543,0.1440073
6544,0.0687074
6545,0.07726628
6546,0.07544231
6547,0.078969315
6548,0.07146713
6549,0.040661685
6550,0.069394164
6551,0.086160496
6552,0.047821965
6553,0.05233297
6554,0.05238151
6555,0.062513046
6556,0.06485899
6557,0.04165085
6558,0.04711236
6559,0.05328168
6560,0.05188521
6561,0.03654399
6562,0.028085176
6563,0.035684016
6564,0.0657121
6565,0.06304903
6566,0.12967162
6567,0.55870354
6568,0.105085224
6569,0.14800613
6570,0.08118851
6571,0.11442823
6572,0.07685326
6573,0.088367365
6574,0.071153134
6575,0.043854672
6576,0.081180505
6577,0.26686266
6578,0.06070342
6579,0.08305449
6580,0.064559095
6581,0.08383377
6582,0.052970063
6583,0.03075883
6584,0.031379387
6585,0.0324071
6586,0.0752077
6587,0.06436484
6588,0.14203571
6589,0.5151186
6590,0.10884649
6591,0.066373155
6592,0.5370936
6593,0.100646995
6594,0.25315616
6595,0.26584825
6596,0.06619644
6597,0.0405558
6598,0.07676429
6599,0.089030646
6600,0.07822818
6601,0.082385294
6602,0.08429233
6603,0.055616047
6604,0.031899545
6605,0.032318395
6606,0.035122763
6607,0.04032446
6608,0.119622044
6609,0.10666283
6610,0.09866985
6611,0.10218815
6612,0.10192385
6613,0.09562899
6614,0.10627589
6615,0.14299612
6616,0.16654949
6617,0.26077825
6618,0.11113425
6619,0.061000876
6620,0.053088635
6621,0.0698161
6622,0.07207036
6623,0.09149448
6624,0.6360403
6625,0.07797672
6626,0.08228602
6627,0.40669587
6628,0.28033063
6629,0.027321953
6630,0.024447715
6631,0.035527743
6632,0.048989806
6633,0.0474941
6634,0.2577108
6635,0.27691218
6636,0.090421885
6637,0.095241025
6638,0.252647
6639,0.13072802
6640,0.14635319
6641,0.16876161
6642,0.4820058
6643,0.09794007
6644,0.05649784
6645,0.057700556
6646,0.057260986
6647,0.046478227
6648,0.67549527
6649,0.5814785
6650,0.08281475
6651,0.08518279
6652,0.42998505
6653,0.030796686
6654,0.026351456
6655,0.2607902
6656,0.020571982
6657,0.050710075
6658,0.052512296
6659,0.020425946
6660,0.041075304
6661,0.4877841
6662,0.082148865
6663,0.086001486
6664,0.2660826
6665,0.1360431
6666,0.26385766
6667,0.56889844
6668,0.27238667
6669,0.13669497
6670,0.631309
6671,0.27970856
6672,0.7474319
6673,0.731312
6674,0.4443912
6675,0.08345821
6676,0.08177242
6677,0.06770529
6678,0.054357704
6679,0.055752233
6680,0.039291788
6681,0.04344689
6682,0.066550195
6683,0.020581217
6684,0.098231785
6685,0.11261095
6686,0.088002376
6687,0.10463216
6688,0.14836657
6689,0.11948155
6690,0.13986579
6691,0.27917662
6692,0.10029665
6693,0.033525966
6694,0.05341441
6695,0.13312683
6696,0.05242332
6697,0.28127757
6698,0.65974385
6699,0.78372884
6700,0.39945018
6701,0.08392781
6702,0.081601396
6703,0.033163767
6704,0.059401114
6705,0.2768479
6706,0.03828731
6707,0.023865812
6708,0.026026309
6709,0.023631915
6710,0.051264916
6711,0.05231899
6712,0.06521216
6713,0.06972469
6714,0.2535134
6715,0.08939928
6716,0.13039573
6717,0.13602485
6718,0.11508059
6719,0.10378756
6720,0.06699512
6721,0.10229002
6722,0.28300154
6723,0.07008347
6724,0.08284209
6725,0.11779325
6726,0.084989265
6727,0.26674357
6728,0.8370799
6729,0.94162375
6730,0.8316209
6731,0.055071786
6732,0.247281
6733,0.07919345
6734,0.2820551
6735,0.11427282
6736,0.28621146
6737,0.04826617
6738,0.048544537
6739,0.022747401
6740,0.055515353
6741,0.04224562
6742,0.24467121
6743,0.06963714
6744,0.54434735
6745,0.27033246
6746,0.12812544
6747,0.13138635
6748,0.10138667
6749,0.10245441
6750,0.10001877
6751,0.18694222
6752,0.06836678
6753,0.11941704
6754,0.116069935
6755,0.090215415
6756,0.10676033
6757,0.03211686
6758,0.70599806
6759,0.8777548
6760,0.66562617
6761,0.048342057
6762,0.05594392
6763,0.2525651
6764,0.0811534
6765,0.10420533
6766,0.114917025
6767,0.042288076
6768,0.029904934
6769,0.044042207
6770,0.034625262
6771,0.06969524
6772,0.082761906
6773,0.5250995
6774,0.43911427
6775,0.13127495
6776,0.14204851
6777,0.0973953
6778,0.17472869
6779,0.124705456
6780,0.46809763
6781,0.06355001
6782,0.06803776
6783,0.07972343
6784,0.07794033
6785,0.10512677
6786,0.103471234
6787,0.056159526
6788,0.72374946
6789,0.5128726
6790,0.27184212
6791,0.05452695
6792,0.07100417
6793,0.07580489
6794,0.06802514
6795,0.24825613
6796,0.045192193
6797,0.05145425
6798,0.024341455
6799,0.029039485
6800,0.06841065
6801,0.07026984
6802,0.2751897
6803,0.84094965
6804,0.52351797
6805,0.278672
6806,0.10270473
6807,0.19077736
6808,0.25259876
6809,0.45258296
6810,0.23311955
6811,0.05971625
6812,0.07914148
6813,0.08804708
6814,0.10062765
6815,0.09275792
6816,0.06069542
6817,0.27786675
6818,0.27556077
6819,0.16432989
6820,0.9981098
6821,0.25848624
6822,0.07330844
6823,0.24433216
6824,0.114534535
6825,0.049112875
6826,0.056204665
6827,0.045399547
6828,0.038686853
6829,0.016284509
6830,0.069004826
6831,0.09680644
6832,0.10411698
6833,0.4971733
6834,0.27338728
6835,0.6564016
6836,0.50802493
6837,0.17566939
6838,0.16430487
6839,0.29728964
6840,0.09750925
6841,0.06616054
6842,0.061469167
6843,0.52332866
6844,0.25181487
6845,0.03385554
6846,0.53480065
6847,0.54599303
6848,0.052593287
6849,0.045503333
6850,0.089366354
6851,0.077641435
6852,0.05999851
6853,0.03264584
6854,0.02883477
6855,0.020927714
6856,0.067780666
6857,0.098732896
6858,0.12778907
6859,0.13071968
6860,0.68649524
6861,0.6587324
6862,0.51795805
6863,0.54216504
6864,0.5457374
6865,0.120972104
6866,0.05411022
6867,0.0627193
6868,0.06472817
6869,0.1584158
6870,0.08953953
6871,0.042728774
6872,0.06984392
6873,0.06349237
6874,0.045240253
6875,0.04576001
6876,0.08891573
6877,0.06747451
6878,0.0435676
6879,0.041505814
6880,0.019093176
6881,0.0089708725
6882,0.08819768
6883,0.10422318
6884,0.13487399
6885,0.24526909
6886,0.29441077
6887,0.4736842
6888,0.70016843
6889,0.8052232
6890,0.43059203
6891,0.087517165
6892,0.050387997
6893,0.049177732
6894,0.06619778
6895,0.06270281
6896,0.09187855
6897,0.049599927
6898,0.6204256
6899,0.25921625
6900,0.06189376
6901,0.089435294
6902,0.072783835
6903,0.06392218
6904,0.09353022
6905,0.081212044
6906,0.056936894
6907,0.010128066
6908,0.017596476
6909,0.086578034
6910,0.10427838
6911,0.124615185
6912,0.51239
6913,0.48317614
6914,0.15655822
6915,0.7096216
6916,0.4300414
6917,0.4400092
6918,0.0941625
6919,0.05256043
6920,0.07125353
6921,0.06294311
6922,0.09212952
6923,0.05027151
6924,0.06630939
6925,0.05017816
6926,0.40956575
6927,0.27956042
6928,0.3781564
6929,0.07494538
6930,0.10969716
6931,0.09775036
6932,0.06966972
6933,0.08028897
6934,0.066266336
6935,0.09490212
6936,0.03873169
6937,0.29104152
6938,0.6103711
6939,0.53706896
6940,0.54151523
6941,0.24358441
6942,0.45385957
6943,0.09627736
6944,0.09675562
6945,0.024430491
6946,0.062727
6947,0.06135905
6948,0.086564496
6949,0.08882344
6950,0.09407897
6951,0.05191933
6952,0.42467773
6953,0.041697774
6954,0.041558493
6955,0.41051176
6956,0.030142378
6957,0.06479261
6958,0.033114422
6959,0.1251023
6960,0.31759053
6961,0.088694245
6962,0.27324316
6963,0.2668201
6964,0.09498849
6965,0.10057149
6966,0.022083577
6967,0.06533361
6968,0.04363073
6969,0.050868753
6970,0.059169553
6971,0.075982355
6972,0.08631544
6973,0.045695893
6974,0.04330521
6975,0.27397138
6976,0.048780337
6977,0.12166734
6978,0.046489127
6979,0.075645246
6980,0.12144515
6981,0.04780642
6982,0.07654051
6983,0.062234763
6984,0.085411265
6985,0.09695904
6986,0.41096115
6987,0.46582568
6988,0.102309175
6989,0.047970057
6990,0.050731756
6991,0.05414673
6992,0.04828123
6993,0.0836598
6994,0.19607684
6995,0.04912515
6996,0.048028216
6997,0.03915989
6998,0.04850446
6999,0.030378632
7000,0.083443604
7001,0.114917174
7002,0.3561036
7003,0.050703656
7004,0.089833826
7005,0.04155951
7006,0.09973463
7007,0.45880917
7008,0.10519113
7009,0.02575532
7010,0.053310502
7011,0.053726558
7012,0.058552943
7013,0.051762085
7014,0.051432393
7015,0.2612011
7016,0.09633287
7017,0.05074403
7018,0.039412405
7019,0.2617778
7020,0.03098541
7021,0.06142967
7022,0.09511823
7023,0.057152227
7024,0.034006856
7025,0.03544056
7026,0.05819476
7027,0.060345445
7028,0.27812144
7029,0.045314185
7030,0.03938828
7031,0.032557085
7032,0.051476642
7033,0.066592194
7034,0.0685368
7035,0.24818423
7036,0.045039654
7037,0.25296417
7038,0.06791384
7039,0.06401203
7040,0.0492969
7041,0.06460905
7042,0.069596216
7043,0.27681616
7044,0.039594244
7045,0.04317297
7046,0.055972572
7047,0.088375345
7048,0.057042323
7049,0.051177625
7050,0.024008136
7051,0.28695664
7052,0.5785489
7053,0.28906375
7054,0.04497441
7055,0.022997428
7056,0.03645886
7057,0.03947858
7058,0.03760594
7059,0.033338547
7060,0.061278146
7061,0.065079175
7062,0.7526818
7063,0.08297963
7064,0.07959639
7065,0.06666442
7066,0.06976489
7067,0.04374812
7068,0.036542937
7069,0.06354084
7070,0.468105
7071,0.10648954
7072,0.0989914
7073,0.047457993
7074,0.0891543
7075,0.056009077
7076,0.06712256
7077,0.023181787
7078,0.05459953
7079,0.04169507
7080,0.02954548
7081,0.025396755
7082,0.038154487
7083,0.035115596
7084,0.03437073
7085,0.06627915
7086,0.06511886
7087,0.0664361
7088,0.07073403
7089,0.06635653
7090,0.061683025
7091,0.06993021
7092,0.03347354
7093,0.0563493
7094,0.41644174
7095,0.09808868
7096,0.044982996
7097,0.043617424
7098,0.06398355
7099,0.065197036
7100,0.021745225
7101,0.27741075
7102,0.025599107
7103,0.039582387
7104,0.06320093
7105,0.066560954
7106,0.07980292
7107,0.06316485
7108,0.07113241
7109,0.06626721
7110,0.03955884
7111,0.071603686
7112,0.4000675
7113,0.04912665
7114,0.041695364
7115,0.047440086
7116,0.057066247
7117,0.026233435
7118,0.021681868
7119,0.033920076
7120,0.041259848
7121,0.028966062
7122,0.01819464
7123,0.028637545
7124,0.08312052
7125,0.08370208
7126,0.08626978
7127,0.047817737
7128,0.041200075
7129,0.026219757
7130,0.027672162
7131,0.22319004
7132,0.24448274
7133,0.08204465
7134,0.06777442
7135,0.036050674
7136,0.02659505
7137,0.025382781
7138,0.024010908
7139,0.03497857
7140,0.031680375
7141,0.038509145
7142,0.038243186
7143,0.011742268
7144,0.014957323
7145,0.012310919
7146,0.022993613
7147,0.08270409
7148,0.08723391
7149,0.08535312
7150,0.0422363
7151,0.05686945
7152,0.056743223
7153,0.062028486
7154,0.020174308
7155,0.028379176
7156,0.036313105
7157,0.046215273
7158,0.033757117
7159,0.029545154
7160,0.041066337
7161,0.020160431
7162,0.03308849
7163,0.07689385
7164,0.079710156
7165,0.045566786
7166,0.022455525
7167,0.06197793
7168,0.050304987
7169,0.06716904
7170,0.05385922
7171,0.08381558
7172,0.019044723
7173,0.035918277
7174,0.03305997
7175,0.04026799
7176,0.03408483
7177,0.035529852
7178,0.042863056
7179,0.021096364
7180,0.019173253
7181,0.033575326
7182,0.07267346
7183,0.07493457
7184,0.04229813
7185,0.046970863
7186,0.075526826
7187,0.03055639
7188,0.084656045
7189,0.030499846
7190,0.032414533
7191,0.014343106
7192,0.01864468
7193,0.022794483
7194,0.040997684
7195,0.021164125
7196,0.029742047
7197,0.03218909
7198,0.06732812
7199,0.056148697
7200,0.03189964
7201,0.030222874
7202,0.03265118
7203,0.028811384
7204,0.027562143
7205,0.026410133
7206,0.035401903
7207,0.020609604
7208,0.015046984
7209,0.017073197
7210,0.02650748
7211,0.019526603
7212,0.020849226
7213,0.016915405
7214,0.034621213
7215,0.07038211
7216,0.050015647
7217,0.024751103
7218,0.08075051
7219,0.017847141
7220,0.012194737
7221,0.015523836
7222,0.016566774
7223,0.020948555
7224,0.017263735
7225,0.020860458
7226,0.015878154
7227,0.03683155
7228,0.02907651
7229,0.02907651
7230,0.03144181
7231,0.06804754
7232,0.06460813
7233,0.048803717
7234,0.09396012
7235,0.011969911
7236,0.048067313
7237,0.03224004
7238,0.0331258
7239,0.05506052
7240,0.019404491
7241,0.06097313
7242,0.06687662
7243,0.06726269
7244,0.06422761
7245,0.05427436
7246,0.050927978
7247,0.068067275
7248,0.07194195
7249,0.065666534
7250,0.06631686
7251,0.06634279
7252,0.07574453
7253,0.09367301
7254,0.08888222
7255,0.27031097
7256,0.4182611
7257,0.062377766
7258,0.068247326
7259,0.26967752
7260,0.05184468
7261,0.44183278
7262,0.08221322
7263,0.06539869
7264,0.0632113
7265,0.06571694
7266,0.06883333
7267,0.02506325
7268,0.028120652
7269,0.026808754
7270,0.05883643
7271,0.057710856
7272,0.4843393
7273,0.100195654
7274,0.06042951
7275,0.06130245
7276,0.060695514
7277,0.05902433
7278,0.021953963
7279,0.023006158
7280,0.02253615
7281,0.029229568
7282,0.036174517
7283,0.06340866
7284,0.0331258
7285,0.04793861
7286,0.050740197
7287,0.45944226
7288,0.41935942
7289,0.06295721
7290,0.0772134
7291,0.26797372
7292,0.05858859
7293,0.035011638
7294,0.02835545
7295,0.032355677
7296,0.06015904
7297,0.07468023
7298,0.44637012
7299,0.08219096
7300,0.4933575
7301,0.51016754
7302,0.06167764
7303,0.07061962
7304,0.4804398
7305,0.051243212
7306,0.25397053
7307,0.057945844
7308,0.037982225
7309,0.038080685
7310,0.06674997
7311,0.2784026
7312,0.12247177
7313,0.100287154
7314,0.08434061
7315,0.080099635
7316,0.48229522
7317,0.051194336
7318,0.049914185
7319,0.038000174
7320,0.05388615
7321,0.065077685
7322,0.031312514
7323,0.054101665
7324,0.058586866
7325,0.07957444
7326,0.07330457
7327,0.28295037
7328,0.061409667
7329,0.10045837
7330,0.051750414
7331,0.033581167
7332,0.03148583
7333,0.4166024
7334,0.07251797
7335,0.09101275
7336,0.520344
7337,0.49348426
7338,0.14279164
7339,0.046774566
7340,0.04291338
7341,0.024958499
7342,0.06268113
7343,0.06141817
7344,0.046616074
7345,0.10509036
7346,0.05099342
7347,0.087023616
7348,0.2774597
7349,0.507443
7350,0.043752514
7351,0.039679926
7352,0.04420425
7353,0.042095397
7354,0.079583675
7355,0.033058833
7356,0.05398259
7357,0.060892716
7358,0.25965315
7359,0.08397755
7360,0.039034814
7361,0.047608033
7362,0.04661286
7363,0.04921854
7364,0.08576898
7365,0.084470935
7366,0.5054873
7367,0.040816415
7368,0.04469971
7369,0.04276864
7370,0.03829814
7371,0.07358901
7372,0.075038016
7373,0.06274056
7374,0.033115644
7375,0.05089051
7376,0.051354174
7377,0.08340507
7378,0.103839174
7379,0.043312278
7380,0.04341435
7381,0.039426275
7382,0.016286947
7383,0.023593767
7384,0.020675829
7385,0.070847265
7386,0.07052045
7387,0.29663208
7388,0.04560069
7389,0.09145279
7390,0.041976914
7391,0.04914613
7392,0.039313372
7393,0.03281334
7394,0.08455509
7395,0.045377623
7396,0.046046518
7397,0.046507202
7398,0.08730441
7399,0.27244318
7400,0.059299912
7401,0.05967212
7402,0.067716025
7403,0.0786379
7404,0.05535007
7405,0.05285539
7406,0.085196294
7407,0.031065587
7408,0.04212982
7409,0.047807947
7410,0.044141464
7411,0.017155608
7412,0.031434517
7413,0.020698842
7414,0.068418264
7415,0.07087166
7416,0.109598964
7417,0.09497749
7418,0.27170137
7419,0.05352169
7420,0.047523644
7421,0.031704374
7422,0.045693576
7423,0.05422233
7424,0.044750284
7425,0.072627194
7426,0.07405133
7427,0.5259953
7428,0.064015545
7429,0.057879165
7430,0.0640469
7431,0.053261478
7432,0.054725587
7433,0.032966033
7434,0.031575076
7435,0.042425096
7436,0.044304647
7437,0.03501978
7438,0.021228123
7439,0.013800582
7440,0.03604647
7441,0.053441536
7442,0.04311105
7443,0.27442434
7444,0.102854565
7445,0.12357053
7446,0.46862376
7447,0.5427477
7448,0.074285105
7449,0.08404626
7450,0.078032516
7451,0.07870327
7452,0.080119245
7453,0.10447701
7454,0.036885247
7455,0.07271626
7456,0.06988883
7457,0.07012143
7458,0.04936339
7459,0.08131908
7460,0.05194543
7461,0.081730306
7462,0.06430511
7463,0.030586723
7464,0.047042165
7465,0.035963744
7466,0.032942362
7467,0.048316102
7468,0.05451495
7469,0.01766121
7470,0.037461728
7471,0.035494667
7472,0.07543486
7473,0.0739769
7474,0.11631977
7475,0.13068599
7476,0.2695007
7477,0.17009045
7478,0.067635015
7479,0.075446315
7480,0.07445733
7481,0.07128156
7482,0.03812571
7483,0.096919276
7484,0.073231086
7485,0.061369624
7486,0.059501007
7487,0.059447926
7488,0.062136885
7489,0.02995564
7490,0.04468771
7491,0.046858575
7492,0.032913648
7493,0.050297208
7494,0.030299118
7495,0.03998695
7496,0.031479873
7497,0.033387344
7498,0.06309791
7499,0.07896693
7500,0.13905984
7501,0.3594163
7502,0.11496163
7503,0.123355955
7504,0.08766774
7505,0.09280541
7506,0.07673513
7507,0.083792225
7508,0.07384413
7509,0.08097928
7510,0.26785335
7511,0.057298675
7512,0.08080698
7513,0.06359276
7514,0.084993936
7515,0.04555759
7516,0.031441256
7517,0.039173607
7518,0.03414063
7519,0.03423777
7520,0.065400355
7521,0.06489183
7522,0.14085545
7523,0.5225913
7524,0.101843975
7525,0.06999666
7526,0.4216809
7527,0.08873686
7528,0.2535349
7529,0.25559717
7530,0.072536655
7531,0.038259994
7532,0.0632707
7533,0.07420278
7534,0.08360209
7535,0.08318598
7536,0.0847986
7537,0.08657153
7538,0.033177752
7539,0.03265715
7540,0.03311941
7541,0.035545897
7542,0.12794998
7543,0.107214294
7544,0.08559348
7545,0.11822494
7546,0.09183119
7547,0.10535969
7548,0.10426763
7549,0.13754784
7550,0.17190194
7551,0.3509357
7552,0.11012292
7553,0.058797177
7554,0.05894533
7555,0.044430625
7556,0.09168083
7557,0.72164184
7558,0.078197755
7559,0.07729036
7560,0.4042807
7561,0.29523146
7562,0.025931008
7563,0.025664551
7564,0.029256852
7565,0.029706167
7566,0.045104858
7567,0.061598685
7568,0.117407195
7569,0.08967791
7570,0.2657609
7571,0.11114846
7572,0.25372618
7573,0.24623036
7574,0.13935533
7575,0.25549835
7576,0.50429076
7577,0.101573534
7578,0.06276462
7579,0.07033917
7580,0.049637873
7581,0.28706822
7582,0.80639946
7583,0.17350663
7584,0.0837071
7585,0.44385728
7586,0.035159316
7587,0.029764224
7588,0.25231835
7589,0.026746303
7590,0.025383199
7591,0.045142114
7592,0.049181044
7593,0.039288864
7594,0.051467806
7595,0.27634296
7596,0.08549374
7597,0.09447506
7598,0.24718714
7599,0.14452896
7600,0.14363675
7601,0.5131532
7602,0.10346303
7603,0.038314894
7604,0.3000817
7605,0.59111273
7606,0.28819424
7607,0.73758066
7608,0.7633059
7609,0.30495033
7610,0.07498491
7611,0.06961446
7612,0.06885404
7613,0.05450703
7614,0.033108596
7615,0.02677537
7616,0.05134797
7617,0.05961086
7618,0.08694177
7619,0.124174066
7620,0.09425509
7621,0.10038891
7622,0.15001044
7623,0.15293413
7624,0.14290099
7625,0.28760967
7626,0.1013143
7627,0.036969792
7628,0.06183215
7629,0.37066302
7630,0.052086297
7631,0.27796337
7632,0.7131838
7633,0.83081394
7634,0.4756822
7635,0.08593969
7636,0.07879167
7637,0.053394128
7638,0.26765567
7639,0.032222535
7640,0.02419219
7641,0.07011619
7642,0.085411444
7643,0.06450258
7644,0.0752552
7645,0.5204269
7646,0.100185
7647,0.12325104
7648,0.116120234
7649,0.085973494
7650,0.10726149
7651,0.0826156
7652,0.24363136
7653,0.2676734
7654,0.068786845
7655,0.09176099
7656,0.29458302
7657,0.09081106
7658,0.08862108
7659,0.87348115
7660,0.86912876
7661,0.67859626
7662,0.05566395
7663,0.06271995
7664,0.26327083
7665,0.0786563
7666,0.11018562
7667,0.11108186
7668,0.25853336
7669,0.04430506
7670,0.04127456
7671,0.02116045
7672,0.053999588
7673,0.05826325
7674,0.0766708
7675,0.08004225
7676,0.553433
7677,0.26862457
7678,0.27610525
7679,0.1299286
7680,0.09471695
7681,0.121629335
7682,0.09716773
7683,0.08525499
7684,0.07256319
7685,0.06615974
7686,0.11781726
7687,0.11479339
7688,0.09075268
7689,0.095788166
7690,0.023849333
7691,0.7589524
7692,0.830582
7693,0.6942663
7694,0.050082244
7695,0.05280339
7696,0.58616817
7697,0.063171506
7698,0.10744902
7699,0.117085196
7700,0.023571936
7701,0.06182439
7702,0.011028218
7703,0.06568983
7704,0.066339046
7705,0.49753886
7706,0.5057802
7707,0.12568572
7708,0.14248957
7709,0.10804388
7710,0.27066955
7711,0.122729845
7712,0.5118276
7713,0.05648101
7714,0.06540114
7715,0.078289844
7716,0.07436173
7717,0.091737546
7718,0.09658744
7719,0.06276495
7720,0.71843195
7721,0.4236698
7722,0.26613566
7723,0.054832533
7724,0.071129695
7725,0.07833752
7726,0.062682204
7727,0.2441205
7728,0.04531845
7729,0.04659728
7730,0.03798276
7731,0.050603747
7732,0.0170558
7733,0.07932384
7734,0.06613276
7735,0.27377626
7736,0.84050864
7737,0.44847602
7738,0.2867046
7739,0.100674435
7740,0.17708108
7741,0.26532826
7742,0.41503084
7743,0.06983074
7744,0.068807796
7745,0.080074586
7746,0.078337885
7747,0.112734966
7748,0.08672316
7749,0.07662256
7750,0.88689554
7751,0.26639584
7752,0.16192172
7753,1.0168273
7754,0.07178961
7755,0.07173069
7756,0.07154019
7757,0.114388525
7758,0.05175227
7759,0.04914085
7760,0.25189438
7761,0.03486586
7762,0.02119542
7763,0.087650254
7764,0.09200652
7765,0.2411159
7766,0.506504
7767,0.2773673
7768,0.64705706
7769,0.49012068
7770,0.15971816
7771,0.16552654
7772,0.54061085
7773,0.09409801
7774,0.096872754
7775,0.061483525
7776,0.06385757
7777,0.5100692
7778,0.9436099
7779,0.033818185
7780,0.554732
7781,0.5609959
7782,0.046477705
7783,0.09404657
7784,0.07314742
7785,0.063712806
7786,0.04505357
7787,0.0237406
7788,0.032248672
7789,0.06544758
7790,0.09021091
7791,0.12859815
7792,0.12856574
7793,0.6396874
7794,0.69631666
7795,0.5369099
7796,0.5200668
7797,0.5632609
7798,0.12480947
7799,0.10042157
7800,0.049420524
7801,0.062214337
7802,0.06488833
7803,0.2710458
7804,0.087851755
7805,0.034801416
7806,0.06493574
7807,0.064367875
7808,0.05719223
7809,0.04544632
7810,0.0880931
7811,0.062247228
7812,0.049846407
7813,0.040102623
7814,0.030517425
7815,0.0097612785
7816,0.08621217
7817,0.114409424
7818,0.12277895
7819,0.24736209
7820,0.28665504
7821,0.44509596
7822,0.776828
7823,0.64507616
7824,0.29181695
7825,0.09170399
7826,0.049972057
7827,0.05328521
7828,0.06187583
7829,0.061780423
7830,0.090313844
7831,0.04248988
7832,0.04018029
7833,0.065373324
7834,0.6412049
7835,0.25373966
7836,0.061175272
7837,0.08716797
7838,0.074740425
7839,0.062173944
7840,0.113686316
7841,0.08112029
7842,0.09399078
7843,0.056748006
7844,0.022040593
7845,0.094911486
7846,0.106201865
7847,0.12276981
7848,0.5333307
7849,0.54527396
7850,0.29107508
7851,0.6958337
7852,0.45484832
7853,0.44852138
7854,0.09483253
7855,0.052095897
7856,0.06459831
7857,0.06270101
7858,0.08932818
7859,0.03408368
7860,0.07055736
7861,0.054433785
7862,0.4247295
7863,0.28099453
7864,0.43433884
7865,0.07487156
7866,0.09685596
7867,0.09514958
7868,0.0680168
7869,0.07458307
7870,0.056807343
7871,0.061329532
7872,0.046717055
7873,0.2731729
7874,0.58722293
7875,0.5195722
7876,0.5303412
7877,0.05868038
7878,0.44846508
7879,0.09379323
7880,0.0926333
7881,0.030090412
7882,0.020357925
7883,0.0524528
7884,0.05989587
7885,0.051107954
7886,0.08031067
7887,0.0850439
7888,0.100149155
7889,0.045854848
7890,0.063314356
7891,0.047854066
7892,0.03767802
7893,0.38780847
7894,0.03577905
7895,0.06269863
7896,0.04206694
7897,0.03711926
7898,0.119985
7899,0.30846718
7900,0.082343444
7901,0.4556039
7902,0.2537768
7903,0.09552146
7904,0.10050492
7905,0.025915453
7906,0.05562048
7907,0.04814085
7908,0.050115533
7909,0.06028448
7910,0.07855499
7911,0.0810634
7912,0.042136203
7913,0.4402241
7914,0.047217585
7915,0.11651037
7916,0.04887115
7917,0.044377346
7918,0.08191569
7919,0.11788658
7920,0.04728544
7921,0.07430952
7922,0.04672329
7923,0.07844249
7924,0.0800142
7925,0.44616303
7926,0.44599763
7927,0.18445614
7928,0.021330932
7929,0.057453673
7930,0.050188757
7931,0.056969203
7932,0.08182312
7933,0.1082626
7934,0.04733965
7935,0.046822432
7936,0.043705277
7937,0.03813456
7938,0.044183064
7939,0.031599816
7940,0.0345746
7941,0.074897595
7942,0.11683905
7943,0.34581023
7944,0.054256283
7945,0.061984345
7946,0.0860604
7947,0.0518839
7948,0.09761925
7949,0.46842512
7950,0.10220864
7951,0.017055647
7952,0.050436158
7953,0.057981126
7954,0.048185557
7955,0.27216712
7956,0.09898963
7957,0.053450186
7958,0.04882861
7959,0.048125423
7960,0.03280534
7961,0.0495414
7962,0.08841224
7963,0.060533848
7964,0.037339997
7965,0.03913876
7966,0.058882438
7967,0.0612408
7968,0.28045455
7969,0.032270733
7970,0.03639491
7971,0.049567968
7972,0.06670227
7973,0.06527563
7974,0.2484969
7975,0.048067216
7976,0.07183614
7977,0.07309685
7978,0.064733945
7979,0.052327804
7980,0.058082376
7981,0.06527626
7982,0.09057156
7983,0.049015008
7984,0.048926543
7985,0.052736923
7986,0.095945925
7987,0.05914776
7988,0.040691726
7989,0.032749258
7990,0.2845705
7991,0.5257876
7992,0.2778503
7993,0.04100776
7994,0.025037585
7995,0.039846744
7996,0.038910322
7997,0.03417103
7998,0.03745398
7999,0.07182616
8000,0.066563405
8001,0.6663528
8002,0.060309928
8003,0.08523424
8004,0.092519715
8005,0.0677563
8006,0.06897705
8007,0.04148456
8008,0.03722176
8009,0.06804921
8010,0.5214109
8011,0.09010942
8012,0.09814483
8013,0.042779002
8014,0.039485287
8015,0.08593483
8016,0.066972464
8017,0.06531467
8018,0.026035955
8019,0.056862697
8020,0.042111844
8021,0.019690216
8022,0.02864673
8023,0.03931636
8024,0.028802166
8025,0.06737203
8026,0.065502375
8027,0.06720858
8028,0.0766404
8029,0.064022966
8030,0.06558746
8031,0.07031711
8032,0.037002243
8033,0.038597442
8034,0.059546575
8035,0.38825518
8036,0.097562365
8037,0.043151136
8038,0.04225817
8039,0.06560962
8040,0.08026819
8041,0.06431398
8042,0.5484311
8043,0.016032403
8044,0.03372833
8045,0.07687521
8046,0.0771088
8047,0.064819865
8048,0.07150288
8049,0.06834951
8050,0.03866307
8051,0.061321117
8052,0.39680097
8053,0.04682072
8054,0.04420089
8055,0.04697319
8056,0.04709684
8057,0.030621447
8058,0.00973428
8059,0.027440524
8060,0.28951177
8061,0.028287333
8062,0.030726204
8063,0.08343764
8064,0.08633084
8065,0.07931129
8066,0.042355865
8067,0.03031938
8068,0.27835786
8069,0.24827641
8070,0.08516683
8071,0.060285788
8072,0.029488819
8073,0.02515081
8074,0.024652224
8075,0.022736104
8076,0.03500237
8077,0.056570653
8078,0.120465085
8079,0.03304636
8080,0.040523157
8081,0.018209914
8082,0.020202257
8083,0.017796015
8084,0.03321991
8085,0.08590629
8086,0.08333075
8087,0.0922985
8088,0.053548824
8089,0.06252482
8090,0.05921806
8091,0.028863322
8092,0.015522987
8093,0.026233505
8094,0.032015182
8095,0.029824883
8096,0.030538255
8097,0.039908532
8098,0.018036248
8099,0.07362189
8100,0.07949985
8101,0.038215894
8102,0.043774534
8103,0.06030488
8104,0.06056054
8105,0.076447256
8106,0.015171182
8107,0.01731085
8108,0.03178171
8109,0.032241356
8110,0.043569658
8111,0.029998956
8112,0.03003106
8113,0.036162116
8114,0.01590936
8115,0.018498817
8116,0.075126976
8117,0.04135625
8118,0.060222205
8119,0.031566124
8120,0.05430816
8121,0.0404093
8122,0.018888075
8123,0.033027194
8124,0.012661413
8125,0.03190096
8126,0.036919054
8127,0.015237772
8128,0.043829788
8129,0.03619096
8130,0.07015201
8131,0.050954826
8132,0.035745084
8133,0.037801202
8134,0.018079007
8135,0.033322256
8136,0.0155119365
8137,0.024567977
8138,0.022687403
8139,0.017097285
8140,0.016187487
8141,0.033281587
8142,0.060280897
8143,0.05215833
8144,0.10400926
8145,0.018234855
8146,0.015936412
8147,0.016517589
8148,0.022617334
8149,0.019864412
8150,0.019637428
8151,0.019902756
8152,0.014349137
8153,0.030870844
8154,0.025244476
8155,0.06583289
8156,0.054650627
8157,0.05236512
8158,0.032114573
8159,0.09403337
8160,0.09864903
8161,0.013694463
8162,0.028120406
8163,0.10795291
8164,0.059628166
8165,0.0649488
8166,0.08288644
8167,0.05674383
8168,0.068494126
8169,0.05908573
8170,0.06411843
8171,0.089458555
8172,0.102785416
8173,0.26244426
8174,0.38406688
8175,0.2666031
8176,0.067883044
8177,0.27677742
8178,0.2926516
8179,0.2734755
8180,0.065370284
8181,0.05666874
8182,0.060991317
8183,0.06276406
8184,0.058339424
8185,0.020455154
8186,0.032476697
8187,0.2500543
8188,0.05451774
8189,0.54915214
8190,0.28025568
8191,0.07504748
8192,0.06298028
8193,0.25285804
8194,0.060078405
8195,0.029947056
8196,0.0368029
8197,0.03580999
8198,0.02697636
8199,0.06113811
8200,0.04453683
8201,0.056926448
8202,0.047712263
8203,0.42156342
8204,0.39298767
8205,0.059698652
8206,0.064830974
8207,0.29036537
8208,0.2516661
8209,0.057469297
8210,0.031762462
8211,0.03406372
8212,0.06018605
8213,0.054088227
8214,0.09119512
8215,0.43683028
8216,0.10803804
8217,0.12179936
8218,0.4668495
8219,0.056829687
8220,0.07052889
8221,0.43965513
8222,0.045988794
8223,0.389046
8224,0.07393511
8225,0.03536129
8226,0.03536129
8227,0.06788695
8228,0.11272268
8229,0.06590803
8230,0.092854045
8231,0.09050386
8232,0.058436483
8233,0.062236805
8234,0.06844498
8235,0.43425635
8236,0.047929022
8237,0.0430631
8238,0.06147307
8239,0.059195966
8240,0.035089884
8241,0.029785719
8242,0.06446516
8243,0.05819129
8244,0.06826148
8245,0.06891161
8246,0.08928113
8247,0.44713375
8248,0.09467606
8249,0.050349552
8250,0.037148274
8251,0.07019319
8252,0.43089733
8253,0.061138295
8254,0.06698344
8255,0.47412866
8256,0.13630968
8257,0.045291647
8258,0.044580176
8259,0.050235804
8260,0.05450095
8261,0.041823957
8262,0.0605526
8263,0.028771255
8264,0.06188027
8265,0.053421754
8266,0.08975266
8267,0.0914503
8268,0.088378355
8269,0.5032013
8270,0.13787037
8271,0.041658513
8272,0.079748265
8273,0.031210167
8274,0.05859459
8275,0.060792465
8276,0.264656
8277,0.105067566
8278,0.037368987
8279,0.05588355
8280,0.0506195
8281,0.05099831
8282,0.07854515
8283,0.08844892
8284,0.4908412
8285,0.043392833
8286,0.0469585
8287,0.04857265
8288,0.04173355
8289,0.07398857
8290,0.07695769
8291,0.064416155
8292,0.030432185
8293,0.049653858
8294,0.048838105
8295,0.075738624
8296,0.085654154
8297,0.042365137
8298,0.046166513
8299,0.037098978
8300,0.02335156
8301,0.018365528
8302,0.014679036
8303,0.060029846
8304,0.07032782
8305,0.29380026
8306,0.060520966
8307,0.09520029
8308,0.050041806
8309,0.043075267
8310,0.029758213
8311,0.03635739
8312,0.081996314
8313,0.04857265
8314,0.038747374
8315,0.08557891
8316,0.07681895
8317,0.064274594
8318,0.066555195
8319,0.0727384
8320,0.0762454
8321,0.04901206
8322,0.053743843
8323,0.07122477
8324,0.03427468
8325,0.04425389
8326,0.043819632
8327,0.049724046
8328,0.020228904
8329,0.018540572
8330,0.019023778
8331,0.06707537
8332,0.07112839
8333,0.29128048
8334,0.2681117
8335,0.26057371
8336,0.042194232
8337,0.04462624
8338,0.03718888
8339,0.03356009
8340,0.043739613
8341,0.04386038
8342,0.07547557
8343,0.07005463
8344,0.57424915
8345,0.06144046
8346,0.053988427
8347,0.08390968
8348,0.0524581
8349,0.047309797
8350,0.033832967
8351,0.045176476
8352,0.043489058
8353,0.051012035
8354,0.031231495
8355,0.03641269
8356,0.03477845
8357,0.037133567
8358,0.041360904
8359,0.069382094
8360,0.10689107
8361,0.10580468
8362,0.54323345
8363,0.5354335
8364,0.067323685
8365,0.067323685
8366,0.073239475
8367,0.07400026
8368,0.078230515
8369,0.040447
8370,0.039225057
8371,0.040576845
8372,0.070393294
8373,0.07179041
8374,0.05770704
8375,0.07028837
8376,0.0887938
8377,0.053205263
8378,0.06294917
8379,0.031729817
8380,0.05208618
8381,0.141215
8382,0.03607262
8383,0.04830293
8384,0.017143939
8385,0.03765402
8386,0.040765457
8387,0.076578215
8388,0.07404911
8389,0.27212334
8390,0.14060248
8391,0.26121563
8392,0.14155698
8393,0.07583055
8394,0.07609113
8395,0.07707319
8396,0.07814667
8397,0.07313659
8398,0.037426304
8399,0.03957999
8400,0.07934524
8401,0.07831253
8402,0.056153852
8403,0.069365345
8404,0.05882508
8405,0.058667764
8406,0.06341792
8407,0.03764999
8408,0.056085873
8409,0.05117329
8410,0.05123363
8411,0.039438594
8412,0.027845867
8413,0.04990183
8414,0.060995247
8415,0.12646124
8416,0.5570308
8417,0.09805785
8418,0.09805785
8419,0.07735611
8420,0.24150568
8421,0.07451601
8422,0.078532696
8423,0.0774784
8424,0.05849588
8425,0.2566029
8426,0.05628304
8427,0.0838387
8428,0.058786772
8429,0.0863451
8430,0.045939304
8431,0.05129139
8432,0.038103785
8433,0.036747318
8434,0.031798273
8435,0.03354633
8436,0.06972019
8437,0.06314865
8438,0.13885716
8439,0.5589662
8440,0.0903105
8441,0.07058188
8442,0.24686718
8443,0.10235205
8444,0.2517426
8445,0.27649802
8446,0.06942789
8447,0.033689898
8448,0.037983667
8449,0.05730955
8450,0.067432225
8451,0.08148784
8452,0.07943844
8453,0.08482094
8454,0.083728254
8455,0.035192937
8456,0.036709253
8457,0.039798573
8458,0.040292926
8459,0.12769902
8460,0.14016978
8461,0.10091264
8462,0.10403872
8463,0.09431908
8464,0.09551825
8465,0.09950177
8466,0.14913659
8467,0.17028946
8468,0.27024
8469,0.10685374
8470,0.07118224
8471,0.060859088
8472,0.093222566
8473,0.7233018
8474,0.08150757
8475,0.077519566
8476,0.39207965
8477,0.26531833
8478,0.036104184
8479,0.025637485
8480,0.026786633
8481,0.035499774
8482,0.05159667
8483,0.11401869
8484,0.26030606
8485,0.10091264
8486,0.10111053
8487,0.09689762
8488,0.25675103
8489,0.09412591
8490,0.14400892
8491,0.2570782
8492,0.50586015
8493,0.10002819
8494,0.057567313
8495,0.044985645
8496,0.054704536
8497,0.27715737
8498,0.76922625
8499,0.08046459
8500,0.082712315
8501,0.42696214
8502,0.036685694
8503,0.02684686
8504,0.38245365
8505,0.029308746
8506,0.054618046
8507,0.053882707
8508,0.017479507
8509,0.03199371
8510,0.57782716
8511,0.08262364
8512,0.0833006
8513,0.26965076
8514,0.18891554
8515,0.2839127
8516,0.52320033
8517,0.27992573
8518,0.039614916
8519,0.26388696
8520,0.2776726
8521,0.087967135
8522,0.74678606
8523,0.7948164
8524,0.413338
8525,0.08319065
8526,0.08431143
8527,0.07927758
8528,0.026183428
8529,0.057833917
8530,0.049450103
8531,0.039036803
8532,0.028253969
8533,0.036492188
8534,0.04359815
8535,0.06910274
8536,0.098879874
8537,0.102585696
8538,0.0864712
8539,0.110225655
8540,0.13099054
8541,0.14140676
8542,0.13973986
8543,0.27082872
8544,0.26913482
8545,0.03957389
8546,0.06048073
8547,0.1312647
8548,0.050245166
8549,0.29471165
8550,0.79172176
8551,0.86251545
8552,0.4424014
8553,0.07456167
8554,0.07571449
8555,0.026585747
8556,0.04450579
8557,0.39829832
8558,0.035957858
8559,0.0378333
8560,0.026513118
8561,0.028910507
8562,0.050877422
8563,0.06327871
8564,0.0665562
8565,0.06906063
8566,0.5107634
8567,0.083721936
8568,0.12673652
8569,0.13137257
8570,0.10058816
8571,0.09779712
8572,0.07969148
8573,0.2436509
8574,0.26649943
8575,0.08523475
8576,0.2881809
8577,0.08597909
8578,0.25722963
8579,0.8464394
8580,0.69387597
8581,0.7896817
8582,0.055300158
8583,0.2621677
8584,0.07767496
8585,0.106489934
8586,0.10957288
8587,0.27732006
8588,0.04959735
8589,0.044519812
8590,0.019210616
8591,0.05500645
8592,0.05253126
8593,0.09352996
8594,0.0835088
8595,0.53222615
8596,0.61196554
8597,0.27268434
8598,0.11515045
8599,0.10026997
8600,0.121225595
8601,0.09241672
8602,0.095943645
8603,0.06360798
8604,0.12077863
8605,0.11893988
8606,0.090681165
8607,0.1050242
8608,0.032712348
8609,0.7217916
8610,0.7944747
8611,0.7427475
8612,0.0463779
8613,0.051558923
8614,0.5531658
8615,0.2995654
8616,0.021662546
8617,0.039265983
8618,0.029125305
8619,0.08078097
8620,0.07148514
8621,0.5182834
8622,0.59322464
8623,0.1304256
8624,0.14784767
8625,0.12632746
8626,0.16861913
8627,0.13007686
8628,0.49658304
8629,0.24873194
8630,0.06930778
8631,0.078814656
8632,0.08571189
8633,0.09270388
8634,0.10440262
8635,0.05922892
8636,0.7321309
8637,0.2726623
8638,0.27062696
8639,0.054527704
8640,0.07511746
8641,0.07833087
8642,0.06207255
8643,0.14716761
8644,0.045385536
8645,0.05034654
8646,0.019281909
8647,0.042065024
8648,0.037646707
8649,0.070221804
8650,0.066326216
8651,0.2645702
8652,0.8720333
8653,0.52160656
8654,0.2806411
8655,0.10357326
8656,0.17308396
8657,0.1318708
8658,0.4203054
8659,0.06117843
8660,0.062109962
8661,0.07694343
8662,0.10504188
8663,0.09351258
8664,0.07097273
8665,0.28822055
8666,0.26852417
8667,0.2685058
8668,0.9472939
8669,0.077187836
8670,0.069364384
8671,0.06543915
8672,0.25162846
8673,0.050445966
8674,0.052734498
8675,0.23573722
8676,0.028500259
8677,0.021658313
8678,0.06529336
8679,0.08843548
8680,0.2513778
8681,0.491132
8682,0.5249708
8683,0.6567426
8684,0.50725377
8685,0.1774618
8686,0.16076522
8687,0.27892765
8688,0.08841334
8689,0.10041921
8690,0.090708494
8691,0.06651281
8692,0.06392728
8693,0.276184
8694,0.92128927
8695,0.054231487
8696,0.55128515
8697,0.52624506
8698,0.043799248
8699,0.05012105
8700,0.08892877
8701,0.085078135
8702,0.061483648
8703,0.016512226
8704,0.02772603
8705,0.08062399
8706,0.08379481
8707,0.15121312
8708,0.12610483
8709,0.65474236
8710,0.6957482
8711,0.535983
8712,0.5663082
8713,0.5651414
8714,0.12862624
8715,0.09230601
8716,0.052198958
8717,0.06646977
8718,0.0627997
8719,0.2798079
8720,0.08767514
8721,0.043614507
8722,0.072583064
8723,0.26850694
8724,0.0515014
8725,0.050575107
8726,0.051951822
8727,0.08820748
8728,0.060580876
8729,0.047365025
8730,0.049956564
8731,0.016581437
8732,0.034468934
8733,0.089221396
8734,0.10616792
8735,0.12274549
8736,0.24803968
8737,0.25574607
8738,0.4979768
8739,0.70753646
8740,0.7910564
8741,0.4359615
8742,0.08442498
8743,0.050859526
8744,0.05406038
8745,0.06257086
8746,0.06550466
8747,0.0889621
8748,0.04039716
8749,0.041085344
8750,0.063797854
8751,0.6241575
8752,0.26028243
8753,0.06042757
8754,0.08502385
8755,0.07175761
8756,0.23532712
8757,0.1012927
8758,0.08569005
8759,0.06609388
8760,0.06752241
8761,0.0117200045
8762,0.02592276
8763,0.088488795
8764,0.10326688
8765,0.12175634
8766,0.48790085
8767,0.53311855
8768,0.27183753
8769,0.76126415
8770,0.46995756
8771,0.42843688
8772,0.083071604
8773,0.054786794
8774,0.06386224
8775,0.06338358
8776,0.08761263
8777,0.027589343
8778,0.03992529
8779,0.063929215
8780,0.05386432
8781,0.45735136
8782,0.2787519
8783,0.41730103
8784,0.075954586
8785,0.09289289
8786,0.10984475
8787,0.07310416
8788,0.08376045
8789,0.055771176
8790,0.0665616
8791,0.042804085
8792,0.08704465
8793,0.59786296
8794,0.57472557
8795,0.49855763
8796,0.24315278
8797,0.25873175
8798,0.091920964
8799,0.091920964
8800,0.026864976
8801,0.06566632
8802,0.05247467
8803,0.06214838
8804,0.08089864
8805,0.08513044
8806,0.08954334
8807,0.05042905
8808,0.26411778
8809,0.042664524
8810,0.046253446
8811,0.34669894
8812,0.027074499
8813,0.064745635
8814,0.041137774
8815,0.04119031
8816,0.12518105
8817,0.30144984
8818,0.07762133
8819,0.25481498
8820,0.26488373
8821,0.09540687
8822,0.10175016
8823,0.024617415
8824,0.07281986
8825,0.050742377
8826,0.05007073
8827,0.06273411
8828,0.077004455
8829,0.08534415
8830,0.05079279
8831,0.46907917
8832,0.04607337
8833,0.03280222
8834,0.124035224
8835,0.037262473
8836,0.05908595
8837,0.07796917
8838,0.116904564
8839,0.06607785
8840,0.098408416
8841,0.047919374
8842,0.08578363
8843,0.08274017
8844,0.43589965
8845,0.45473233
8846,0.10872051
8847,0.023314284
8848,0.0666284
8849,0.05260672
8850,0.043090407
8851,0.06256499
8852,0.0508895
8853,0.085810825
8854,0.09913377
8855,0.047607314
8856,0.045302734
8857,0.04583847
8858,0.042530216
8859,0.0492747
8860,0.03659706
8861,0.034604568
8862,0.07745602
8863,0.13308401
8864,0.35919943
8865,0.043605525
8866,0.052839734
8867,0.08427449
8868,0.03681952
8869,0.10111118
8870,0.45502302
8871,0.085648306
8872,0.020649383
8873,0.25116807
8874,0.059351023
8875,0.05035573
8876,0.06036698
8877,0.085040204
8878,0.08931072
8879,0.04725907
8880,0.04235168
8881,0.050575856
8882,0.047138456
8883,0.036231495
8884,0.051148772
8885,0.10136976
8886,0.05802039
8887,0.042014606
8888,0.03974674
8889,0.060909655
8890,0.057685684
8891,0.43896577
8892,0.042337082
8893,0.03481955
8894,0.036967646
8895,0.048283346
8896,0.06599925
8897,0.07007374
8898,0.26211733
8899,0.047737554
8900,0.24866185
8901,0.063839294
8902,0.058891825
8903,0.043135617
8904,0.06478665
8905,0.06830046
8906,0.09285887
8907,0.049053073
8908,0.043992538
8909,0.055597484
8910,0.086536065
8911,0.054250434
8912,0.046076152
8913,0.027282214
8914,0.2776651
8915,0.5621384
8916,0.28430912
8917,0.040454257
8918,0.038659822
8919,0.04336668
8920,0.035850085
8921,0.031355195
8922,0.063259974
8923,0.06940688
8924,0.7332056
8925,0.067531
8926,0.07310685
8927,0.07365306
8928,0.07125937
8929,0.06610425
8930,0.03944127
8931,0.035246935
8932,0.0675267
8933,0.5026724
8934,0.09224262
8935,0.26278034
8936,0.050455455
8937,0.04749288
8938,0.04924589
8939,0.084385976
8940,0.062323783
8941,0.062746435
8942,0.020831937
8943,0.052479476
8944,0.06038471
8945,0.038725868
8946,0.024601823
8947,0.028711934
8948,0.038766358
8949,0.041893832
8950,0.028108085
8951,0.07395528
8952,0.06702985
8953,0.06715149
8954,0.08345588
8955,0.066368885
8956,0.06335997
8957,0.06583747
8958,0.037242997
8959,0.03639841
8960,0.061534453
8961,0.5132308
8962,0.09835077
8963,0.04907751
8964,0.04641054
8965,0.04570026
8966,0.06487354
8967,0.06353328
8968,0.027668009
8969,0.5350184
8970,0.025424022
8971,0.025145594
8972,0.037715945
8973,0.034169096
8974,0.06847237
8975,0.081151426
8976,0.061019238
8977,0.07062669
8978,0.067405105
8979,0.034443133
8980,0.03844136
8981,0.0663974
8982,0.2985212
8983,0.045330536
8984,0.047980785
8985,0.048119426
8986,0.051190797
8987,0.05035984
8988,0.028106125
8989,0.017007377
8990,0.025870532
8991,0.039418496
8992,0.27491605
8993,0.03464581
8994,0.015754055
8995,0.01662311
8996,0.016246542
8997,0.028196834
8998,0.027156236
8999,0.07329795
9000,0.08546388
9001,0.08545282
9002,0.0388251
9003,0.04475416
9004,0.03172635
9005,0.026312819
9006,0.0534398
9007,0.2618575
9008,0.10818306
9009,0.05512368
9010,0.027904762
9011,0.032869924
9012,0.023408525
9013,0.021605635
9014,0.03840765
9015,0.038875546
9016,0.03689935
9017,0.031612176
9018,0.04212955
9019,0.02107453
9020,0.016226726
9021,0.030547045
9022,0.066226184
9023,0.086465694
9024,0.08720358
9025,0.045991853
9026,0.060003
9027,0.23934172
9028,0.022908574
9029,0.02503304
9030,0.040232074
9031,0.038028363
9032,0.051033985
9033,0.028838854
9034,0.030893086
9035,0.039151818
9036,0.0780792
9037,0.0791868
9038,0.044409268
9039,0.050960436
9040,0.0568403
9041,0.06267462
9042,0.0719423
9043,0.014953901
9044,0.017609034
9045,0.041402753
9046,0.033195887
9047,0.041538563
9048,0.031606942
9049,0.041531656
9050,0.02575987
9051,0.019698396
9052,0.07791806
9053,0.046113845
9054,0.028343245
9055,0.09102831
9056,0.033291053
9057,0.06207857
9058,0.031019907
9059,0.036792938
9060,0.014151948
9061,0.015479311
9062,0.038018804
9063,0.021098806
9064,0.031875443
9065,0.03093979
9066,0.060553737
9067,0.0529088
9068,0.03947253
9069,0.027971113
9070,0.029867658
9071,0.019553164
9072,0.02230355
9073,0.03126009
9074,0.028890366
9075,0.03430622
9076,0.01904807
9077,0.022880796
9078,0.019356743
9079,0.015044289
9080,0.03547351
9081,0.07266118
9082,0.070812255
9083,0.03870836
9084,0.11124017
9085,0.016884947
9086,0.02187555
9087,0.021693112
9088,0.012312608
9089,0.013682189
9090,0.016764905
9091,0.019832185
9092,0.020977668
9093,0.01689193
9094,0.027927991
9095,0.025065267
9096,0.07509282
9097,0.066020116
9098,0.06675907
9099,0.070022784
9100,0.097396396
9101,0.031805072
9102,0.03682016
9103,0.08859696
9104,0.0559918
9105,0.06266138
9106,0.064494714
9107,0.026334127
9108,0.0830489
9109,0.073986314
9110,0.030409468
9111,0.07368745
9112,0.06427014
9113,0.0962498
9114,0.09354075
9115,0.26549232
9116,0.4435689
9117,0.028801717
9118,0.28498974
9119,0.055790864
9120,0.08751142
9121,0.086681515
9122,0.060697272
9123,0.053103264
9124,0.057729274
9125,0.056188397
9126,0.05840897
9127,0.023066973
9128,0.03425617
9129,0.03238244
9130,0.071411654
9131,0.06796991
9132,0.5448923
9133,0.09819758
9134,0.062081117
9135,0.058846086
9136,0.07267887
9137,0.05638451
9138,0.025811087
9139,0.02429065
9140,0.039994244
9141,0.06801082
9142,0.04022516
9143,0.066016026
9144,0.063252516
9145,0.42761725
9146,0.37165377
9147,0.06048555
9148,0.059269905
9149,0.47946927
9150,0.0587028
9151,0.03476374
9152,0.0348341
9153,0.063927114
9154,0.05936423
9155,0.102844425
9156,0.48745528
9157,0.09956962
9158,0.26636225
9159,0.32040682
9160,0.061640617
9161,0.06604522
9162,0.5415276
9163,0.05078705
9164,0.044119168
9165,0.25036123
9166,0.05650205
9167,0.038735017
9168,0.0442476
9169,0.06884157
9170,0.04448115
9171,0.10964545
9172,0.079758085
9173,0.09025254
9174,0.058338173
9175,0.07065246
9176,0.48854113
9177,0.41602707
9178,0.04956675
9179,0.04689945
9180,0.041193817
9181,0.058628876
9182,0.06338053
9183,0.039172396
9184,0.029912164
9185,0.057235267
9186,0.07677809
9187,0.0935192
9188,0.11416389
9189,0.05989152
9190,0.47563127
9191,0.09371472
9192,0.045760386
9193,0.04621006
9194,0.042951223
9195,0.038567636
9196,0.030950744
9197,0.07166527
9198,0.07498419
9199,0.39052123
9200,0.058207482
9201,0.07902693
9202,0.4120701
9203,0.28736722
9204,0.050960172
9205,0.050270326
9206,0.047098972
9207,0.040452555
9208,0.035240263
9209,0.062007904
9210,0.062339295
9211,0.06055569
9212,0.083879314
9213,0.17793438
9214,0.47841176
9215,0.4370998
9216,0.043446653
9217,0.044227034
9218,0.04490061
9219,0.074717864
9220,0.036219545
9221,0.030470032
9222,0.05840281
9223,0.05937335
9224,0.091474906
9225,0.0860915
9226,0.029231826
9227,0.057126515
9228,0.053774312
9229,0.08305233
9230,0.5053229
9231,0.04593661
9232,0.04252113
9233,0.042459786
9234,0.043147046
9235,0.07442896
9236,0.07313634
9237,0.03685081
9238,0.033273123
9239,0.05368864
9240,0.06933039
9241,0.07322933
9242,0.2324292
9243,0.04738546
9244,0.029954093
9245,0.03165549
9246,0.028314488
9247,0.01477079
9248,0.06332426
9249,0.06181868
9250,0.2841524
9251,0.04270217
9252,0.08741266
9253,0.053303447
9254,0.04511611
9255,0.03262594
9256,0.03897741
9257,0.08048864
9258,0.055968575
9259,0.05250787
9260,0.042119265
9261,0.045207184
9262,0.07871134
9263,0.077365786
9264,0.065362
9265,0.06390705
9266,0.077529624
9267,0.07273637
9268,0.048752077
9269,0.05446395
9270,0.047436893
9271,0.050472286
9272,0.04844042
9273,0.02011884
9274,0.01857574
9275,0.021699535
9276,0.058760673
9277,0.0644568
9278,0.28996265
9279,0.07172282
9280,0.26092178
9281,0.047217306
9282,0.051680107
9283,0.037516613
9284,0.03892837
9285,0.040610686
9286,0.07155991
9287,0.07468809
9288,0.12429546
9289,0.06455173
9290,0.05851086
9291,0.08141097
9292,0.076103196
9293,0.048039872
9294,0.04666661
9295,0.033832505
9296,0.04530014
9297,0.049230505
9298,0.027540242
9299,0.02090041
9300,0.03585632
9301,0.0293228
9302,0.05029103
9303,0.06925378
9304,0.11645046
9305,0.11645197
9306,0.27269936
9307,0.51636666
9308,0.068940766
9309,0.0669347
9310,0.07770627
9311,0.07627063
9312,0.07967664
9313,0.04304404
9314,0.044046752
9315,0.07709898
9316,0.05684227
9317,0.052288882
9318,0.06215427
9319,0.080590725
9320,0.072937354
9321,0.08385588
9322,0.06355577
9323,0.029167512
9324,0.043927938
9325,0.0352241
9326,0.051376227
9327,0.027349062
9328,0.03709202
9329,0.02832175
9330,0.08173403
9331,0.072985366
9332,0.26469326
9333,0.1323534
9334,0.13916008
9335,0.15011398
9336,0.082730286
9337,0.07690628
9338,0.077433564
9339,0.07322851
9340,0.07226025
9341,0.039542083
9342,0.07137705
9343,0.071875095
9344,0.054790467
9345,0.067151494
9346,0.058089297
9347,0.063438356
9348,0.061746337
9349,0.033708807
9350,0.049366977
9351,0.035466574
9352,0.050798573
9353,0.035952743
9354,0.0333323
9355,0.030918274
9356,0.039667383
9357,0.066979066
9358,0.05971651
9359,0.13196394
9360,0.5802183
9361,0.10490264
9362,0.11508513
9363,0.07858441
9364,0.09041149
9365,0.07579242
9366,0.07954649
9367,0.070858754
9368,0.038412284
9369,0.06182051
9370,0.27160805
9371,0.05675364
9372,0.08620833
9373,0.05973551
9374,0.084892616
9375,0.056705266
9376,0.05604971
9377,0.036578905
9378,0.034451097
9379,0.022507349
9380,0.07496027
9381,0.065863594
9382,0.13012105
9383,0.6125316
9384,0.12540716
9385,0.077868305
9386,0.2432118
9387,0.090047985
9388,0.2780523
9389,0.2661714
9390,0.069971964
9391,0.042933673
9392,0.03779503
9393,0.0747158
9394,0.07800515
9395,0.07522802
9396,0.26698136
9397,0.085271545
9398,0.03268123
9399,0.036944862
9400,0.042796414
9401,0.03764172
9402,0.08874393
9403,0.10113796
9404,0.0938979
9405,0.098205306
9406,0.09440083
9407,0.092303745
9408,0.095904484
9409,0.15157673
9410,0.26185876
9411,0.26181436
9412,0.10747595
9413,0.06566252
9414,0.05952903
9415,0.052959714
9416,0.067447945
9417,0.0913758
9418,0.6564677
9419,0.08570187
9420,0.078858875
9421,0.3983465
9422,0.08008569
9423,0.040478118
9424,0.036332585
9425,0.028376782
9426,0.03719847
9427,0.039559208
9428,0.05666303
9429,0.115639694
9430,0.24792087
9431,0.117682256
9432,0.09790373
9433,0.25652996
9434,0.24331771
9435,0.14479914
9436,0.26192483
9437,0.5369035
9438,0.10062811
9439,0.055109937
9440,0.054037273
9441,0.057332985
9442,0.0441574
9443,0.27257615
9444,0.76959515
9445,0.083379716
9446,0.08530014
9447,0.4838801
9448,0.032768644
9449,0.0411604
9450,0.2554027
9451,0.03378288
9452,0.061298896
9453,0.04346982
9454,0.03988033
9455,0.031000106
9456,0.102368176
9457,0.27531618
9458,0.0871068
9459,0.08447927
9460,0.25702998
9461,0.13872567
9462,0.2690443
9463,0.55215144
9464,0.2789472
9465,0.03624216
9466,0.13071945
9467,0.2827983
9468,0.25832522
9469,0.7606126
9470,0.7929995
9471,0.3011144
9472,0.07773201
9473,0.07734892
9474,0.03437755
9475,0.056773413
9476,0.05549371
9477,0.03838734
9478,0.024851616
9479,0.028242236
9480,0.066949874
9481,0.05358348
9482,0.083610244
9483,0.10718742
9484,0.08649732
9485,0.09917277
9486,0.13642704
9487,0.12549327
9488,0.12310218
9489,0.109120004
9490,0.27446243
9491,0.035791475
9492,0.056892265
9493,0.2875103
9494,0.05078082
9495,0.09911544
9496,0.7000299
9497,0.8333754
9498,0.46626726
9499,0.07357636
9500,0.08163989
9501,0.03271197
9502,0.049243696
9503,0.42648044
9504,0.045125004
9505,0.022951085
9506,0.025647247
9507,0.03405388
9508,0.07635488
9509,0.051264428
9510,0.06455865
9511,0.07284239
9512,0.54827803
9513,0.09132734
9514,0.13262613
9515,0.12396556
9516,0.09973769
9517,0.10586679
9518,0.0684754
9519,0.24418932
9520,0.27107352
9521,0.44064066
9522,0.09295558
9523,0.08949245
9524,0.7449483
9525,0.8826413
9526,0.63558376
9527,0.04645524
9528,0.07713103
9529,0.07490529
9530,0.06587059
9531,0.2920565
9532,0.11534893
9533,0.27348754
9534,0.049985055
9535,0.045425553
9536,0.033570264
9537,0.04924681
9538,0.03902359
9539,0.07575119
9540,0.067095265
9541,0.5088451
9542,0.27421018
9543,0.12414433
9544,0.12861313
9545,0.09662199
9546,0.100189365
9547,0.094142206
9548,0.1043833
9549,0.07003748
9550,0.070646174
9551,0.11780056
9552,0.2864685
9553,0.08844434
9554,0.10369897
9555,0.030832259
9556,0.7236964
9557,0.8456314
9558,0.6441451
9559,0.056337427
9560,0.052040674
9561,0.26081938
9562,0.06563414
9563,0.28738657
9564,0.11193212
9565,0.03573423
9566,0.02250588
9567,0.045419574
9568,0.030517725
9569,0.06379605
9570,0.05863867
9571,0.44297272
9572,0.5220589
9573,0.1281228
9574,0.14521866
9575,0.10644606
9576,0.1687022
9577,0.12300231
9578,0.5082547
9579,0.06881156
9580,0.06381676
9581,0.0761009
9582,0.07933275
9583,0.09248305
9584,0.09587935
9585,0.06146919
9586,0.7405588
9587,0.46514755
9588,0.2848996
9589,0.05315078
9590,0.07503351
9591,0.07747208
9592,0.063233994
9593,0.26593655
9594,0.05914392
9595,0.055157233
9596,0.01933467
9597,0.05827733
9598,0.03379157
9599,0.066402316
9600,0.06692918
9601,0.4918454
9602,0.80768675
9603,0.4828937
9604,0.28387612
9605,0.101115674
9606,0.17212164
9607,0.24652511
9608,0.43630588
9609,0.06626788
9610,0.070918
9611,0.079816274
9612,0.078113176
9613,0.2765944
9614,0.09482281
9615,0.06407805
9616,0.2827891
9617,0.1637485
9618,0.27333885
9619,1.0000161
9620,0.08052205
9621,0.26787275
9622,0.26023573
9623,0.04644044
9624,0.058291417
9625,0.3559634
9626,0.030913565
9627,0.022860594
9628,0.06515432
9629,0.0857105
9630,0.2473348
9631,0.4515247
9632,0.26468047
9633,0.6813992
9634,0.5429655
9635,0.16243283
9636,0.27562216
9637,0.55910724
9638,0.0793815
9639,0.09905413
9640,0.27888504
9641,0.06920228
9642,0.06766435
9643,0.4824017
9644,0.25967222
9645,0.04034316
9646,0.5804293
9647,0.5713399
9648,0.052067645
9649,0.046115298
9650,0.09295701
9651,0.07496674
9652,0.062293652
9653,0.052902233
9654,0.022860594
9655,0.020390274
9656,0.06523055
9657,0.08819141
9658,0.16214788
9659,0.12648563
9660,0.6396235
9661,0.7029882
9662,0.5430312
9663,0.5464281
9664,0.5401564
9665,0.12084577
9666,0.10394849
9667,0.05172998
9668,0.06385647
9669,0.25343856
9670,0.27364156
9671,0.10246108
9672,0.040236067
9673,0.067825206
9674,0.26705298
9675,0.051190652
9676,0.056409724
9677,0.050179858
9678,0.08862791
9679,0.06519567
9680,0.06477252
9681,0.048790082
9682,0.04526094
9683,0.018743977
9684,0.014544111
9685,0.08737286
9686,0.104696296
9687,0.121711746
9688,0.29541686
9689,0.28511837
9690,0.4355168
9691,0.73880047
9692,0.8068624
9693,0.3877793
9694,0.08903671
9695,0.05511993
9696,0.06348651
9697,0.070577264
9698,0.08920307
9699,0.029542962
9700,0.06818207
9701,0.60362893
9702,0.052839026
9703,0.06252877
9704,0.25326267
9705,0.07255354
9706,0.24376695
9707,0.079595
9708,0.0794152
9709,0.053557027
9710,0.006698832
9711,0.012968127
9712,0.087529026
9713,0.105857685
9714,0.12669225
9715,0.5168448
9716,0.469841
9717,0.27317795
9718,0.7258308
9719,0.42291564
9720,0.44514075
9721,0.08313705
9722,0.05287107
9723,0.06685736
9724,0.09507918
9725,0.031562887
9726,0.03948913
9727,0.06208203
9728,0.054070003
9729,0.45934233
9730,0.2777564
9731,0.44044358
9732,0.072934516
9733,0.099017195
9734,0.098398075
9735,0.08695085
9736,0.07986856
9737,0.0542809
9738,0.06943968
9739,0.043135766
9740,0.08456726
9741,0.62897676
9742,0.5371098
9743,0.52355164
9744,0.22796197
9745,0.44985777
9746,0.09433015
9747,0.09794297
9748,0.02383124
9749,0.059999056
9750,0.049680166
9751,0.059117515
9752,0.053839058
9753,0.079152286
9754,0.08529607
9755,0.09882658
9756,0.04544767
9757,0.27639493
9758,0.044341486
9759,0.059304
9760,0.04054084
9761,0.27652147
9762,0.038513534
9763,0.03621838
9764,0.06373856
9765,0.12431476
9766,0.11836516
9767,0.079953685
9768,0.06807381
9769,0.26085597
9770,0.2583032
9771,0.09476626
9772,0.09829816
9773,0.057950642
9774,0.049570847
9775,0.050626818
9776,0.0572071
9777,0.078930855
9778,0.08683111
9779,0.04399489
9780,0.25635898
9781,0.049245194
9782,0.044974156
9783,0.042243462
9784,0.1180166
9785,0.051814098
9786,0.07999018
9787,0.11420297
9788,0.05100397
9789,0.07754431
9790,0.04840541
9791,0.082312256
9792,0.25480738
9793,0.48428753
9794,0.46435592
9795,0.10307778
9796,0.02735732
9797,0.06952649
9798,0.04958264
9799,0.049680166
9800,0.059219785
9801,0.0503283
9802,0.08607999
9803,0.08695284
9804,0.049020674
9805,0.04176329
9806,0.044944428
9807,0.043755125
9808,0.0433449
9809,0.035820466
9810,0.03731626
9811,0.079634316
9812,0.11561805
9813,0.35906553
9814,0.055011738
9815,0.045799036
9816,0.090672866
9817,0.04307829
9818,0.098175064
9819,0.272807
9820,0.094241746
9821,0.0230828
9822,0.25684977
9823,0.058554314
9824,0.051298503
9825,0.085192874
9826,0.10449179
9827,0.050223533
9828,0.0467333
9829,0.0520764
9830,0.037519086
9831,0.034784682
9832,0.049319457
9833,0.11665775
9834,0.057864957
9835,0.038905997
9836,0.04065532
9837,0.059611518
9838,0.060606238
9839,0.48317197
9840,0.03874979
9841,0.0383521
9842,0.049653437
9843,0.06944579
9844,0.0675173
9845,0.25451684
9846,0.048157677
9847,0.25694412
9848,0.068508714
9849,0.068786316
9850,0.05007188
9851,0.06582771
9852,0.06548281
9853,0.26454675
9854,0.044813957
9855,0.046866905
9856,0.04981396
9857,0.106674366
9858,0.060687505
9859,0.044121873
9860,0.02450979
9861,0.55991673
9862,0.5086185
9863,0.27977246
9864,0.04040633
9865,0.025168454
9866,0.046941467
9867,0.042614456
9868,0.032886237
9869,0.030424915
9870,0.07244825
9871,0.06647892
9872,0.8108084
9873,0.08907593
9874,0.079743005
9875,0.07009035
9876,0.061926387
9877,0.036742877
9878,0.036396768
9879,0.06513593
9880,0.31894842
9881,0.08861965
9882,0.25998548
9883,0.045069233
9884,0.042630125
9885,0.08595701
9886,0.0524412
9887,0.058431335
9888,0.025394706
9889,0.05817058
9890,0.03778925
9891,0.02796621
9892,0.03723603
9893,0.040258314
9894,0.03281541
9895,0.071169905
9896,0.06762026
9897,0.069428034
9898,0.06990868
9899,0.061017193
9900,0.06731103
9901,0.06642508
9902,0.06606559
9903,0.5225445
9904,0.09255281
9905,0.0470638
9906,0.04686344
9907,0.06139462
9908,0.06173582
9909,0.031320915
9910,0.56547904
9911,0.03274508
9912,0.030064061
9913,0.023311296
9914,0.06769051
9915,0.08304646
9916,0.059526782
9917,0.06540786
9918,0.06555114
9919,0.06786436
9920,0.0369444
9921,0.06391119
9922,0.4192239
9923,0.04771677
9924,0.04536679
9925,0.04287406
9926,0.05951353
9927,0.026140282
9928,0.020985665
9929,0.038414225
9930,0.2847846
9931,0.031041395
9932,0.015592047
9933,0.01597778
9934,0.034211796
9935,0.028284254
9936,0.08484656
9937,0.08299108
9938,0.08643626
9939,0.040161945
9940,0.04260826
9941,0.028830418
9942,0.05246353
9943,0.2565543
9944,0.09741607
9945,0.023711098
9946,0.025397042
9947,0.023147458
9948,0.041135397
9949,0.04864052
9950,0.04159056
9951,0.035387773
9952,0.017199626
9953,0.01842893
9954,0.01673499
9955,0.03552647
9956,0.07885765
9957,0.08968411
9958,0.0899642
9959,0.029328719
9960,0.024911888
9961,0.2941736
9962,0.06547558
9963,0.06681769
9964,0.02790967
9965,0.035249267
9966,0.017848069
9967,0.027613614
9968,0.03290149
9969,0.04616306
9970,0.02449322
9971,0.029229796
9972,0.03708728
9973,0.014829958
9974,0.08010477
9975,0.08402759
9976,0.024863014
9977,0.05163203
9978,0.07591328
9979,0.062304314
9980,0.01965208
9981,0.037538074
9982,0.04258153
9983,0.041103628
9984,0.016698165
9985,0.015770266
9986,0.08344118
9987,0.024911888
9988,0.051086493
9989,0.06506993
9990,0.03174389
9991,0.05699421
9992,0.02381248
9993,0.023347247
9994,0.03245462
9995,0.0170202
9996,0.015342732
9997,0.024515938
9998,0.042268507
9999,0.034145724
10000,0.035720486
10001,0.06661282
10002,0.054163743
10003,0.030020602
10004,0.058493353
10005,0.025781805
10006,0.025531719
10007,0.03011657
10008,0.025200393
10009,0.019764813
10010,0.021704186
10011,0.022054568
10012,0.015545274
10013,0.03809707
10014,0.064891905
10015,0.061567135
10016,0.09665067
10017,0.019046828
10018,0.02411116
10019,0.015228621
10020,0.013818438
10021,0.019340511
10022,0.023505693
10023,0.02358494
10024,0.018819598
10025,0.019649956
10026,0.01683128
10027,0.028270444
10028,0.07132358
10029,0.0736142
10030,0.0675688
10031,0.10688859
10032,0.02283757
10033,0.028226951
10034,0.04570713
10035,0.26776484
10036,0.119427934
10037,0.06340221
10038,0.06589998
10039,0.0655388
10040,0.044123486
10041,0.06999292
10042,0.066060536
10043,0.05831258
10044,0.06680341
10045,0.057078738
10046,0.09140934
10047,0.08416021
10048,0.40521902
10049,0.4624945
10050,0.05899593
10051,0.056973808
10052,0.06168346
10053,0.020801585
10054,0.29003483
10055,0.057231832
10056,0.27196798
10057,0.09015339
10058,0.28110942
10059,0.06664819
10060,0.062360846
10061,0.058050707
10062,0.031860065
10063,0.03163836
10064,0.040724766
10065,0.05756329
10066,0.48475873
10067,0.31505513
10068,0.06116791
10069,0.06532939
10070,0.26518986
10071,0.06379069
10072,0.06676251
10073,0.030455276
10074,0.031615723
10075,0.057255607
10076,0.034674875
10077,0.05622298
10078,0.2539758
10079,0.40901375
10080,0.43092388
10081,0.072285965
10082,0.07525974
10083,0.25498515
10084,0.06132669
10085,0.023222508
10086,0.02968857
10087,0.060061328
10088,0.055565767
10089,0.061409272
10090,0.42972317
10091,0.11255257
10092,0.29834196
10093,0.43472
10094,0.055248767
10095,0.06443068
10096,0.44376305
10097,0.049303066
10098,0.25290066
10099,0.05615997
10100,0.03808981
10101,0.036770504
10102,0.06604004
10103,0.11097618
10104,0.28582314
10105,0.09447294
10106,0.09392804
10107,0.06496651
10108,0.28541073
10109,0.28961298
10110,0.046178825
10111,0.048606165
10112,0.03977618
10113,0.056962915
10114,0.05784435
10115,0.03880711
10116,0.033467874
10117,0.053040985
10118,0.05553355
10119,0.08568561
10120,0.07447663
10121,0.10313298
10122,0.055697408
10123,0.2680589
10124,0.0688907
10125,0.09345844
10126,0.051491525
10127,0.050973162
10128,0.04362091
10129,0.035762582
10130,0.07585647
10131,0.4310457
10132,0.060890164
10133,0.06298171
10134,0.41732606
10135,0.29126886
10136,0.050341304
10137,0.051063705
10138,0.042220112
10139,0.04089052
10140,0.043491658
10141,0.033062957
10142,0.0640476
10143,0.06579707
10144,0.045218077
10145,0.06391241
10146,0.11035871
10147,0.08419178
10148,0.28129888
10149,0.5040623
10150,0.044842694
10151,0.040850244
10152,0.043525465
10153,0.077914774
10154,0.07682637
10155,0.031004513
10156,0.07256622
10157,0.050338272
10158,0.2735961
10159,0.08673552
10160,0.029326264
10161,0.053560574
10162,0.081825875
10163,0.09213537
10164,0.4877272
10165,0.047189537
10166,0.046766795
10167,0.045509126
10168,0.043435503
10169,0.07612941
10170,0.07606541
10171,0.06395403
10172,0.03251276
10173,0.06400618
10174,0.053438857
10175,0.07525137
10176,0.07690811
10177,0.053246725
10178,0.043729454
10179,0.032270033
10180,0.026948478
10181,0.023941042
10182,0.021098452
10183,0.07138363
10184,0.07149169
10185,0.30341324
10186,0.055770483
10187,0.10793838
10188,0.06669164
10189,0.034529325
10190,0.036922734
10191,0.032551464
10192,0.06819553
10193,0.043954894
10194,0.047478665
10195,0.040360868
10196,0.04618368
10197,0.2694287
10198,0.27731615
10199,0.065883785
10200,0.06883273
10201,0.07714451
10202,0.083813995
10203,0.05667325
10204,0.05308091
10205,0.049490873
10206,0.055622485
10207,0.024572574
10208,0.031127643
10209,0.023171417
10210,0.07413181
10211,0.06952302
10212,0.28938583
10213,0.27862003
10214,0.2802338
10215,0.043850634
10216,0.051178616
10217,0.032034386
10218,0.039348885
10219,0.04377709
10220,0.07713152
10221,0.07505423
10222,0.57031417
10223,0.067116514
10224,0.05310162
10225,0.07564571
10226,0.050651032
10227,0.052895803
10228,0.04917365
10229,0.04432015
10230,0.034540646
10231,0.054766804
10232,0.01776032
10233,0.04387542
10234,0.038707852
10235,0.05154216
10236,0.07068962
10237,0.116195
10238,0.10955773
10239,0.4783771
10240,0.6042586
10241,0.08513547
10242,0.079888776
10243,0.07885227
10244,0.076724455
10245,0.088657826
10246,0.09934196
10247,0.039047536
10248,0.036559418
10249,0.06727962
10250,0.07005585
10251,0.051734317
10252,0.06297381
10253,0.0692772
10254,0.053834096
10255,0.07493429
10256,0.054192092
10257,0.032922003
10258,0.04563627
10259,0.045811493
10260,0.031103544
10261,0.05131601
10262,0.047933992
10263,0.02367692
10264,0.037387703
10265,0.074103825
10266,0.07336591
10267,0.11539078
10268,0.14181915
10269,0.14247474
10270,0.1502716
10271,0.088894986
10272,0.0841021
10273,0.0731164
10274,0.07549393
10275,0.073132545
10276,0.037793893
10277,0.03763853
10278,0.07983864
10279,0.07092479
10280,0.07487116
10281,0.059254903
10282,0.053102612
10283,0.0517178
10284,0.055476483
10285,0.052123155
10286,0.03268205
10287,0.04990203
10288,0.04563627
10289,0.030580783
10290,0.053031884
10291,0.033132683
10292,0.030795095
10293,0.030897098
10294,0.083274454
10295,0.06568021
10296,0.14292814
10297,0.6318026
10298,0.11645933
10299,0.11617559
10300,0.08278018
10301,0.09522309
10302,0.07292168
10303,0.07844909
10304,0.07313054
10305,0.06851375
10306,0.54231787
10307,0.047695633
10308,0.07229111
10309,0.051460113
10310,0.07817884
10311,0.045914106
10312,0.04547318
10313,0.03611235
10314,0.03159383
10315,0.039346267
10316,0.30887958
10317,0.06792854
10318,0.072288476
10319,0.13458419
10320,0.5532174
10321,0.10809851
10322,0.08526673
10323,0.07921828
10324,0.09705397
10325,0.25281942
10326,0.2675869
10327,0.074582785
10328,0.03609005
10329,0.037541542
10330,0.16834705
10331,0.2726603
10332,0.0724483
10333,0.08418316
10334,0.081892304
10335,0.03563355
10336,0.027073067
10337,0.03561338
10338,0.03494503
10339,0.06131516
10340,0.104419425
10341,0.10691682
10342,0.120533735
10343,0.12026509
10344,0.092732295
10345,0.09620343
10346,0.09995658
10347,0.14887781
10348,0.27364904
10349,0.2665678
10350,0.107710265
10351,0.056387804
10352,0.08493505
10353,0.04963428
10354,0.050576266
10355,0.092652574
10356,0.6755523
10357,0.08053878
10358,0.089907
10359,0.3986468
10360,0.36418006
10361,0.039257362
10362,0.022693738
10363,0.044978738
10364,0.059358384
10365,0.09586928
10366,0.27200702
10367,0.09390382
10368,0.09887915
10369,0.25666484
10370,0.10732069
10371,0.14285709
10372,0.269329
10373,0.5049397
10374,0.096910864
10375,0.035642754
10376,0.059215616
10377,0.051785875
10378,0.050715502
10379,0.054674692
10380,0.09245162
10381,0.7789471
10382,0.081423424
10383,0.082081914
10384,0.44912198
10385,0.0373481
10386,0.035896905
10387,0.26166603
10388,0.01993148
10389,0.03459614
10390,0.051046018
10391,0.059223894
10392,0.029483175
10393,0.037883744
10394,0.44916654
10395,0.09180532
10396,0.09510954
10397,0.2579948
10398,0.14104013
10399,0.26926476
10400,0.3676942
10401,0.29021943
10402,0.039460514
10403,0.60977614
10404,0.27571926
10405,0.29671124
10406,0.74458224
10407,0.30096477
10408,0.44483826
10409,0.07776359
10410,0.077894315
10411,0.031271715
10412,0.053958412
10413,0.064719826
10414,0.06466012
10415,0.03868836
10416,0.05737962
10417,0.037905224
10418,0.08439184
10419,0.12141645
10420,0.088794954
10421,0.112542585
10422,0.13800904
10423,0.13133985
10424,0.11705278
10425,0.2712931
10426,0.0999159
10427,0.03775301
10428,0.05737957
10429,0.2816131
10430,0.049382526
10431,0.08914297
10432,0.67574066
10433,0.8466396
10434,0.48216176
10435,0.0732373
10436,0.06595525
10437,0.033546675
10438,0.045107953
10439,0.37586394
10440,0.037542276
10441,0.023450077
10442,0.022806596
10443,0.08133711
10444,0.078412294
10445,0.06991016
10446,0.078641884
10447,0.5618382
10448,0.08221842
10449,0.12514566
10450,0.12527163
10451,0.114152
10452,0.09993635
10453,0.0878923
10454,0.25337732
10455,0.2700963
10456,0.06253184
10457,0.084306516
10458,0.4735265
10459,0.086641125
10460,0.08062815
10461,0.9252981
10462,0.9014434
10463,0.7364749
10464,0.058578867
10465,0.070745386
10466,0.07456483
10467,0.109112106
10468,0.106820926
10469,0.27900913
10470,0.04863015
10471,0.0447339
10472,0.01898266
10473,0.08233109
10474,0.04667069
10475,0.06111276
10476,0.07364345
10477,0.52347004
10478,0.57161856
10479,0.30079994
10480,0.13586359
10481,0.11316276
10482,0.12207393
10483,0.09782247
10484,0.10114234
10485,0.06823924
10486,0.118366934
10487,0.26968515
10488,0.08969738
10489,0.09914202
10490,0.03759789
10491,0.82759106
10492,0.9370023
10493,0.8218823
10494,0.05974423
10495,0.06265167
10496,0.2638561
10497,0.2952697
10498,0.11415898
10499,0.021123424
10500,0.049538456
10501,0.039506376
10502,0.048193518
10503,0.077480495
10504,0.6828748
10505,0.69424224
10506,0.123876795
10507,0.12957324
10508,0.11577748
10509,0.17760013
10510,0.1274622
10511,0.5010155
10512,0.07039643
10513,0.067994334
10514,0.08982982
10515,0.077726215
10516,0.09383332
10517,0.09266173
10518,0.0711565
10519,0.8208754
10520,0.568604
10521,0.26473165
10522,0.05599189
10523,0.07242384
10524,0.082500175
10525,0.061741073
10526,0.41551864
10527,0.047600362
10528,0.051334087
10529,0.023675442
10530,0.039211366
10531,0.06349758
10532,0.06433999
10533,0.762028
10534,0.75440335
10535,0.3943199
10536,0.2854724
10537,0.101442836
10538,0.2669548
10539,0.12830736
10540,0.47975436
10541,0.058400784
10542,0.059923936
10543,0.077278666
10544,0.07707516
10545,0.10314561
10546,0.10666414
10547,0.06617377
10548,0.3681834
10549,0.51888436
10550,0.27665824
10551,1.0000101
10552,0.26734096
10553,0.26436633
10554,0.25905642
10555,0.04915782
10556,0.25071263
10557,0.040881213
10558,0.018140988
10559,0.06891144
10560,0.09064069
10561,0.26166755
10562,0.5126187
10563,0.45994052
10564,0.5917094
10565,0.5006382
10566,0.16125813
10567,0.2857855
10568,0.29924226
10569,0.08465526
10570,0.09986448
10571,0.068263784
10572,0.06815121
10573,0.52878606
10574,0.090407185
10575,0.041744582
10576,0.5540364
10577,0.5380896
10578,0.052528802
10579,0.04836902
10580,0.08909472
10581,0.07536451
10582,0.028338777
10583,0.022356348
10584,0.07670826
10585,0.096628964
10586,0.15005548
10587,0.25946805
10588,0.65119314
10589,0.6585895
10590,0.53611684
10591,0.5030737
10592,0.55790865
10593,0.1236707
10594,0.0949369
10595,0.049291283
10596,0.06307862
10597,0.07660185
10598,0.2750454
10599,0.08877173
10600,0.040474992
10601,0.06769686
10602,0.06752084
10603,0.048719462
10604,0.045931533
10605,0.08788621
10606,0.05844824
10607,0.06067931
10608,0.052441906
10609,0.039948117
10610,0.016563067
10611,0.0124893
10612,0.08826171
10613,0.103423186
10614,0.13290082
10615,0.47475073
10616,0.2817024
10617,0.4491939
10618,0.74652696
10619,0.70060176
10620,0.42648205
10621,0.079689935
10622,0.05176586
10623,0.06193831
10624,0.06665028
10625,0.08953516
10626,0.03216581
10627,0.044024933
10628,0.07050616
10629,0.75491506
10630,0.0487634
10631,0.055486873
10632,0.25016683
10633,0.07740795
10634,0.062052224
10635,0.10180401
10636,0.07991802
10637,0.07855202
10638,0.055108987
10639,0.006706272
10640,0.0091749765
10641,0.08364301
10642,0.103423186
10643,0.1273523
10644,0.49650666
10645,0.46311438
10646,0.16686553
10647,0.7392462
10648,0.44127506
10649,0.43979686
10650,0.27991515
10651,0.05428262
10652,0.06230612
10653,0.06406842
10654,0.085207656
10655,0.040629625
10656,0.056502156
10657,0.049049746
10658,0.4959091
10659,0.057994097
10660,0.4266998
10661,0.25225616
10662,0.105814666
10663,0.10920463
10664,0.088446
10665,0.082784854
10666,0.05591516
10667,0.06347742
10668,0.04009412
10669,0.079394296
10670,0.5776634
10671,0.5213858
10672,0.5277661
10673,0.40251207
10674,0.25629246
10675,0.11074982
10676,0.09626779
10677,0.024379523
10678,0.058163784
10679,0.060543254
10680,0.09916274
10681,0.08036619
10682,0.088332914
10683,0.056901116
10684,0.4528487
10685,0.044612657
10686,0.042843908
10687,0.043870844
10688,0.24503712
10689,0.027697366
10690,0.12274717
10691,0.11600194
10692,0.08781355
10693,0.27640918
10694,0.28211254
10695,0.10090051
10696,0.104401335
10697,0.030372031
10698,0.058783352
10699,0.05091685
10700,0.058814097
10701,0.06072948
10702,0.08239043
10703,0.08273427
10704,0.053120315
10705,0.27344692
10706,0.050853513
10707,0.03888113
10708,0.04511582
10709,0.12208179
10710,0.0344558
10711,0.047348447
10712,0.08149226
10713,0.12279568
10714,0.06562763
10715,0.07515323
10716,0.060050674
10717,0.08788087
10718,0.091344416
10719,0.43541625
10720,0.4671288
10721,0.11399747
10722,0.029528532
10723,0.07558701
10724,0.051224023
10725,0.05258795
10726,0.06329744
10727,0.04955253
10728,0.0822957
10729,0.087986134
10730,0.06298583
10731,0.04512479
10732,0.045069866
10733,0.044757724
10734,0.0386674
10735,0.031085467
10736,0.08360233
10737,0.11596917
10738,0.3528856
10739,0.08606553
10740,0.052568655
10741,0.26894724
10742,0.05418683
10743,0.10794451
10744,0.46480662
10745,0.11268595
10746,0.029081237
10747,0.06724021
10748,0.056452803
10749,0.051527906
10750,0.05178649
10751,0.07899812
10752,0.08941194
10753,0.056035172
10754,0.05481227
10755,0.05454166
10756,0.045814026
10757,0.048430257
10758,0.026332827
10759,0.0494224
10760,0.10593357
10761,0.059439
10762,0.03978706
10763,0.053805158
10764,0.05692936
10765,0.064769074
10766,0.2876867
10767,0.038710345
10768,0.046908822
10769,0.038287178
10770,0.048347097
10771,0.07552227
10772,0.06930481
10773,0.24875163
10774,0.055255428
10775,0.2558909
10776,0.06241016
10777,0.06855224
10778,0.038735233
10779,0.05768645
10780,0.06523114
10781,0.4726843
10782,0.048002183
10783,0.06415065
10784,0.08581067
10785,0.060979508
10786,0.044081874
10787,0.025138816
10788,0.45600355
10789,0.51622015
10790,0.2947702
10791,0.03644171
10792,0.04586039
10793,0.045725983
10794,0.041601446
10795,0.03849471
10796,0.06575945
10797,0.065964945
10798,0.9301366
10799,0.06187614
10800,0.08026937
10801,0.06809533
10802,0.060705412
10803,0.044160046
10804,0.032763585
10805,0.07836489
10806,0.52952605
10807,0.09565804
10808,0.085010625
10809,0.047304384
10810,0.043807995
10811,0.060040742
10812,0.061674718
10813,0.025512695
10814,0.061812144
10815,0.046779722
10816,0.028344695
10817,0.04042255
10818,0.0415646
10819,0.06996227
10820,0.06673331
10821,0.06136932
10822,0.08586409
10823,0.0662638
10824,0.072619446
10825,0.065870255
10826,0.02744028
10827,0.03917344
10828,0.062863015
10829,0.47097552
10830,0.09161019
10831,0.047758933
10832,0.04455022
10833,0.047490973
10834,0.059617564
10835,0.06432499
10836,0.035570163
10837,0.03038723
10838,0.5239634
10839,0.030564923
10840,0.029494515
10841,0.07258724
10842,0.07715767
10843,0.06363988
10844,0.06887721
10845,0.030115373
10846,0.06447387
10847,0.3876477
10848,0.046559762
10849,0.047317732
10850,0.056904458
10851,0.028377434
10852,0.027820133
10853,0.06257281
10854,0.053731665
10855,0.03314685
10856,0.029523537
10857,0.012658327
10858,0.030838722
10859,0.078644246
10860,0.08618301
10861,0.090700395
10862,0.039715435
10863,0.04481043
10864,0.026415855
10865,0.052033003
10866,0.12567058
10867,0.08124402
10868,0.05036963
10869,0.029592628
10870,0.022099199
10871,0.028942129
10872,0.03976017
10873,0.05791852
10874,0.03278951
10875,0.031033896
10876,0.016936079
10877,0.0177161
10878,0.02074675
10879,0.009998508
10880,0.028984489
10881,0.0838504
10882,0.09042352
10883,0.08916698
10884,0.040976018
10885,0.025828334
10886,0.049715444
10887,0.24189463
10888,0.032867882
10889,0.024874883
10890,0.014899419
10891,0.032371674
10892,0.036011603
10893,0.057126097
10894,0.05558794
10895,0.03800744
10896,0.031542785
10897,0.03705979
10898,0.012547697
10899,0.08115779
10900,0.07129441
10901,0.045653086
10902,0.027122615
10903,0.06131842
10904,0.056592774
10905,0.015063291
10906,0.06257281
10907,0.035051253
10908,0.04364643
10909,0.03056245
10910,0.030799862
10911,0.017005425
10912,0.01863716
10913,0.08025775
10914,0.0831223
10915,0.0448337
10916,0.04320077
10917,0.058135185
10918,0.06307576
10919,0.25612438
10920,0.036531392
10921,0.053301997
10922,0.030599574
10923,0.027327001
10924,0.029822197
10925,0.015839161
10926,0.03818996
10927,0.028153028
10928,0.030844856
10929,0.034992076
10930,0.019151311
10931,0.053295307
10932,0.035860185
10933,0.2556025
10934,0.06117084
10935,0.034162164
10936,0.029130328
10937,0.026772875
10938,0.018296484
10939,0.029704586
10940,0.02091772
10941,0.021785209
10942,0.031335074
10943,0.021153163
10944,0.017560555
10945,0.03732307
10946,0.07013706
10947,0.06106928
10948,0.28355795
10949,0.011630549
10950,0.060458954
10951,0.022737326
10952,0.016898913
10953,0.01620117
10954,0.021406215
10955,0.018538397
10956,0.014245407
10957,0.014084948
10958,0.025555253
10959,0.028230865
10960,0.029938139
10961,0.07401851
10962,0.07734737
10963,0.048068006
10964,0.071311146
10965,0.06110096
10966,0.033208806
10967,0.03882316
10968,0.06155155
10969,0.059294697
10970,0.06289776
10971,0.060720515
10972,0.025557736
10973,0.033321675
10974,0.0649077
10975,0.08665395
10976,0.063520804
10977,0.06488185
10978,0.07752128
10979,0.09826078
10980,0.09319012
10981,0.27785322
10982,0.37352392
10983,0.05898328
10984,0.06779119
10985,0.024782138
10986,0.27952942
10987,0.04591575
10988,0.10019343
10989,0.086954996
10990,0.0688975
10991,0.06227521
10992,0.07424118
10993,0.06590607
10994,0.026226817
10995,0.050954603
10996,0.05372002
10997,0.44425577
10998,0.29741415
10999,0.078958355
11000,0.25518507
11001,0.057272155
11002,0.027262442
11003,0.025113415
11004,0.028503878
11005,0.034570828
11006,0.03202857
11007,0.057236973
11008,0.03829805
11009,0.04866596
11010,0.05443147
11011,0.42670837
11012,0.41081595
11013,0.06276689
11014,0.058846842
11015,0.06202323
11016,0.26044247
11017,0.05968685
11018,0.06081995
11019,0.027947681
11020,0.029744988
11021,0.061421193
11022,0.05744384
11023,0.43367457
11024,0.10534734
11025,0.289868
11026,0.51144147
11027,0.055120967
11028,0.45486516
11029,0.04835374
11030,0.46679094
11031,0.052885562
11032,0.034322474
11033,0.034322474
11034,0.069031894
11035,0.12173615
11036,0.07346774
11037,0.10557027
11038,0.10681561
11039,0.06395679
11040,0.28961608
11041,0.040477373
11042,0.046084516
11043,0.03978146
11044,0.057096343
11045,0.03927023
11046,0.030356603
11047,0.06732471
11048,0.06187035
11049,0.05521853
11050,0.07014365
11051,0.073928215
11052,0.2904203
11053,0.062945254
11054,0.07166776
11055,0.09163826
11056,0.04221894
11057,0.051462427
11058,0.05228879
11059,0.032381445
11060,0.4685805
11061,0.06805803
11062,0.0691728
11063,0.27097255
11064,0.5012099
11065,0.042236686
11066,0.051143013
11067,0.043750234
11068,0.03631363
11069,0.031827867
11070,0.06279068
11071,0.04650899
11072,0.06916562
11073,0.092856
11074,0.08576665
11075,0.08655076
11076,0.49838376
11077,0.043685954
11078,0.2387212
11079,0.05301698
11080,0.076549865
11081,0.07749545
11082,0.037933394
11083,0.058390893
11084,0.056832004
11085,0.2730778
11086,0.08811068
11087,0.028848492
11088,0.045982838
11089,0.061812058
11090,0.05898943
11091,0.09532631
11092,0.088633835
11093,0.44589823
11094,0.04836874
11095,0.060777206
11096,0.04511032
11097,0.041835442
11098,0.076014526
11099,0.077928744
11100,0.060267203
11101,0.04869604
11102,0.030442052
11103,0.06699934
11104,0.068545654
11105,0.08248217
11106,0.074467555
11107,0.04466721
11108,0.026787778
11109,0.062475335
11110,0.024355179
11111,0.029905776
11112,0.026830545
11113,0.07071276
11114,0.074660875
11115,0.09983702
11116,0.0669085
11117,0.091865644
11118,0.05329276
11119,0.049636584
11120,0.029790988
11121,0.07136302
11122,0.048222974
11123,0.042776816
11124,0.07754468
11125,0.26698565
11126,0.06789311
11127,0.064765684
11128,0.061577506
11129,0.074324526
11130,0.048881184
11131,0.050754823
11132,0.08347471
11133,0.042339988
11134,0.24677849
11135,0.026143039
11136,0.024654167
11137,0.02584315
11138,0.074726686
11139,0.07598154
11140,0.29632422
11141,0.26605636
11142,0.28278062
11143,0.0589326
11144,0.051601566
11145,0.032261465
11146,0.034601487
11147,0.04775326
11148,0.0434806
11149,0.075286515
11150,0.07093306
11151,0.5000286
11152,0.061610404
11153,0.060081255
11154,0.07329231
11155,0.07410674
11156,0.047196213
11157,0.045795552
11158,0.027028836
11159,0.04548846
11160,0.049550787
11161,0.029968068
11162,0.014124979
11163,0.041332178
11164,0.041905954
11165,0.060072348
11166,0.09288077
11167,0.10348297
11168,0.10995816
11169,0.29914242
11170,0.5262526
11171,0.07522369
11172,0.07006392
11173,0.06951061
11174,0.07670136
11175,0.07916392
11176,0.10038223
11177,0.044899393
11178,0.03702918
11179,0.09371779
11180,0.06396813
11181,0.053412803
11182,0.053801294
11183,0.07482475
11184,0.053348668
11185,0.07231446
11186,0.030689431
11187,0.050866656
11188,0.045881636
11189,0.03154942
11190,0.05244765
11191,0.021253591
11192,0.042108662
11193,0.04422357
11194,0.07920134
11195,0.07887834
11196,0.11070513
11197,0.14704736
11198,0.27286384
11199,0.15191156
11200,0.085052684
11201,0.09387507
11202,0.08588313
11203,0.07848156
11204,0.070811
11205,0.04274811
11206,0.03828817
11207,0.07264803
11208,0.07214847
11209,0.059224106
11210,0.07521072
11211,0.055028122
11212,0.05289606
11213,0.051595643
11214,0.032535177
11215,0.042753875
11216,0.031570118
11217,0.045524757
11218,0.033307407
11219,0.037507676
11220,0.027126025
11221,0.06852706
11222,0.07071987
11223,0.1297384
11224,0.31790432
11225,0.11971283
11226,0.109377086
11227,0.08598448
11228,0.094578095
11229,0.072430395
11230,0.07877634
11231,0.07466672
11232,0.036443938
11233,0.03545276
11234,0.07128075
11235,0.50118685
11236,0.048833434
11237,0.073414765
11238,0.05040873
11239,0.077422924
11240,0.040713746
11241,0.04980228
11242,0.042646922
11243,0.037927024
11244,0.29691786
11245,0.08129508
11246,0.06580451
11247,0.13335457
11248,0.6470418
11249,0.12204298
11250,0.078921415
11251,0.25358164
11252,0.094923355
11253,0.25916824
11254,0.25855356
11255,0.077219896
11256,0.041824173
11257,0.038544234
11258,0.059394956
11259,0.061606377
11260,0.07088094
11261,0.07192133
11262,0.08067023
11263,0.07947431
11264,0.03353452
11265,0.026804408
11266,0.021278456
11267,0.03540027
11268,0.034280874
11269,0.048786823
11270,0.13434286
11271,0.11869584
11272,0.10150156
11273,0.10207405
11274,0.10095868
11275,0.09756195
11276,0.11098741
11277,0.14096771
11278,0.2576503
11279,0.26516348
11280,0.10921113
11281,0.05733816
11282,0.060867235
11283,0.061897445
11284,0.09846173
11285,0.77269715
11286,0.0822471
11287,0.08724312
11288,0.41784632
11289,0.2667327
11290,0.027728207
11291,0.036125753
11292,0.052307
11293,0.1281189
11294,0.25702372
11295,0.13974959
11296,0.10230534
11297,0.099876955
11298,0.099460304
11299,0.09725852
11300,0.14497219
11301,0.17053935
11302,0.48875067
11303,0.09975665
11304,0.059843022
11305,0.04907179
11306,0.07385193
11307,0.27722135
11308,0.80944383
11309,0.081961654
11310,0.08095094
11311,0.4550553
11312,0.032702535
11313,0.024007484
11314,0.25638747
11315,0.03118209
11316,0.05518925
11317,0.061967235
11318,0.04008111
11319,0.025248073
11320,0.08642944
11321,0.52647287
11322,0.08849127
11323,0.09908729
11324,0.27219257
11325,0.1447276
11326,0.27515328
11327,0.42304215
11328,0.2730241
11329,0.035954136
11330,0.13114175
11331,0.26669177
11332,0.27224907
11333,0.7266939
11334,0.33424318
11335,0.430051
11336,0.07179914
11337,0.08042871
11338,0.06023846
11339,0.055616997
11340,0.03376548
11341,0.025596635
11342,0.03184673
11343,0.08378294
11344,0.037505016
11345,0.0894363
11346,0.122899085
11347,0.0895756
11348,0.098124735
11349,0.13031621
11350,0.1450896
11351,0.13981548
11352,0.1536387
11353,0.27444822
11354,0.03835971
11355,0.058743086
11356,0.28027344
11357,0.050901834
11358,0.08743758
11359,0.67937845
11360,0.8274256
11361,0.43338856
11362,0.082207374
11363,0.07260468
11364,0.04851562
11365,0.3372969
11366,0.03313251
11367,0.028271839
11368,0.0710278
11369,0.0726203
11370,0.063534774
11371,0.06656372
11372,0.508453
11373,0.08385234
11374,0.112125956
11375,0.115639925
11376,0.10655193
11377,0.105284326
11378,0.08732511
11379,0.2409881
11380,0.27614987
11381,0.085315466
11382,0.11385549
11383,0.0858441
11384,0.08637364
11385,0.94766116
11386,0.900054
11387,0.78144693
11388,0.05911651
11389,0.06995466
11390,0.07762931
11391,0.2957201
11392,0.11063516
11393,0.2788624
11394,0.048065633
11395,0.04902242
11396,0.023443101
11397,0.07960189
11398,0.046677455
11399,0.06209555
11400,0.067958355
11401,0.4839133
11402,0.5412469
11403,0.27839446
11404,0.12652741
11405,0.09781293
11406,0.10257814
11407,0.09200488
11408,0.09438401
11409,0.0637355
11410,0.0672437
11411,0.11093196
11412,0.116750866
11413,0.090208255
11414,0.09358995
11415,0.0400799
11416,0.7817081
11417,0.83814776
11418,0.8612929
11419,0.056779314
11420,0.05608874
11421,0.26612002
11422,0.2943636
11423,0.10983522
11424,0.03532564
11425,0.04953866
11426,0.049063537
11427,0.06336464
11428,0.07260943
11429,0.72685695
11430,0.7075632
11431,0.10665278
11432,0.14901951
11433,0.12087433
11434,0.17311595
11435,0.12482587
11436,0.51322025
11437,0.06442015
11438,0.06472699
11439,0.08171877
11440,0.08643083
11441,0.09760727
11442,0.110295184
11443,0.08960333
11444,0.268472
11445,0.45205992
11446,0.15705368
11447,0.063563086
11448,0.07066887
11449,0.07503427
11450,0.06363714
11451,0.2637891
11452,0.044593185
11453,0.045214027
11454,0.032401796
11455,0.057569634
11456,0.027188906
11457,0.06794801
11458,0.062905535
11459,0.67721784
11460,0.8278096
11461,0.5239496
11462,0.14176995
11463,0.1016365
11464,0.17344725
11465,0.11771007
11466,0.45930365
11467,0.06344333
11468,0.07436429
11469,0.082759306
11470,0.082106754
11471,0.09772936
11472,0.09730919
11473,0.07392901
11474,0.91855174
11475,0.45000267
11476,0.26694974
11477,0.99609435
11478,0.25675967
11479,0.07341694
11480,0.060905933
11481,0.14771417
11482,0.04401458
11483,0.047880523
11484,0.044579435
11485,0.047555182
11486,0.029429369
11487,0.069274075
11488,0.090916336
11489,0.10358703
11490,0.46292707
11491,0.55677927
11492,0.66107357
11493,0.49787349
11494,0.17153321
11495,0.27876225
11496,0.29407555
11497,0.07762755
11498,0.104987845
11499,0.10062885
11500,0.062441368
11501,0.46615753
11502,0.08771397
11503,0.028454646
11504,0.5034079
11505,0.49373645
11506,0.049924225
11507,0.04468085
11508,0.088811904
11509,0.07904555
11510,0.06460313
11511,0.020734828
11512,0.01965897
11513,0.06824923
11514,0.11190287
11515,0.12764716
11516,0.26973295
11517,0.71810126
11518,0.66738904
11519,0.486854
11520,0.49156395
11521,0.5764978
11522,0.12453777
11523,0.052094802
11524,0.064198814
11525,0.06833496
11526,0.16277286
11527,0.08984557
11528,0.034356583
11529,0.061345313
11530,0.06100895
11531,0.054346718
11532,0.05361393
11533,0.05530982
11534,0.0911179
11535,0.06011772
11536,0.05258052
11537,0.014871221
11538,0.019576285
11539,0.11430538
11540,0.104789115
11541,0.11946232
11542,0.26110703
11543,0.28149828
11544,0.48243448
11545,0.76711065
11546,0.72022045
11547,0.43810728
11548,0.10842266
11549,0.06364953
11550,0.06314381
11551,0.08906994
11552,0.035889644
11553,0.03849555
11554,0.057335436
11555,0.78416765
11556,0.056371596
11557,0.05711253
11558,0.08963162
11559,0.07268603
11560,0.06248933
11561,0.0932074
11562,0.080115214
11563,0.0120176
11564,0.01644413
11565,0.09215502
11566,0.106422044
11567,0.11360326
11568,0.520563
11569,0.5023604
11570,0.15939628
11571,0.77594453
11572,0.46854034
11573,0.4767548
11574,0.08817358
11575,0.05056241
11576,0.06394172
11577,0.06869989
11578,0.095766015
11579,0.03902653
11580,0.062109806
11581,0.052221432
11582,0.44501716
11583,0.27810028
11584,0.45493278
11585,0.07622984
11586,0.094055206
11587,0.09299652
11588,0.06541902
11589,0.26786354
11590,0.059535317
11591,0.075462244
11592,0.07759665
11593,0.03984158
11594,0.083428636
11595,0.6653615
11596,0.5133109
11597,0.5113869
11598,0.24499126
11599,0.50365937
11600,0.099184066
11601,0.09799053
11602,0.02589907
11603,0.056416646
11604,0.057013508
11605,0.057738684
11606,0.0819323
11607,0.08371546
11608,0.09022886
11609,0.059642684
11610,0.08888535
11611,0.051131796
11612,0.042429592
11613,0.25889182
11614,0.024882847
11615,0.041578926
11616,0.13404079
11617,0.31385335
11618,0.076626845
11619,0.25312898
11620,0.12524971
11621,0.09848079
11622,0.11280887
11623,0.06439641
11624,0.050938856
11625,0.052519787
11626,0.056884192
11627,0.08229578
11628,0.08386421
11629,0.056980927
11630,0.2708308
11631,0.035488524
11632,0.042779457
11633,0.12265604
11634,0.07510561
11635,0.117693946
11636,0.051496062
11637,0.074678265
11638,0.08092652
11639,0.08601082
11640,0.4449017
11641,0.48003313
11642,0.11249904
11643,0.028065372
11644,0.050739415
11645,0.05304144
11646,0.061297372
11647,0.06173576
11648,0.08338387
11649,0.09533601
11650,0.04563233
11651,0.04719161
11652,0.044494398
11653,0.04557429
11654,0.02807296
11655,0.029095573
11656,0.08276891
11657,0.11400464
11658,0.3531306
11659,0.058262434
11660,0.04925658
11661,0.08792968
11662,0.041831616
11663,0.103861496
11664,0.46800604
11665,0.11344547
11666,0.025325714
11667,0.072239384
11668,0.044455867
11669,0.059966467
11670,0.052802704
11671,0.084433265
11672,0.087151654
11673,0.051540576
11674,0.057458177
11675,0.04130737
11676,0.044299122
11677,0.041514613
11678,0.027720641
11679,0.05111998
11680,0.09595657
11681,0.06001564
11682,0.037265144
11683,0.032474358
11684,0.054474723
11685,0.061343256
11686,0.4292525
11687,0.048950292
11688,0.045917183
11689,0.042851593
11690,0.038316008
11691,0.04957465
11692,0.06835551
11693,0.06785195
11694,0.25578338
11695,0.06136747
11696,0.26653185
11697,0.061001565
11698,0.06949922
11699,0.034094445
11700,0.047316603
11701,0.06636566
11702,0.0616752
11703,0.4412807
11704,0.047178384
11705,0.051606886
11706,0.09961501
11707,0.06857944
11708,0.037298713
11709,0.0344614
11710,0.48418283
11711,0.4789652
11712,0.11569916
11713,0.04592461
11714,0.035189867
11715,0.05668691
11716,0.036510482
11717,0.041966595
11718,0.069417976
11719,0.06999964
11720,0.73585397
11721,0.07354059
11722,0.06581877
11723,0.064682014
11724,0.044294283
11725,0.027843194
11726,0.06789459
11727,0.6128164
11728,0.09234927
11729,0.0958263
11730,0.045349028
11731,0.0455077
11732,0.05556032
11733,0.07670307
11734,0.027905025
11735,0.053536713
11736,0.05802244
11737,0.04668279
11738,0.028310817
11739,0.0266539
11740,0.05690909
11741,0.043847363
11742,0.06874837
11743,0.06724
11744,0.069187775
11745,0.06637863
11746,0.06789229
11747,0.066737026
11748,0.03764383
11749,0.06632364
11750,0.57473177
11751,0.0977172
11752,0.04607321
11753,0.0494693
11754,0.040533572
11755,0.043775853
11756,0.067212395
11757,0.060142882
11758,0.027597437
11759,0.0345088
11760,0.30164286
11761,0.030159557
11762,0.067835815
11763,0.0781746
11764,0.06969826
11765,0.27121308
11766,0.07007693
11767,0.039102074
11768,0.064534165
11769,0.4332116
11770,0.045751154
11771,0.045105748
11772,0.044317484
11773,0.05549589
11774,0.05917164
11775,0.027182156
11776,0.016502548
11777,0.02287269
11778,0.047492914
11779,0.030138278
11780,0.0191696
11781,0.012933434
11782,0.0277789
11783,0.06762282
11784,0.08374547
11785,0.08825841
11786,0.040554367
11787,0.04779724
11788,0.030897701
11789,0.26299804
11790,0.105246924
11791,0.08303201
11792,0.051798407
11793,0.024091793
11794,0.027432054
11795,0.028071491
11796,0.027672272
11797,0.03686989
11798,0.04320071
11799,0.030408127
11800,0.018140009
11801,0.010597202
11802,0.019633628
11803,0.013552292
11804,0.027073072
11805,0.07785387
11806,0.07887248
11807,0.08628626
11808,0.026477344
11809,0.043614466
11810,0.11865782
11811,0.060279068
11812,0.05240015
11813,0.023293374
11814,0.018606424
11815,0.028071491
11816,0.03851338
11817,0.04166643
11818,0.030751241
11819,0.035174668
11820,0.027143419
11821,0.03849023
11822,0.021001913
11823,0.07827461
11824,0.04422861
11825,0.030888118
11826,0.054350715
11827,0.048735164
11828,0.047379337
11829,0.06634589
11830,0.019395722
11831,0.018486911
11832,0.039555043
11833,0.03421063
11834,0.05789688
11835,0.029176543
11836,0.018460007
11837,0.04053778
11838,0.018073061
11839,0.01461757
11840,0.031898163
11841,0.06810766
11842,0.08143971
11843,0.28676942
11844,0.032946765
11845,0.05354043
11846,0.041064776
11847,0.015389998
11848,0.032487206
11849,0.0117080575
11850,0.017467823
11851,0.02255881
11852,0.044000342
11853,0.022667509
11854,0.032875974
11855,0.07582837
11856,0.05116134
11857,0.028937446
11858,0.026876213
11859,0.009815967
11860,0.029030496
11861,0.044677146
11862,0.01749441
11863,0.020356273
11864,0.019947011
11865,0.01606829
11866,0.03005892
11867,0.0771424
11868,0.055484902
11869,0.03345171
11870,0.24907167
11871,0.12513195
11872,0.030878462
11873,0.016833542
11874,0.028660286
11875,0.01839396
11876,0.033154283
11877,0.017635081
11878,0.02132761
11879,0.016237061
11880,0.035868626
11881,0.027473694
11882,0.07952702
11883,0.08006554
11884,0.23943467
11885,0.031141479
11886,0.09863282
11887,0.025920583
11888,0.038811833
11889,0.03994674
11890,0.041613754
11891,0.06600991
11892,0.06475201
11893,0.06651412
11894,0.023753291
11895,0.028584104
11896,0.06046053
11897,0.08225587
11898,0.06729285
11899,0.06098557
11900,0.06212043
11901,0.07105778
11902,0.113598116
11903,0.08848183
11904,0.06551548
11905,0.45407873
11906,0.061341185
11907,0.058856502
11908,0.30959672
11909,0.05889333
11910,0.2881079
11911,0.087085105
11912,0.28495017
11913,0.06657096
11914,0.060199533
11915,0.02545476
11916,0.08130271
11917,0.07077332
11918,0.4115473
11919,0.3028257
11920,0.061693333
11921,0.28454596
11922,0.057697363
11923,0.026368361
11924,0.02936304
11925,0.03243578
11926,0.0319425
11927,0.058637038
11928,0.032032285
11929,0.061085355
11930,0.05792279
11931,0.41093177
11932,0.41672584
11933,0.069055766
11934,0.06503063
11935,0.0647244
11936,0.29721275
11937,0.2744385
11938,0.05768236
11939,0.028193427
11940,0.03233566
11941,0.034841683
11942,0.05541509
11943,0.056910254
11944,0.4256462
11945,0.10991718
11946,0.27744776
11947,0.490515
11948,0.0650436
11949,0.06599126
11950,0.44291946
11951,0.047860634
11952,0.5438041
11953,0.056005057
11954,0.13138677
11955,0.052591555
11956,0.07029675
11957,0.10791304
11958,0.07707063
11959,0.08916019
11960,0.064890526
11961,0.077906445
11962,0.42809656
11963,0.052795753
11964,0.047055785
11965,0.042968936
11966,0.06001183
11967,0.039151218
11968,0.031968407
11969,0.06652263
11970,0.05413765
11971,0.06481787
11972,0.06873659
11973,0.10999838
11974,0.06338768
11975,0.2744845
11976,0.07855958
11977,0.09320743
11978,0.049302872
11979,0.04941397
11980,0.03031093
11981,0.4263472
11982,0.052017555
11983,0.08376415
11984,0.26614764
11985,0.46156308
11986,0.046047393
11987,0.04576175
11988,0.04665547
11989,0.03957758
11990,0.043924157
11991,0.043334983
11992,0.029077036
11993,0.02895868
11994,0.07098627
11995,0.06291921
11996,0.04674415
11997,0.053759877
11998,0.09172516
11999,0.09723353
12000,0.084744826
12001,0.50809324
12002,0.040414352
12003,0.045421902
12004,0.044396058
12005,0.07723678
12006,0.07711113
12007,0.030010043
12008,0.058107052
12009,0.050862964
12010,0.2655147
12011,0.07712808
12012,0.031083148
12013,0.06170795
12014,0.08475824
12015,0.055035595
12016,0.08694955
12017,0.48999006
12018,0.07307708
12019,0.044882584
12020,0.04483581
12021,0.042650998
12022,0.040970486
12023,0.070559494
12024,0.073398046
12025,0.06443845
12026,0.030212931
12027,0.060636945
12028,0.05975309
12029,0.073884934
12030,0.0731356
12031,0.04750782
12032,0.042712472
12033,0.030327853
12034,0.026199885
12035,0.021185823
12036,0.016363578
12037,0.07284896
12038,0.07376756
12039,0.30268472
12040,0.05863117
12041,0.09275483
12042,0.060261
12043,0.052986108
12044,0.039585106
12045,0.06734271
12046,0.04436204
12047,0.046721388
12048,0.04367695
12049,0.07316553
12050,0.271085
12051,0.066584274
12052,0.06228664
12053,0.08275594
12054,0.07979059
12055,0.052210387
12056,0.048534278
12057,0.09936706
12058,0.034057904
12059,0.04811405
12060,0.053973667
12061,0.024679363
12062,0.021719873
12063,0.025270646
12064,0.07380326
12065,0.07456113
12066,0.2993942
12067,0.268224
12068,0.25662506
12069,0.047853857
12070,0.042233903
12071,0.033259943
12072,0.040790025
12073,0.042800393
12074,0.07759215
12075,0.07248612
12076,0.5700668
12077,0.06850504
12078,0.05582198
12079,0.06958979
12080,0.14027861
12081,0.050856262
12082,0.03309219
12083,0.029523458
12084,0.043962117
12085,0.025595926
12086,0.025971381
12087,0.042485733
12088,0.031817246
12089,0.046695907
12090,0.07986422
12091,0.109742455
12092,0.11063492
12093,0.29003182
12094,0.5465331
12095,0.07772646
12096,0.07575102
12097,0.07528061
12098,0.16854894
12099,0.07661915
12100,0.043987483
12101,0.047747318
12102,0.039277073
12103,0.06795954
12104,0.06953526
12105,0.057806287
12106,0.05451288
12107,0.06934709
12108,0.052878905
12109,0.076097414
12110,0.04733798
12111,0.046758763
12112,0.036653798
12113,0.051183913
12114,0.051332634
12115,0.04002492
12116,0.029845282
12117,0.04631638
12118,0.04516688
12119,0.073098436
12120,0.07758362
12121,0.11186762
12122,0.15492925
12123,0.27291253
12124,0.27243942
12125,0.0796047
12126,0.08086067
12127,0.07759666
12128,0.07888374
12129,0.07535342
12130,0.039417613
12131,0.07406007
12132,0.07041948
12133,0.05501692
12134,0.06930159
12135,0.05153757
12136,0.04833625
12137,0.054369763
12138,0.054333504
12139,0.028180154
12140,0.045373622
12141,0.04156786
12142,0.028913306
12143,0.03569374
12144,0.06569381
12145,0.08179657
12146,0.1439798
12147,0.30565912
12148,0.110228434
12149,0.113854535
12150,0.07476017
12151,0.0970689
12152,0.076625206
12153,0.077040985
12154,0.07021035
12155,0.058806904
12156,0.5053731
12157,0.047528867
12158,0.0732419
12159,0.050087113
12160,0.08222638
12161,0.05755267
12162,0.051044486
12163,0.034296166
12164,0.03284398
12165,0.28855878
12166,0.069950245
12167,0.06283891
12168,0.1355238
12169,0.57106566
12170,0.12191127
12171,0.07815909
12172,0.23085813
12173,0.09481549
12174,0.07881601
12175,0.26016784
12176,0.07603356
12177,0.03855491
12178,0.035176057
12179,0.059586823
12180,0.06680915
12181,0.059485927
12182,0.08129757
12183,0.08388238
12184,0.037363168
12185,0.03694236
12186,0.030942382
12187,0.041758504
12188,0.034470346
12189,0.089690454
12190,0.13739325
12191,0.09219228
12192,0.08482776
12193,0.10063595
12194,0.10827402
12195,0.10845548
12196,0.14851224
12197,0.17584404
12198,0.25991765
12199,0.105958946
12200,0.05756951
12201,0.049812872
12202,0.0911266
12203,0.72296864
12204,0.08021111
12205,0.07960848
12206,0.39960536
12207,0.35997316
12208,0.027754195
12209,0.048774444
12210,0.06929104
12211,0.28071725
12212,0.26037323
12213,0.103431135
12214,0.09983596
12215,0.26661676
12216,0.24609075
12217,0.14375743
12218,0.16852996
12219,0.51881915
12220,0.09760078
12221,0.058355458
12222,0.07975321
12223,0.055178467
12224,0.27035743
12225,0.6950113
12226,0.07486563
12227,0.08301686
12228,0.4585655
12229,0.038469903
12230,0.029708685
12231,0.2715977
12232,0.037694197
12233,0.052317973
12234,0.06183424
12235,0.043234333
12236,0.030086376
12237,0.0983547
12238,0.5361525
12239,0.08591983
12240,0.0891495
12241,0.2635357
12242,0.13183676
12243,0.35388237
12244,0.51112235
12245,0.27816722
12246,0.036702383
12247,0.295065
12248,0.1370209
12249,0.27748752
12250,0.766663
12251,0.76061726
12252,0.30286306
12253,0.075393
12254,0.24249251
12255,0.043629266
12256,0.055365365
12257,0.025794603
12258,0.056910254
12259,0.051792413
12260,0.08742232
12261,0.11597572
12262,0.09998727
12263,0.09964234
12264,0.12973061
12265,0.13622503
12266,0.13829204
12267,0.28103814
12268,0.27644533
12269,0.03497285
12270,0.052557997
12271,0.13403928
12272,0.08630925
12273,0.69468546
12274,0.8434131
12275,0.47072762
12276,0.0727075
12277,0.02850187
12278,0.05606675
12279,0.35865167
12280,0.038449492
12281,0.021022964
12282,0.027852237
12283,0.07153379
12284,0.0775231
12285,0.06637301
12286,0.065229684
12287,0.54289776
12288,0.08080468
12289,0.12505916
12290,0.12697136
12291,0.09490855
12292,0.10579125
12293,0.07941552
12294,0.24931802
12295,0.26927128
12296,0.085876815
12297,0.27553084
12298,0.084535494
12299,0.08929003
12300,0.9657792
12301,0.9049637
12302,0.7749586
12303,0.07478027
12304,0.07294266
12305,0.061601683
12306,0.4224042
12307,0.11605798
12308,0.45209408
12309,0.04915344
12310,0.039449576
12311,0.025122253
12312,0.08624659
12313,0.060921274
12314,0.045337714
12315,0.074514635
12316,0.56029975
12317,0.55734414
12318,0.27724004
12319,0.2897954
12320,0.10204248
12321,0.12354011
12322,0.09012621
12323,0.09686765
12324,0.061899263
12325,0.07028643
12326,0.11312254
12327,0.11954233
12328,0.09280583
12329,0.092962086
12330,0.036709525
12331,0.8479518
12332,0.730847
12333,0.80474037
12334,0.06311215
12335,0.059363898
12336,0.55538553
12337,0.0628727
12338,0.2998062
12339,0.11190429
12340,0.043596067
12341,0.03834739
12342,0.029859992
12343,0.06374044
12344,0.06215958
12345,0.7546834
12346,0.7507969
12347,0.1345658
12348,0.14777325
12349,0.10937495
12350,0.16815056
12351,0.12363074
12352,0.5260422
12353,0.06375841
12354,0.06585529
12355,0.078482
12356,0.07687967
12357,0.09767116
12358,0.10078214
12359,0.07083193
12360,0.8230513
12361,0.26654834
12362,0.28594115
12363,0.05762336
12364,0.07943876
12365,0.07001764
12366,0.2564412
12367,0.0489396
12368,0.05038604
12369,0.024378179
12370,0.034594834
12371,0.06507326
12372,0.063912794
12373,0.7760047
12374,0.8585178
12375,0.502704
12376,0.28516215
12377,0.10208735
12378,0.26593643
12379,0.26047692
12380,0.47230443
12381,0.064604424
12382,0.07121144
12383,0.07685811
12384,0.17016621
12385,0.09381264
12386,0.10653682
12387,0.26194692
12388,0.27585042
12389,0.27308607
12390,0.2733084
12391,1.0151117
12392,0.26273817
12393,0.07695583
12394,0.26636177
12395,0.24960962
12396,0.051302306
12397,0.048653644
12398,0.019753397
12399,0.03319079
12400,0.06910506
12401,0.08535473
12402,0.24938416
12403,0.4815633
12404,0.26749018
12405,0.6179208
12406,0.2745152
12407,0.16578521
12408,0.15638223
12409,0.59430265
12410,0.088685654
12411,0.09901352
12412,0.062253885
12413,0.06393635
12414,0.42394057
12415,0.26107603
12416,0.04341263
12417,0.52619165
12418,0.5276369
12419,0.048840936
12420,0.0938237
12421,0.07297123
12422,0.05977004
12423,0.045267873
12424,0.01731151
12425,0.019487714
12426,0.07089028
12427,0.08594977
12428,0.123656936
12429,0.14549759
12430,0.66139126
12431,0.66926384
12432,0.49834785
12433,0.4905924
12434,0.5966524
12435,0.12452639
12436,0.050109494
12437,0.07686601
12438,0.06773621
12439,0.16282183
12440,0.08798085
12441,0.03847526
12442,0.07429371
12443,0.06621807
12444,0.051097702
12445,0.046715666
12446,0.08713483
12447,0.061104823
12448,0.048596866
12449,0.068084106
12450,0.063034095
12451,0.038840145
12452,0.03213024
12453,0.031944156
12454,0.06651803
12455,0.11442392
12456,0.12644514
12457,0.25662267
12458,0.27194494
12459,0.48218018
12460,0.7610784
12461,0.7863608
12462,0.46775347
12463,0.08999459
12464,0.051469855
12465,0.06317699
12466,0.063275374
12467,0.088664964
12468,0.03645143
12469,0.06544456
12470,0.8079829
12471,0.051492948
12472,0.087546386
12473,0.075887024
12474,0.057338633
12475,0.10051707
12476,0.08576077
12477,0.08576077
12478,0.061046492
12479,0.010465499
12480,0.008330521
12481,0.08979639
12482,0.11601013
12483,0.1449527
12484,0.5699976
12485,0.47189128
12486,0.16321218
12487,0.8157741
12488,0.4693525
12489,0.43726423
12490,0.080606416
12491,0.053163048
12492,0.05948297
12493,0.06794916
12494,0.06884214
12495,0.091569304
12496,0.035919443
12497,0.061928038
12498,0.045875117
12499,0.46468815
12500,0.2803768
12501,0.3900388
12502,0.080537096
12503,0.1097379
12504,0.097125396
12505,0.08086335
12506,0.08447588
12507,0.06009671
12508,0.09292573
12509,0.040020883
12510,0.04915226
12511,0.0850022
12512,0.74701035
12513,0.07736224
12514,0.49537727
12515,0.3825857
12516,0.41764086
12517,0.27542827
12518,0.09583422
12519,0.026887828
12520,0.056784887
12521,0.050744273
12522,0.059715945
12523,0.081020616
12524,0.08724089
12525,0.08995237
12526,0.061708223
12527,0.34254333
12528,0.043609012
12529,0.03989686
12530,0.4180234
12531,0.037801653
12532,0.010773142
12533,0.03823251
12534,0.041330647
12535,0.1208649
12536,0.1160689
12537,0.09168935
12538,0.2747105
12539,0.25786012
12540,0.100854754
12541,0.10818688
12542,0.026481234
12543,0.075447716
12544,0.048765473
12545,0.050397083
12546,0.06015063
12547,0.0771144
12548,0.091962844
12549,0.06263453
12550,0.053146504
12551,0.26999092
12552,0.041611195
12553,0.12797017
12554,0.04494659
12555,0.08331853
12556,0.11538195
12557,0.049841996
12558,0.079051994
12559,0.07782236
12560,0.0866866
12561,0.24698217
12562,0.43075925
12563,0.48041388
12564,0.11224209
12565,0.05245066
12566,0.050334394
12567,0.052917823
12568,0.08752522
12569,0.09781468
12570,0.044722226
12571,0.052632686
12572,0.04521079
12573,0.05112374
12574,0.030265346
12575,0.0757382
12576,0.1181133
12577,0.35099587
12578,0.046430286
12579,0.05447102
12580,0.078670755
12581,0.036643412
12582,0.10366821
12583,0.48935768
12584,0.11464691
12585,0.024406686
12586,0.0664168
12587,0.060104985
12588,0.048893906
12589,0.051851455
12590,0.086196765
12591,0.09097601
12592,0.06736862
12593,0.053949516
12594,0.04585107
12595,0.03760666
12596,0.044889353
12597,0.033749916
12598,0.049331576
12599,0.0957448
12600,0.051861115
12601,0.040851407
12602,0.041469436
12603,0.056516398
12604,0.05597654
12605,0.41510198
12606,0.045934893
12607,0.04627998
12608,0.040139873
12609,0.04992878
12610,0.062517665
12611,0.06919794
12612,0.06829872
12613,0.060414348
12614,0.250962
12615,0.06606972
12616,0.07071255
12617,0.04749206
12618,0.046473328
12619,0.07993605
12620,0.064416885
12621,0.26597866
12622,0.050994307
12623,0.04758991
12624,0.053567484
12625,0.09632647
12626,0.052046612
12627,0.06285092
12628,0.020978516
12629,0.44480634
12630,0.56009465
12631,0.1101305
12632,0.05560375
12633,0.04319043
12634,0.045021165
12635,0.03787135
12636,0.2630975
12637,0.069775335
12638,0.065826595
12639,0.7808836
12640,0.064890824
12641,0.08537157
12642,0.06608551
12643,0.0679351
12644,0.063002475
12645,0.0424442
12646,0.063347645
12647,0.3847875
12648,0.10031441
12649,0.092435
12650,0.044094536
12651,0.04851549
12652,0.09718568
12653,0.05360449
12654,0.06365579
12655,0.038511828
12656,0.022602314
12657,0.04873342
12658,0.056514017
12659,0.04719216
12660,0.029698892
12661,0.048436217
12662,0.045275293
12663,0.040719625
12664,0.068160184
12665,0.05944837
12666,0.07877271
12667,0.07292279
12668,0.06748807
12669,0.06771078
12670,0.036677316
12671,0.06399337
12672,0.56690335
12673,0.10668136
12674,0.048441697
12675,0.045117594
12676,0.049503952
12677,0.062300574
12678,0.06424144
12679,0.025895566
12680,0.02608453
12681,0.2910926
12682,0.028728273
12683,0.028298624
12684,0.03637507
12685,0.03846291
12686,0.06803322
12687,0.077772476
12688,0.063190214
12689,0.0679053
12690,0.06953284
12691,0.030871384
12692,0.06330222
12693,0.39049467
12694,0.0473815
12695,0.046536706
12696,0.043689553
12697,0.025370484
12698,0.025625305
12699,0.050146785
12700,0.029941477
12701,0.018669803
12702,0.018203547
12703,0.016419472
12704,0.031743955
12705,0.25669605
12706,0.0805057
12707,0.07914444
12708,0.042398863
12709,0.043962486
12710,0.031096457
12711,0.026170708
12712,0.23844658
12713,0.26770157
12714,0.10334653
12715,0.070533216
12716,0.028333625
12717,0.03567811
12718,0.02860091
12719,0.025318496
12720,0.029573834
12721,0.032762825
12722,0.035998575
12723,0.03556606
12724,0.032256454
12725,0.01781275
12726,0.016870407
12727,0.018131707
12728,0.030317996
12729,0.0781554
12730,0.085804194
12731,0.09041724
12732,0.04513031
12733,0.02572114
12734,0.026900314
12735,0.05896916
12736,0.046711247
12737,0.042935286
12738,0.031159576
12739,0.033234462
12740,0.022987405
12741,0.026096834
12742,0.03530761
12743,0.04556232
12744,0.029217988
12745,0.03399136
12746,0.030380651
12747,0.046253815
12748,0.0136397695
12749,0.079769656
12750,0.082661
12751,0.04061581
12752,0.029824244
12753,0.048696797
12754,0.05259811
12755,0.037655946
12756,0.013290031
12757,0.019164648
12758,0.041820582
12759,0.03672939
12760,0.047058098
12761,0.033555064
12762,0.0324636
12763,0.038101155
12764,0.019749694
12765,0.11159573
12766,0.031317506
12767,0.08118734
12768,0.0756519
12769,0.027806023
12770,0.1046507
12771,0.033249386
12772,0.05228719
12773,0.033311058
12774,0.03517207
12775,0.013454576
12776,0.015798021
12777,0.022316378
12778,0.041561432
12779,0.018033592
12780,0.034300208
12781,0.033411585
12782,0.07695693
12783,0.075178295
12784,0.05038208
12785,0.035307515
12786,0.039522156
12787,0.029775036
12788,0.01955637
12789,0.03016069
12790,0.014132727
12791,0.018633028
12792,0.018999675
12793,0.03083655
12794,0.07695689
12795,0.056299455
12796,0.107733496
12797,0.019511906
12798,0.019761078
12799,0.013607447
12800,0.013059444
12801,0.025094988
12802,0.02563385
12803,0.022009524
12804,0.022304444
12805,0.016830666
12806,0.01680531
12807,0.03696799
12808,0.02722753
12809,0.085730314
12810,0.06788396
12811,0.0583198
12812,0.040134385
12813,0.11262334
12814,0.022196533
12815,0.045657657
12816,0.042229094
12817,0.07996917
12818,0.05827464
12819,0.06380043
12820,0.06008747
12821,0.020301707
12822,0.02987068
12823,0.09054392
12824,0.0884848
12825,0.06109164
12826,0.06948951
12827,0.06407676
12828,0.09066401
12829,0.07721108
12830,0.4475043
12831,0.43807328
12832,0.058342762
12833,0.031041645
12834,0.2863742
12835,0.064868115
12836,0.5805666
12837,0.092043065
12838,0.05630752
12839,0.05418111
12840,0.02861039
12841,0.072608635
12842,0.05524793
12843,0.55064
12844,0.121861175
12845,0.058975838
12846,0.25370982
12847,0.05521163
12848,0.033699173
12849,0.028515996
12850,0.03434056
12851,0.03593387
12852,0.054534983
12853,0.0457749
12854,0.051847357
12855,0.07166587
12856,0.43091077
12857,0.44882095
12858,0.0596569
12859,0.05933457
12860,0.2616747
12861,0.05349291
12862,0.031127341
12863,0.05875059
12864,0.031688843
12865,0.059997663
12866,0.05792849
12867,0.43837938
12868,0.099584505
12869,0.2660158
12870,0.50179625
12871,0.057488844
12872,0.5011695
12873,0.04789848
12874,0.04994718
12875,0.26754183
12876,0.058938973
12877,0.038978163
12878,0.03713218
12879,0.06839081
12880,0.114632614
12881,0.0760577
12882,0.10734667
12883,0.09179445
12884,0.06263138
12885,0.06540493
12886,0.062202644
12887,0.30004814
12888,0.054233987
12889,0.04980569
12890,0.043303408
12891,0.05755401
12892,0.057600755
12893,0.032677855
12894,0.07387629
12895,0.060974095
12896,0.07378961
12897,0.083343364
12898,0.09312661
12899,0.06251514
12900,0.112931274
12901,0.0953912
12902,0.047437653
12903,0.048221204
12904,0.047217518
12905,0.03292174
12906,0.43610668
12907,0.067026995
12908,0.068250336
12909,0.436347
12910,0.51748884
12911,0.04936654
12912,0.04194542
12913,0.046991985
12914,0.030644184
12915,0.034105025
12916,0.028348906
12917,0.06336488
12918,0.052115276
12919,0.043528195
12920,0.06448964
12921,0.08948519
12922,0.08613279
12923,0.28170446
12924,0.49453747
12925,0.0402241
12926,0.041849717
12927,0.0788208
12928,0.07781191
12929,0.07356523
12930,0.048837435
12931,0.24113862
12932,0.104682356
12933,0.032931212
12934,0.0484339
12935,0.06374868
12936,0.04965763
12937,0.08810194
12938,0.5010832
12939,0.04560624
12940,0.039789956
12941,0.04608423
12942,0.039963633
12943,0.07735343
12944,0.07803898
12945,0.064999826
12946,0.029036425
12947,0.056243062
12948,0.052955657
12949,0.08362385
12950,0.087887704
12951,0.04543671
12952,0.042549465
12953,0.024303837
12954,0.030412313
12955,0.027363207
12956,0.027506197
12957,0.072532326
12958,0.07187868
12959,0.29165822
12960,0.05630951
12961,0.10079027
12962,0.05142382
12963,0.05605818
12964,0.038604178
12965,0.036619924
12966,0.065906614
12967,0.044924572
12968,0.051843394
12969,0.07215837
12970,0.26660913
12971,0.05988673
12972,0.060020756
12973,0.0700391
12974,0.07448377
12975,0.050087865
12976,0.049920246
12977,0.08492118
12978,0.04521404
12979,0.044617556
12980,0.016575132
12981,0.026464082
12982,0.017222675
12983,0.07999663
12984,0.071383655
12985,0.070499524
12986,0.30319774
12987,0.26933515
12988,0.27318826
12989,0.054392435
12990,0.058181208
12991,0.03215424
12992,0.036625378
12993,0.041630987
12994,0.049113736
12995,0.07861557
12996,0.07698923
12997,0.5956002
12998,0.06305266
12999,0.07005911
13000,0.050973177
13001,0.04874503
13002,0.03749574
13003,0.030941293
13004,0.04451714
13005,0.033734478
13006,0.023519356
13007,0.038230848
13008,0.03743707
13009,0.055991307
13010,0.07697422
13011,0.10890831
13012,0.11035066
13013,0.30360663
13014,0.59279823
13015,0.07158224
13016,0.090019315
13017,0.07794535
13018,0.07338588
13019,0.07414895
13020,0.041441068
13021,0.034975104
13022,0.03423981
13023,0.06607625
13024,0.069808796
13025,0.057195373
13026,0.059236757
13027,0.064569384
13028,0.053986315
13029,0.071007766
13030,0.055109546
13031,0.031184891
13032,0.045789633
13033,0.047069926
13034,0.03608719
13035,0.045125563
13036,0.05557131
13037,0.023980325
13038,0.020014785
13039,0.032507923
13040,0.037650887
13041,0.080189
13042,0.08209788
13043,0.10686891
13044,0.12278741
13045,0.28904316
13046,0.2748828
13047,0.06702567
13048,0.09153927
13049,0.07012251
13050,0.071090885
13051,0.039878175
13052,0.038728993
13053,0.07267247
13054,0.06994578
13055,0.062546864
13056,0.060164977
13057,0.014463905
13058,0.05157676
13059,0.055373207
13060,0.05631177
13061,0.033517677
13062,0.036798947
13063,0.04457498
13064,0.03960718
13065,0.045227382
13066,0.035379153
13067,0.06721219
13068,0.06315865
13069,0.30605003
13070,0.2963985
13071,0.1119669
13072,0.11598178
13073,0.07945093
13074,0.106545866
13075,0.07820574
13076,0.080991864
13077,0.06840197
13078,0.041925594
13079,0.061936744
13080,0.4901161
13081,0.050737124
13082,0.076284565
13083,0.049360372
13084,0.083290175
13085,0.049322
13086,0.046836074
13087,0.03463124
13088,0.03558248
13089,0.038583405
13090,0.05114108
13091,0.06628675
13092,0.073218584
13093,0.14420989
13094,0.5617367
13095,0.10710828
13096,0.067359634
13097,0.22962677
13098,0.094011635
13099,0.25739744
13100,0.08866212
13101,0.07729922
13102,0.03907965
13103,0.03740543
13104,0.06254612
13105,0.07689018
13106,0.076207906
13107,0.08179406
13108,0.084400736
13109,0.033358537
13110,0.03346844
13111,0.041294172
13112,0.042966563
13113,0.094771005
13114,0.10532196
13115,0.10215285
13116,0.10233625
13117,0.09825363
13118,0.09784767
13119,0.09705202
13120,0.14313342
13121,0.16880329
13122,0.27164385
13123,0.10835861
13124,0.06367572
13125,0.058986638
13126,0.044651352
13127,0.09379707
13128,0.6871372
13129,0.08234818
13130,0.07673478
13131,0.4157023
13132,0.077845976
13133,0.039248776
13134,0.055772576
13135,0.06619042
13136,0.25946862
13137,0.25365224
13138,0.09352498
13139,0.09830609
13140,0.097132884
13141,0.10764242
13142,0.16102485
13143,0.16649225
13144,0.53525656
13145,0.09990933
13146,0.058567073
13147,0.05998933
13148,0.045509744
13149,0.0478541
13150,0.2776631
13151,1.0174166
13152,0.08288608
13153,0.081497245
13154,0.45414048
13155,0.036075696
13156,0.030014291
13157,0.25735348
13158,0.048089575
13159,0.056570865
13160,0.058249343
13161,0.045188375
13162,0.04941029
13163,0.09402108
13164,0.5210248
13165,0.09527941
13166,0.083662406
13167,0.27232614
13168,0.14533351
13169,0.26418138
13170,0.41158977
13171,0.44221604
13172,0.2901766
13173,0.13602908
13174,0.09107894
13175,0.8391343
13176,0.86215186
13177,0.51550716
13178,0.07349605
13179,0.23918699
13180,0.053402126
13181,0.029736092
13182,0.06121304
13183,0.03974657
13184,0.09713196
13185,0.11166408
13186,0.08869099
13187,0.1012275
13188,0.1300126
13189,0.12977646
13190,0.13524888
13191,0.2791567
13192,0.10539223
13193,0.04439288
13194,0.06017817
13195,0.28397208
13196,0.101638354
13197,0.68696916
13198,0.8459905
13199,0.4915296
13200,0.07653887
13201,0.082948655
13202,0.027042951
13203,0.04393591
13204,0.42444092
13205,0.0453927
13206,0.031048242
13207,0.033124633
13208,0.072404176
13209,0.07383973
13210,0.074661374
13211,0.06554264
13212,0.4961995
13213,0.094618626
13214,0.12030389
13215,0.13546115
13216,0.09636646
13217,0.10396131
13218,0.079444565
13219,0.26087055
13220,0.3170267
13221,0.08646058
13222,0.27925834
13223,0.09178494
13224,0.08794666
13225,0.9802918
13226,0.89188
13227,0.7828128
13228,0.05973267
13229,0.075213216
13230,0.07914993
13231,0.07666266
13232,0.44929662
13233,0.108803034
13234,0.2702085
13235,0.049623284
13236,0.044092026
13237,0.026130557
13238,0.07427306
13239,0.05302549
13240,0.060724694
13241,0.06413973
13242,0.5428621
13243,0.27645355
13244,0.25690055
13245,0.12576275
13246,0.102809794
13247,0.10019587
13248,0.100990266
13249,0.09606101
13250,0.031538185
13251,0.08482193
13252,0.11661204
13253,0.1181813
13254,0.08798772
13255,0.11072123
13256,0.04089255
13257,0.83864796
13258,0.84369504
13259,0.77714837
13260,0.06057495
13261,0.06895069
13262,0.25733164
13263,0.2920126
13264,0.11182242
13265,0.033948213
13266,0.053696908
13267,0.047632363
13268,0.06822006
13269,0.06396939
13270,0.75163126
13271,0.74895626
13272,0.12917636
13273,0.138593
13274,0.1022069
13275,0.17109384
13276,0.12953101
13277,0.59330463
13278,0.06563286
13279,0.063333936
13280,0.07715961
13281,0.07807744
13282,0.105529465
13283,0.09858799
13284,0.07385364
13285,0.90349156
13286,0.5401654
13287,0.19370766
13288,0.056649186
13289,0.07234824
13290,0.06476017
13291,0.25127846
13292,0.044377692
13293,0.05239003
13294,0.01984966
13295,0.050317273
13296,0.028553909
13297,0.066326395
13298,0.06521967
13299,0.2906204
13300,0.83124876
13301,0.29744697
13302,0.28045517
13303,0.100369945
13304,0.17492475
13305,0.13027859
13306,0.55775356
13307,0.06637162
13308,0.06873975
13309,0.084283784
13310,0.081113145
13311,0.09357456
13312,0.09885523
13313,0.26053673
13314,0.28213096
13315,0.29256776
13316,0.27392802
13317,1.0210689
13318,0.2631267
13319,0.07113704
13320,0.26406863
13321,0.27279758
13322,0.04498319
13323,0.055220153
13324,0.048535295
13325,0.03667539
13326,0.015388575
13327,0.06502741
13328,0.087236956
13329,0.2525224
13330,0.4764064
13331,0.26758853
13332,0.76596767
13333,0.282991
13334,0.15513901
13335,0.27725425
13336,0.2841048
13337,0.07907889
13338,0.09301255
13339,0.100430526
13340,0.2454687
13341,0.0675858
13342,0.5106913
13343,0.25197658
13344,0.037876327
13345,0.6307398
13346,0.54623
13347,0.0462931
13348,0.08955408
13349,0.07483844
13350,0.06265786
13351,0.04394064
13352,0.03888464
13353,0.022292584
13354,0.010588013
13355,0.078793354
13356,0.09161772
13357,0.12770586
13358,0.12877148
13359,0.6588565
13360,0.7595753
13361,0.5586205
13362,0.5278522
13363,0.55996037
13364,0.13126563
13365,0.050591327
13366,0.06531448
13367,0.061389174
13368,0.15914707
13369,0.08918848
13370,0.032082308
13371,0.06839757
13372,0.06289919
13373,0.049574718
13374,0.04678516
13375,0.08734538
13376,0.05608466
13377,0.044766013
13378,0.038933404
13379,0.06547571
13380,0.027769152
13381,0.03460751
13382,0.010496129
13383,0.086434424
13384,0.1082861
13385,0.12225124
13386,0.24452804
13387,0.2752067
13388,0.470841
13389,0.75603175
13390,0.70982075
13391,0.45917988
13392,0.08543125
13393,0.05174586
13394,0.06341475
13395,0.05970273
13396,0.08913131
13397,0.040663626
13398,0.0626645
13399,0.77045226
13400,0.050075736
13401,0.059739474
13402,0.0892195
13403,0.07149748
13404,0.24751212
13405,0.099608496
13406,0.085628636
13407,0.054832652
13408,0.008785999
13409,0.013666279
13410,0.07800432
13411,0.1082167
13412,0.121459596
13413,0.49860063
13414,0.4836526
13415,0.17158832
13416,0.3240884
13417,0.44201633
13418,0.44664013
13419,0.26124018
13420,0.044716373
13421,0.061131366
13422,0.061183613
13423,0.092701346
13424,0.040942714
13425,0.061298616
13426,0.049785677
13427,0.42491937
13428,0.27134475
13429,0.4783271
13430,0.07681395
13431,0.094145566
13432,0.109980956
13433,0.09309493
13434,0.06821212
13435,0.053852994
13436,0.0616286
13437,0.045606334
13438,0.04024552
13439,0.08132448
13440,0.6814008
13441,0.53717995
13442,0.53261137
13443,0.3816097
13444,0.27073076
13445,0.2917621
13446,0.0999104
13447,0.028021859
13448,0.053283792
13449,0.06078881
13450,0.07834326
13451,0.08193924
13452,0.086827084
13453,0.058379713
13454,0.284058
13455,0.043743003
13456,0.046111938
13457,0.044864453
13458,0.28343832
13459,0.024808262
13460,0.040305663
13461,0.12184974
13462,0.30791512
13463,0.077559404
13464,0.077275515
13465,0.12395479
13466,0.12915854
13467,0.09920005
13468,0.10369678
13469,0.03088767
13470,0.07507493
13471,0.044896014
13472,0.029098634
13473,0.05996158
13474,0.082081325
13475,0.08604759
13476,0.055855587
13477,0.5230518
13478,0.036763445
13479,0.04305894
13480,0.11990904
13481,0.05138471
13482,0.07893399
13483,0.13214608
13484,0.052205496
13485,0.079479486
13486,0.05657434
13487,0.098831505
13488,0.087583184
13489,0.463666
13490,0.48105586
13491,0.11270979
13492,0.024994493
13493,0.051667985
13494,0.049570464
13495,0.059625044
13496,0.08459439
13497,0.10899858
13498,0.058182154
13499,0.047562424
13500,0.039540935
13501,0.042202197
13502,0.05055003
13503,0.035406586
13504,0.07960249
13505,0.11480142
13506,0.35606733
13507,0.054957878
13508,0.053531546
13509,0.08121638
13510,0.05389475
13511,0.10342307
13512,0.46331322
13513,0.116929926
13514,0.027097307
13515,0.074086405
13516,0.06382387
13517,0.050911974
13518,0.08320728
13519,0.10195267
13520,0.058527585
13521,0.04839269
13522,0.043359037
13523,0.03341974
13524,0.048343413
13525,0.0298674
13526,0.049306333
13527,0.09917772
13528,0.057303477
13529,0.05132055
13530,0.038828064
13531,0.059847314
13532,0.06064042
13533,0.4319453
13534,0.048568975
13535,0.041630864
13536,0.050147925
13537,0.065385
13538,0.06884324
13539,0.06770329
13540,0.061380297
13541,0.064369634
13542,0.06694706
13543,0.071846515
13544,0.042478427
13545,0.043632552
13546,0.065254405
13547,0.069408715
13548,0.27840805
13549,0.042968445
13550,0.054365426
13551,0.09552754
13552,0.05701117
13553,0.042060185
13554,0.022972
13555,0.4872159
13556,0.5782963
13557,0.113174364
13558,0.045221798
13559,0.025166562
13560,0.047807816
13561,0.044005785
13562,0.038276955
13563,0.25928012
13564,0.064549275
13565,0.06502516
13566,0.9568927
13567,0.062299155
13568,0.07319434
13569,0.07273522
13570,0.06329205
13571,0.06675768
13572,0.042508848
13573,0.028791586
13574,0.07058879
13575,0.55645174
13576,0.08308477
13577,0.2665907
13578,0.050906938
13579,0.04679013
13580,0.04683999
13581,0.054670118
13582,0.07721491
13583,0.03847293
13584,0.05608545
13585,0.04905005
13586,0.03500743
13587,0.0276428
13588,0.041906413
13589,0.046883803
13590,0.04309922
13591,0.06800374
13592,0.06078548
13593,0.0677056
13594,0.06703227
13595,0.06728801
13596,0.0660875
13597,0.034736834
13598,0.060243834
13599,0.5500672
13600,0.09550974
13601,0.26552328
13602,0.057086036
13603,0.063105784
13604,0.06171234
13605,0.54955715
13606,0.030708551
13607,0.02782872
13608,0.038569096
13609,0.043740273
13610,0.06850819
13611,0.080326065
13612,0.066624984
13613,0.06807658
13614,0.070346594
13615,0.03744494
13616,0.06300706
13617,0.40005937
13618,0.05064695
13619,0.047667615
13620,0.044586904
13621,0.044014584
13622,0.0280073
13623,0.022131355
13624,0.043715894
13625,0.036264688
13626,0.020601168
13627,0.01641596
13628,0.02237757
13629,0.032370504
13630,0.07692068
13631,0.08414153
13632,0.08484132
13633,0.028785354
13634,0.047157682
13635,0.02992349
13636,0.025991607
13637,0.2362891
13638,0.26483724
13639,0.10640201
13640,0.029438645
13641,0.024226349
13642,0.026190154
13643,0.04372997
13644,0.05274451
13645,0.0299736
13646,0.030038254
13647,0.013791601
13648,0.017209856
13649,0.025406836
13650,0.069805756
13651,0.085199095
13652,0.08944561
13653,0.031713624
13654,0.23983751
13655,0.069815524
13656,0.23794757
13657,0.03806798
13658,0.028473916
13659,0.015476715
13660,0.0269817
13661,0.03680165
13662,0.04581424
13663,0.030846996
13664,0.030909872
13665,0.04352669
13666,0.031371016
13667,0.0774859
13668,0.04091672
13669,0.02977556
13670,0.049764752
13671,0.06059345
13672,0.056236126
13673,0.018674294
13674,0.015750632
13675,0.036098026
13676,0.03459787
13677,0.043681983
13678,0.03056578
13679,0.048087355
13680,0.04046014
13681,0.04200319
13682,0.01543397
13683,0.035213288
13684,0.06825913
13685,0.07103449
13686,0.10273
13687,0.034307
13688,0.057867374
13689,0.026610328
13690,0.0340949
13691,0.031420425
13692,0.016693095
13693,0.020652326
13694,0.04208839
13695,0.018799415
13696,0.033487856
13697,0.07445813
13698,0.058416612
13699,0.032889914
13700,0.031807806
13701,0.021610731
13702,0.03407636
13703,0.014379947
13704,0.017914638
13705,0.02393884
13706,0.018244581
13707,0.030070193
13708,0.034025393
13709,0.071147926
13710,0.056816276
13711,0.09770028
13712,0.09884295
13713,0.020353865
13714,0.023915831
13715,0.016363777
13716,0.01810904
13717,0.020291716
13718,0.018180607
13719,0.017377533
13720,0.018384082
13721,0.014516872
13722,0.015900347
13723,0.029549185
13724,0.032272153
13725,0.033357922
13726,0.067358956
13727,0.07263424
13728,0.054578118
13729,0.032631364
13730,0.09753016
13731,0.020562956
13732,0.03516631
13733,0.03339535
13734,0.03221705
13735,0.08152575
13736,0.058641955
13737,0.065052174
13738,0.027008804
13739,0.032877672
13740,0.0224299
13741,0.0662489
13742,0.05499561
13743,0.0647879
13744,0.063072324
13745,0.0620552
13746,0.07346065
13747,0.05840608
13748,0.093725555
13749,0.08961267
13750,0.06061494
13751,0.41336554
13752,0.059825867
13753,0.028635114
13754,0.2885045
13755,0.07255151
13756,0.09281987
13757,0.0915876
13758,0.057006434
13759,0.061591104
13760,0.032924816
13761,0.039229974
13762,0.055548657
13763,0.48094246
13764,0.09327839
13765,0.06550126
13766,0.2562232
13767,0.058749244
13768,0.031054983
13769,0.052770413
13770,0.042089827
13771,0.037914544
13772,0.034713436
13773,0.06434267
13774,0.040663503
13775,0.058765568
13776,0.06637399
13777,0.40665528
13778,0.40115836
13779,0.060833946
13780,0.06325155
13781,0.25758386
13782,0.035701882
13783,0.03852476
13784,0.03156655
13785,0.059346195
13786,0.0545829
13787,0.4309073
13788,0.110341206
13789,0.4368609
13790,0.47175062
13791,0.066391125
13792,0.4583912
13793,0.077258274
13794,0.25401747
13795,0.05939281
13796,0.03857218
13797,0.039585948
13798,0.06672291
13799,0.124293886
13800,0.07956534
13801,0.10147342
13802,0.13282856
13803,0.06837642
13804,0.06761677
13805,0.29835016
13806,0.06356604
13807,0.054391127
13808,0.053591657
13809,0.05896574
13810,0.057586137
13811,0.03737331
13812,0.03134432
13813,0.06187019
13814,0.06205141
13815,0.08236322
13816,0.071045384
13817,0.11095793
13818,0.26606467
13819,0.069792606
13820,0.066228054
13821,0.0524544
13822,0.38596597
13823,0.054889396
13824,0.08002822
13825,0.2794664
13826,0.29316851
13827,0.05513719
13828,0.052568376
13829,0.04733034
13830,0.03731505
13831,0.03710231
13832,0.061566006
13833,0.0636834
13834,0.04882069
13835,0.058150236
13836,0.08932388
13837,0.08770101
13838,0.085808784
13839,0.4854615
13840,0.04424865
13841,0.04418067
13842,0.0420021
13843,0.0776179
13844,0.070788674
13845,0.029788816
13846,0.07373303
13847,0.060103167
13848,0.377343
13849,0.08215047
13850,0.030220471
13851,0.048893467
13852,0.09051495
13853,0.497144
13854,0.07222583
13855,0.040056072
13856,0.044813585
13857,0.044356123
13858,0.069787964
13859,0.076852515
13860,0.064619586
13861,0.030333236
13862,0.030801749
13863,0.058194418
13864,0.0737671
13865,0.082386345
13866,0.043576255
13867,0.055813078
13868,0.042145163
13869,0.03249956
13870,0.01908629
13871,0.034947716
13872,0.018675227
13873,0.07488717
13874,0.075510256
13875,0.29407492
13876,0.05555107
13877,0.09654346
13878,0.060279403
13879,0.062305797
13880,0.031502835
13881,0.03143154
13882,0.06697802
13883,0.043559305
13884,0.0467079
13885,0.044262312
13886,0.27638137
13887,0.27954984
13888,0.06564372
13889,0.058973532
13890,0.079009175
13891,0.0891988
13892,0.045126416
13893,0.050101932
13894,0.08303928
13895,0.047406305
13896,0.058218386
13897,0.026493663
13898,0.020394042
13899,0.01693736
13900,0.06378299
13901,0.066066064
13902,0.07785285
13903,0.3083412
13904,0.2855272
13905,0.27920026
13906,0.063870154
13907,0.052756146
13908,0.0320431
13909,0.043577466
13910,0.04609635
13911,0.046213437
13912,0.07386719
13913,0.07454374
13914,0.57733834
13915,0.0642935
13916,0.07029764
13917,0.04967453
13918,0.04967453
13919,0.033398043
13920,0.030892085
13921,0.04359369
13922,0.045009717
13923,0.035086356
13924,0.026304893
13925,0.02484992
13926,0.040730562
13927,0.063185714
13928,0.07087986
13929,0.115240104
13930,0.111026615
13931,0.3002577
13932,0.23122269
13933,0.078117475
13934,0.07330978
13935,0.07416409
13936,0.07878831
13937,0.09707388
13938,0.096252166
13939,0.036593754
13940,0.040663645
13941,0.07027242
13942,0.07169382
13943,0.057038117
13944,0.061654136
13945,0.0610585
13946,0.05203101
13947,0.07821006
13948,0.055896565
13949,0.029541044
13950,0.05557324
13951,0.030480497
13952,0.04810497
13953,0.053023443
13954,0.01693736
13955,0.038992867
13956,0.04547633
13957,0.08205616
13958,0.076784104
13959,0.13433957
13960,0.13921988
13961,0.29307824
13962,0.29621795
13963,0.07204933
13964,0.07900822
13965,0.07667324
13966,0.06759758
13967,0.037124492
13968,0.04703544
13969,0.08765398
13970,0.07039117
13971,0.05773683
13972,0.05302505
13973,0.050537616
13974,0.054308556
13975,0.04724884
13976,0.03404741
13977,0.048450284
13978,0.03316372
13979,0.042557836
13980,0.044984434
13981,0.03648137
13982,0.054937173
13983,0.037515387
13984,0.059760276
13985,0.06696402
13986,0.14758725
13987,0.31079695
13988,0.11201484
13989,0.10932086
13990,0.080260925
13991,0.09686698
13992,0.07729821
13993,0.07792869
13994,0.07219386
13995,0.039761845
13996,0.06704274
13997,0.26880866
13998,0.049077984
13999,0.07307937
14000,0.05588898
14001,0.08197736
14002,0.030388055
14003,0.033885766
14004,0.049438752
14005,0.014735058
14006,0.06194675
14007,0.069783784
14008,0.14124964
14009,0.53759444
14010,0.11836041
14011,0.07266227
14012,0.2513867
14013,0.09992009
14014,0.2528036
14015,0.07649813
14016,0.0749857
14017,0.039517444
14018,0.08016957
14019,0.07458778
14020,0.07157012
14021,0.082261376
14022,0.08206728
14023,0.031445872
14024,0.036803838
14025,0.024285002
14026,0.032989953
14027,0.09197492
14028,0.09793441
14029,0.09873816
14030,0.10044182
14031,0.09666427
14032,0.09757122
14033,0.10861276
14034,0.14398555
14035,0.2551269
14036,0.26584426
14037,0.11440172
14038,0.057821732
14039,0.05770655
14040,0.058048733
14041,0.052907888
14042,0.10214065
14043,0.74471456
14044,0.08167837
14045,0.0754394
14046,0.42076328
14047,0.26364386
14048,0.018044142
14049,0.03119688
14050,0.043565065
14051,0.044762015
14052,0.2695648
14053,0.28054565
14054,0.08603715
14055,0.09733993
14056,0.09595625
14057,0.09789575
14058,0.15989478
14059,0.1686629
14060,0.5158785
14061,0.11566931
14062,0.05847157
14063,0.04519438
14064,0.07117939
14065,0.2779847
14066,0.8208198
14067,0.086791925
14068,0.082527846
14069,0.46113017
14070,0.03244742
14071,0.027368115
14072,0.2548182
14073,0.05208182
14074,0.052037425
14075,0.046977706
14076,0.054168046
14077,0.47482175
14078,0.0901919
14079,0.098628074
14080,0.26869076
14081,0.27638435
14082,0.26407686
14083,0.5320426
14084,0.41791928
14085,0.03575884
14086,0.6383467
14087,0.2754659
14088,0.27381852
14089,0.7636983
14090,0.7893874
14091,0.4705495
14092,0.08345987
14093,0.24455307
14094,0.05299442
14095,0.0705183
14096,0.033537947
14097,0.05722062
14098,0.032967087
14099,0.10836286
14100,0.10937484
14101,0.086269915
14102,0.097264126
14103,0.12525843
14104,0.14697842
14105,0.14102283
14106,0.27865845
14107,0.10091357
14108,0.03736225
14109,0.06478028
14110,0.275915
14111,0.055243887
14112,0.08215547
14113,0.7175518
14114,0.7858311
14115,0.5180682
14116,0.086352676
14117,0.08784984
14118,0.028139869
14119,0.05628046
14120,0.46721864
14121,0.036836043
14122,0.024871238
14123,0.031724658
14124,0.08714126
14125,0.07821501
14126,0.061005674
14127,0.062751286
14128,0.45027736
14129,0.07394013
14130,0.120429896
14131,0.12999491
14132,0.105926864
14133,0.1016736
14134,0.07278749
14135,0.2543576
14136,0.2791658
14137,0.08912894
14138,0.11318905
14139,0.099015474
14140,0.086133376
14141,0.8774155
14142,0.7854223
14143,0.8235807
14144,0.06420756
14145,0.073082656
14146,0.07264204
14147,0.06526935
14148,0.43950716
14149,0.10770328
14150,0.27205107
14151,0.052990265
14152,0.045223873
14153,0.024752123
14154,0.07968823
14155,0.045458984
14156,0.06178181
14157,0.050093047
14158,0.4876007
14159,0.56603926
14160,0.27354047
14161,0.13182707
14162,0.099634
14163,0.09989104
14164,0.1027981
14165,0.10774001
14166,0.0627235
14167,0.06651753
14168,0.11722718
14169,0.11560471
14170,0.08269915
14171,0.101053566
14172,0.03717182
14173,0.84447634
14174,0.8962751
14175,0.7831378
14176,0.060670767
14177,0.061880644
14178,0.07350893
14179,0.42724636
14180,0.10737215
14181,0.021330887
14182,0.07173986
14183,0.043329872
14184,0.058525693
14185,0.0666298
14186,0.9061489
14187,0.91434497
14188,0.1330404
14189,0.1412107
14190,0.10072176
14191,0.17085694
14192,0.11607425
14193,0.50917375
14194,0.06751649
14195,0.062733546
14196,0.08172758
14197,0.0784464
14198,0.09963358
14199,0.0968832
14200,0.074849464
14201,0.8370875
14202,0.2693805
14203,0.16241473
14204,0.05745912
14205,0.07501124
14206,0.06717534
14207,0.25514445
14208,0.045790453
14209,0.049654264
14210,0.024752123
14211,0.059724987
14212,0.04607607
14213,0.07727662
14214,0.060532846
14215,0.81670177
14216,0.82552755
14217,0.28407183
14218,0.26263425
14219,0.12660238
14220,0.16845265
14221,0.25499168
14222,0.4715272
14223,0.063718915
14224,0.06321458
14225,0.08013932
14226,0.08320249
14227,0.2652492
14228,0.2622931
14229,0.078997694
14230,0.893326
14231,0.27860874
14232,0.28336382
14233,1.0306382
14234,0.2561171
14235,0.06887337
14236,0.2579449
14237,0.25473884
14238,0.048729613
14239,0.057856753
14240,0.2512043
14241,0.029885989
14242,0.030476203
14243,0.028129103
14244,0.06709918
14245,0.08685739
14246,0.100782424
14247,0.4707574
14248,0.26367244
14249,0.6659119
14250,0.5590437
14251,0.161921
14252,0.28754297
14253,0.2897045
14254,0.09778857
14255,0.09728993
14256,0.066248804
14257,0.060909614
14258,0.52873766
14259,0.24865109
14260,0.04370162
14261,0.52308404
14262,0.5333802
14263,0.0499475
14264,0.04448451
14265,0.11733866
14266,0.07217572
14267,0.060454838
14268,0.03044675
14269,0.02192976
14270,0.018721288
14271,0.064928666
14272,0.08307951
14273,0.12677561
14274,0.1275497
14275,0.720951
14276,0.7022336
14277,0.5280952
14278,0.29017508
14279,0.6004467
14280,0.13653798
14281,0.102827445
14282,0.04915654
14283,0.06372785
14284,0.0623615
14285,0.16173068
14286,0.0896237
14287,0.049256958
14288,0.07007896
14289,0.06475024
14290,0.044186525
14291,0.09247867
14292,0.063605025
14293,0.037652608
14294,0.03486579
14295,0.019990832
14296,0.006646602
14297,0.070948265
14298,0.1215449
14299,0.12405799
14300,0.26072183
14301,0.15153377
14302,0.49616227
14303,0.77263254
14304,0.7250429
14305,0.45133278
14306,0.08378872
14307,0.06984691
14308,0.0634278
14309,0.08669391
14310,0.039423157
14311,0.058198012
14312,0.8467648
14313,0.04493512
14314,0.06433866
14315,0.09054498
14316,0.07233178
14317,0.057519134
14318,0.097038634
14319,0.08212331
14320,0.07984486
14321,0.051929604
14322,0.011100721
14323,0.014056953
14324,0.08678947
14325,0.101754084
14326,0.12811792
14327,0.5351385
14328,0.46880233
14329,0.15988119
14330,0.6564426
14331,0.48179695
14332,0.45346785
14333,0.24203488
14334,0.05286652
14335,0.05574813
14336,0.06274137
14337,0.08366505
14338,0.040264327
14339,0.05221838
14340,0.4135239
14341,0.047542546
14342,0.41798466
14343,0.07492867
14344,0.09530904
14345,0.09049484
14346,0.080628924
14347,0.25724745
14348,0.050181095
14349,0.061170913
14350,0.03179845
14351,0.033779584
14352,0.07265643
14353,0.8489373
14354,0.54069656
14355,0.48137978
14356,0.44015983
14357,0.45981213
14358,0.10272605
14359,0.10408307
14360,0.027952144
14361,0.06126615
14362,0.063673094
14363,0.081439495
14364,0.09778834
14365,0.08700214
14366,0.04856249
14367,0.26937726
14368,0.04097588
14369,0.047801215
14370,0.07559828
14371,0.24709016
14372,0.02441741
14373,0.031987283
14374,0.024529975
14375,0.12101993
14376,0.31031355
14377,0.08682169
14378,0.46439123
14379,0.26767647
14380,0.100646764
14381,0.109772354
14382,0.028064843
14383,0.071500674
14384,0.052524805
14385,0.04904466
14386,0.05049594
14387,0.087564535
14388,0.08158939
14389,0.045719795
14390,0.2658111
14391,0.031374756
14392,0.12486128
14393,0.08236841
14394,0.11675105
14395,0.041778415
14396,0.075793505
14397,0.08814333
14398,0.104180224
14399,0.079787396
14400,0.4873936
14401,0.47770038
14402,0.117388986
14403,0.051007885
14404,0.05098399
14405,0.0609371
14406,0.08734436
14407,0.08376345
14408,0.042654287
14409,0.054297794
14410,0.04553444
14411,0.04617105
14412,0.024004944
14413,0.011018364
14414,0.096513055
14415,0.11816703
14416,0.39396688
14417,0.05039311
14418,0.050597183
14419,0.09882026
14420,0.040801108
14421,0.11043132
14422,0.5203103
14423,0.115657195
14424,0.027182436
14425,0.25097623
14426,0.0596015
14427,0.048384815
14428,0.101052776
14429,0.090523496
14430,0.042299345
14431,0.26165915
14432,0.023749864
14433,0.0461751
14434,0.08071765
14435,0.065817565
14436,0.034366246
14437,0.049838927
14438,0.057649273
14439,0.058712937
14440,0.44672757
14441,0.049615204
14442,0.03964401
14443,0.072243474
14444,0.07443025
14445,0.25460517
14446,0.05057591
14447,0.07576963
14448,0.06500381
14449,0.0652933
14450,0.13023451
14451,0.044763774
14452,0.060849484
14453,0.06462689
14454,0.25346994
14455,0.05299346
14456,0.054353785
14457,0.11041997
14458,0.05191472
14459,0.04266467
14460,0.02518919
14461,0.48140377
14462,0.55190897
14463,0.28656948
14464,0.048205003
14465,0.028048106
14466,0.0434933
14467,0.05463776
14468,0.042712063
14469,0.039141234
14470,0.06494219
14471,0.072058514
14472,0.86841905
14473,0.09034586
14474,0.06178054
14475,0.064472325
14476,0.032410175
14477,0.06905002
14478,0.31398913
14479,0.090934165
14480,0.09632269
14481,0.04594056
14482,0.047601752
14483,0.051932834
14484,0.054266714
14485,0.08198829
14486,0.023952793
14487,0.052244823
14488,0.05517229
14489,0.044824094
14490,0.027191017
14491,0.028048106
14492,0.04156395
14493,0.037955303
14494,0.07118181
14495,0.08474306
14496,0.07597764
14497,0.068248466
14498,0.06673109
14499,0.06689352
14500,0.040662084
14501,0.032942764
14502,0.06037164
14503,0.55396813
14504,0.086433776
14505,0.050107423
14506,0.049094897
14507,0.05274267
14508,0.061630532
14509,0.057482947
14510,0.022863328
14511,0.02887695
14512,0.2959186
14513,0.034140628
14514,0.040012427
14515,0.07029905
14516,0.2718815
14517,0.06478667
14518,0.063245095
14519,0.06584019
14520,0.067594126
14521,0.028141316
14522,0.06169196
14523,0.41118342
14524,0.04652867
14525,0.045944985
14526,0.049440745
14527,0.024284206
14528,0.021942321
14529,0.05292221
14530,0.029180884
14531,0.0223506
14532,0.014115251
14533,0.030244734
14534,0.07499477
14535,0.085776016
14536,0.08612712
14537,0.0449929
14538,0.039169565
14539,0.030472547
14540,0.05841564
14541,0.27778006
14542,0.09681813
14543,0.021638772
14544,0.0341522
14545,0.02094075
14546,0.03222657
14547,0.04221505
14548,0.015981598
14549,0.035288308
14550,0.003429722
14551,0.027974423
14552,0.03318879
14553,0.0852695
14554,0.08077066
14555,0.08562077
14556,0.02981551
14557,0.052903872
14558,0.114396594
14559,0.055337444
14560,0.046053294
14561,0.019298399
14562,0.011888724
14563,0.023019083
14564,0.03351357
14565,0.043203488
14566,0.036550574
14567,0.029180884
14568,0.031356625
14569,0.021110898
14570,0.022661828
14571,0.047827054
14572,0.041694753
14573,0.044780582
14574,0.02670924
14575,0.047889136
14576,0.047392525
14577,0.05848146
14578,0.016415317
14579,0.028332345
14580,0.033995062
14581,0.045621123
14582,0.035252035
14583,0.018390212
14584,0.01902413
14585,0.040877067
14586,0.085121505
14587,0.06471845
14588,0.11574792
14589,0.034054674
14590,0.05404463
14591,0.030568438
14592,0.027486676
14593,0.0134455245
14594,0.014170448
14595,0.047132667
14596,0.016797366
14597,0.039727725
14598,0.04164278
14599,0.080439664
14600,0.03607908
14601,0.03682091
14602,0.038019232
14603,0.017708577
14604,0.011449885
14605,0.03211982
14606,0.018195998
14607,0.02660222
14608,0.020499995
14609,0.020249013
14610,0.017939582
14611,0.041754615
14612,0.077514574
14613,0.05709979
14614,0.08328564
14615,0.09653493
14616,0.011082489
14617,0.03790369
14618,0.021282012
14619,0.012657469
14620,0.018409472
14621,0.02120924
14622,0.020795066
14623,0.021494998
14624,0.019570282
14625,0.02224769
14626,0.022748787
14627,0.030682083
14628,0.080869965
14629,0.08446427
14630,0.051776588
14631,0.09971298
14632,0.032653
14633,0.04523228
14634,0.025473733
14635,0.023130026
14636,0.03380885
14637,0.056528367
14638,0.06332314
14639,0.0626474
14640,0.031611722
14641,0.30028412
14642,0.06394103
14643,0.07135387
14644,0.066602305
14645,0.069839455
14646,0.05886157
14647,0.09253622
14648,0.08346721
14649,0.28972307
14650,0.4264087
14651,0.06365516
14652,0.05828243
14653,0.2922684
14654,0.071876496
14655,0.078788556
14656,0.3194304
14657,0.077583306
14658,0.06509761
14659,0.060536806
14660,0.032153066
14661,0.03622181
14662,0.045738243
14663,0.46505186
14664,0.30486512
14665,0.06473539
14666,0.43507555
14667,0.061990112
14668,0.061518118
14669,0.033125732
14670,0.029402679
14671,0.027021594
14672,0.037388932
14673,0.05813387
14674,0.042029783
14675,0.05940381
14676,0.051422942
14677,0.39500928
14678,0.4378857
14679,0.06225323
14680,0.27035916
14681,0.062556416
14682,0.033669822
14683,0.03729303
14684,0.03733155
14685,0.057898324
14686,0.064190485
14687,0.43553218
14688,0.116128564
14689,0.109213404
14690,0.4887939
14691,0.05793945
14692,0.06853703
14693,0.47420055
14694,0.05573595
14695,0.25323057
14696,0.05423822
14697,0.037370425
14698,0.06611207
14699,0.11734683
14700,0.07354389
14701,0.08678222
14702,0.08665828
14703,0.072812036
14704,0.29290634
14705,0.055627026
14706,0.05545665
14707,0.055050068
14708,0.044772882
14709,0.057948288
14710,0.05929637
14711,0.035150778
14712,0.033033855
14713,0.061379746
14714,0.06370522
14715,0.08228939
14716,0.1066319
14717,0.27564776
14718,0.068729855
14719,0.0780799
14720,0.055084664
14721,0.041386157
14722,0.37521997
14723,0.046581652
14724,0.06754699
14725,0.47695607
14726,0.2964411
14727,0.05763959
14728,0.04988931
14729,0.052324127
14730,0.03188535
14731,0.06457073
14732,0.0590746
14733,0.044402458
14734,0.07492832
14735,0.10778936
14736,0.0877349
14737,0.08689124
14738,0.4795746
14739,0.5264878
14740,0.040217258
14741,0.07976053
14742,0.029869301
14743,0.06039001
14744,0.058820836
14745,0.39497027
14746,0.06917618
14747,0.035785664
14748,0.047899954
14749,0.06659144
14750,0.08674725
14751,0.49868298
14752,0.043568786
14753,0.0432232
14754,0.046348363
14755,0.042650193
14756,0.074936755
14757,0.07768792
14758,0.0633266
14759,0.030835385
14760,0.029263675
14761,0.06349527
14762,0.086433455
14763,0.06867268
14764,0.041844897
14765,0.04277054
14766,0.04455342
14767,0.03053559
14768,0.020559844
14769,0.04503921
14770,0.0121743
14771,0.07414729
14772,0.06988469
14773,0.29427534
14774,0.055052884
14775,0.09387094
14776,0.048495907
14777,0.041682716
14778,0.0433974
14779,0.03829773
14780,0.072054684
14781,0.048658967
14782,0.04368975
14783,0.04570068
14784,0.27960697
14785,0.26930985
14786,0.06253491
14787,0.06457049
14788,0.066979475
14789,0.06875712
14790,0.051783733
14791,0.0625991
14792,0.07528757
14793,0.11667832
14794,0.042190418
14795,0.044970278
14796,0.02888483
14797,0.02806679
14798,0.022216551
14799,0.05866657
14800,0.06769605
14801,0.07655711
14802,0.3074427
14803,0.10926735
14804,0.27892217
14805,0.063522756
14806,0.057186525
14807,0.03353849
14808,0.037276737
14809,0.043761645
14810,0.04022842
14811,0.04582683
14812,0.07389761
14813,0.070676126
14814,0.4886128
14815,0.06494833
14816,0.059353415
14817,0.07906177
14818,0.049396154
14819,0.045648694
14820,0.023293568
14821,0.057579145
14822,0.04520831
14823,0.02411787
14824,0.039599296
14825,0.04104043
14826,0.046192087
14827,0.08179284
14828,0.11163889
14829,0.12178678
14830,0.30182302
14831,0.52031213
14832,0.09056353
14833,0.072336435
14834,0.07406461
14835,0.077755705
14836,0.07544143
14837,0.099159524
14838,0.046227504
14839,0.04410077
14840,0.07317387
14841,0.07606553
14842,0.062476985
14843,0.054002535
14844,0.06505852
14845,0.049783066
14846,0.077337295
14847,0.0443474
14848,0.0342901
14849,0.051662285
14850,0.04784888
14851,0.034037873
14852,0.025024056
14853,0.03571122
14854,0.042694375
14855,0.0750622
14856,0.0781915
14857,0.29806474
14858,0.14909597
14859,0.28782746
14860,0.15881127
14861,0.07093762
14862,0.08337479
14863,0.07464777
14864,0.076701894
14865,0.07457091
14866,0.04168283
14867,0.06742217
14868,0.07648541
14869,0.054556068
14870,0.058129612
14871,0.05329078
14872,0.054774318
14873,0.05482015
14874,0.029107098
14875,0.046288844
14876,0.03295425
14877,0.032982145
14878,0.03612028
14879,0.037239738
14880,0.032383423
14881,0.06672421
14882,0.06339088
14883,0.31069842
14884,0.3036828
14885,0.112909324
14886,0.111923456
14887,0.08327805
14888,0.10003623
14889,0.076006874
14890,0.07684767
14891,0.072116785
14892,0.06679846
14893,0.41857466
14894,0.052522015
14895,0.07042632
14896,0.0782589
14897,0.05492388
14898,0.031815343
14899,0.04227516
14900,0.034706008
14901,0.041258805
14902,0.099321954
14903,0.07199053
14904,0.15441504
14905,0.61050785
14906,0.12885788
14907,0.07829513
14908,0.25015444
14909,0.0947591
14910,0.25782058
14911,0.07824196
14912,0.075499
14913,0.035089657
14914,0.06723666
14915,0.27184665
14916,0.07210531
14917,0.08327477
14918,0.08084315
14919,0.03411349
14920,0.03449489
14921,0.033349674
14922,0.043390345
14923,0.11873366
14924,0.1192148
14925,0.1379458
14926,0.09256625
14927,0.096153855
14928,0.109969534
14929,0.10079722
14930,0.15674938
14931,0.16634418
14932,0.2592563
14933,0.10967013
14934,0.061729748
14935,0.044978324
14936,0.049991906
14937,0.09186267
14938,0.48293912
14939,0.07977608
14940,0.08034646
14941,0.40692335
14942,0.27327523
14943,0.032491527
14944,0.03195502
14945,0.025495235
14946,0.032990724
14947,0.057103433
14948,0.25950998
14949,0.25694743
14950,0.11739333
14951,0.10019328
14952,0.2527972
14953,0.10673967
14954,0.14360484
14955,0.17130646
14956,0.48227376
14957,0.09602263
14958,0.055376798
14959,0.056842417
14960,0.057912566
14961,0.29320836
14962,0.8068318
14963,0.079921134
14964,0.0791802
14965,0.47444254
14966,0.03901783
14967,0.029955601
14968,0.25335488
14969,0.030356333
14970,0.053307593
14971,0.048640937
14972,0.06007262
14973,0.032878853
14974,0.0399476
14975,0.5208311
14976,0.08830848
14977,0.086566426
14978,0.25448808
14979,0.12581535
14980,0.26248413
14981,0.37953955
14982,0.30806226
14983,0.052158803
14984,0.28180388
14985,0.13543323
14986,0.089580305
14987,0.7846564
14988,0.30485842
14989,0.3033415
14990,0.07483887
14991,0.24194685
14992,0.044050165
14993,0.032926433
14994,0.04443337
14995,0.0618845
14996,0.04027478
14997,0.085213296
14998,0.11090411
14999,0.08651782
15000,0.11204593
15001,0.1308934
15002,0.1258399
15003,0.14021572
15004,0.27733737
15005,0.09928011
15006,0.03717965
15007,0.058401708
15008,0.27530324
15009,0.06019671
15010,0.08815222
15011,0.75022864
15012,0.77356285
15013,0.46358547
15014,0.0796474
15015,0.025439126
15016,0.051987734
15017,0.35843712
15018,0.050737504
15019,0.030878393
15020,0.05630075
15021,0.019661695
15022,0.07665205
15023,0.08715554
15024,0.0630305
15025,0.07593416
15026,0.4958272
15027,0.08206407
15028,0.12202256
15029,0.12452421
15030,0.102337256
15031,0.1004617
15032,0.07069356
15033,0.25489855
15034,0.2810012
15035,0.084839724
15036,0.27863583
15037,0.08089141
15038,0.085367985
15039,0.95418835
15040,0.85173494
15041,0.8547483
15042,0.06151855
15043,0.2635846
15044,0.07339707
15045,0.06348891
15046,0.28399
15047,0.12162377
15048,0.44691616
15049,0.053508975
15050,0.044883076
15051,0.022968475
15052,0.07435462
15053,0.047714133
15054,0.06332698
15055,0.058607653
15056,0.4835491
15057,0.5112761
15058,0.26857096
15059,0.12248476
15060,0.09945191
15061,0.099049635
15062,0.10256109
15063,0.09370391
15064,0.068617836
15065,0.06635853
15066,0.119002305
15067,0.11296764
15068,0.08847418
15069,0.09952689
15070,0.03894543
15071,0.8628517
15072,0.7602827
15073,0.7754252
15074,0.06389012
15075,0.061696157
15076,0.27835262
15077,0.41813418
15078,0.10895225
15079,0.02188977
15080,0.047020152
15081,0.045212645
15082,0.064001255
15083,0.06353653
15084,0.7976933
15085,0.91131294
15086,0.13179441
15087,0.13950188
15088,0.1193399
15089,0.2615766
15090,0.12797837
15091,0.533118
15092,0.2470909
15093,0.0651544
15094,0.077819884
15095,0.07580046
15096,0.09857847
15097,0.10008366
15098,0.078376256
15099,0.26568907
15100,0.27403694
15101,0.15384544
15102,0.062959276
15103,0.071988314
15104,0.0787865
15105,0.062120363
15106,0.26185498
15107,0.049571212
15108,0.045257274
15109,0.030138541
15110,0.06747621
15111,0.048764512
15112,0.0718351
15113,0.061340615
15114,0.88034093
15115,0.7947497
15116,0.50545835
15117,0.1265308
15118,0.099156216
15119,0.18438312
15120,0.258535
15121,0.4515177
15122,0.061906938
15123,0.07917472
15124,0.07340675
15125,0.09632966
15126,0.26669028
15127,0.07262011
15128,0.28110623
15129,0.27525488
15130,0.27482435
15131,1.0113205
15132,0.06408104
15133,0.06853539
15134,0.2684211
15135,0.2564403
15136,0.049959272
15137,0.4061514
15138,0.033371676
15139,0.01973611
15140,0.06319892
15141,0.087210156
15142,0.10532395
15143,0.5416483
15144,0.26144713
15145,0.65178853
15146,0.27446508
15147,0.17329633
15148,0.28646845
15149,0.3002463
15150,0.08305442
15151,0.0928777
15152,0.0660379
15153,0.064601064
15154,0.44911462
15155,0.251207
15156,0.040594865
15157,0.5388819
15158,0.5274306
15159,0.053669546
15160,0.048624195
15161,0.088332966
15162,0.07240744
15163,0.05777869
15164,0.041534826
15165,0.03124615
15166,0.01842244
15167,0.067017354
15168,0.08654188
15169,0.12806657
15170,0.1312714
15171,0.66456443
15172,0.7022293
15173,0.52839273
15174,0.52363783
15175,0.5538039
15176,0.12330688
15177,0.090906925
15178,0.056495745
15179,0.06446101
15180,0.064391926
15181,0.15994705
15182,0.087928794
15183,0.041093126
15184,0.05797382
15185,0.2623346
15186,0.050009895
15187,0.09131356
15188,0.05811235
15189,0.060606934
15190,0.053365655
15191,0.043053214
15192,0.05157105
15193,0.021856919
15194,0.01616419
15195,0.09100997
15196,0.10517107
15197,0.12538415
15198,0.2455235
15199,0.15564542
15200,0.49920392
15201,0.75361776
15202,0.7087702
15203,0.29103124
15204,0.086675845
15205,0.053558283
15206,0.057181556
15207,0.06527211
15208,0.09013283
15209,0.041116383
15210,0.059583396
15211,0.8690768
15212,0.052965164
15213,0.05987053
15214,0.23551296
15215,0.07440192
15216,0.059926447
15217,0.09749475
15218,0.063450314
15219,0.08678763
15220,0.06577923
15221,0.011714122
15222,0.011841804
15223,0.08771245
15224,0.112355836
15225,0.12760435
15226,0.53656155
15227,0.5168852
15228,0.27324674
15229,0.65215003
15230,0.49457484
15231,0.46552736
15232,0.25870767
15233,0.050543662
15234,0.06951413
15235,0.06098864
15236,0.0855665
15237,0.040320758
15238,0.061661374
15239,0.04891164
15240,0.49416646
15241,0.05084192
15242,0.39078924
15243,0.076048195
15244,0.10221765
15245,0.09509217
15246,0.0852114
15247,0.09062234
15248,0.053005498
15249,0.07391464
15250,0.05932277
15251,0.07911835
15252,0.8405134
15253,0.5560642
15254,0.56167823
15255,0.47401395
15256,0.26354766
15257,0.27774826
15258,0.099971384
15259,0.029408054
15260,0.05690923
15261,0.05932066
15262,0.082253784
15263,0.09676861
15264,0.04140972
15265,0.071936384
15266,0.043753326
15267,0.053528387
15268,0.2599723
15269,0.022959873
15270,0.027603043
15271,0.053052712
15272,0.12822378
15273,0.31202504
15274,0.079789266
15275,0.075570546
15276,0.2595859
15277,0.2643863
15278,0.103529654
15279,0.11461191
15280,0.026931629
15281,0.048535608
15282,0.0503659
15283,0.052102868
15284,0.05552838
15285,0.1042953
15286,0.085607946
15287,0.05109311
15288,0.2604468
15289,0.044277083
15290,0.11711697
15291,0.077600434
15292,0.112477265
15293,0.041556228
15294,0.074678965
15295,0.08270494
15296,0.0816721
15297,0.48891583
15298,0.53287923
15299,0.11958865
15300,0.06204972
15301,0.049295593
15302,0.050472066
15303,0.060140554
15304,0.049955048
15305,0.08092525
15306,0.09649428
15307,0.059695452
15308,0.045215804
15309,0.047674607
15310,0.035331834
15311,0.044701204
15312,0.02287981
15313,0.07738106
15314,0.11792552
15315,0.39513674
15316,0.062090203
15317,0.06754914
15318,0.08845892
15319,0.036386743
15320,0.10933858
15321,0.46592736
15322,0.115111254
15323,0.01902912
15324,0.058802303
15325,0.069491565
15326,0.058191046
15327,0.058796573
15328,0.081964806
15329,0.10161682
15330,0.044616945
15331,0.048456613
15332,0.03821426
15333,0.044845253
15334,0.27694365
15335,0.02246013
15336,0.041005157
15337,0.09525419
15338,0.05492128
15339,0.038564
15340,0.043001235
15341,0.07185943
15342,0.053564556
15343,0.447133
15344,0.04408273
15345,0.041993644
15346,0.053465165
15347,0.07085841
15348,0.073482774
15349,0.25607228
15350,0.050548423
15351,0.09266294
15352,0.066106565
15353,0.06473163
15354,0.041661613
15355,0.06448698
15356,0.063492276
15357,0.09618308
15358,0.050198294
15359,0.043987017
15360,0.04345506
15361,0.034291204
15362,0.10486772
15363,0.058501832
15364,0.022713255
15365,0.45088837
15366,0.5451588
15367,0.2870567
15368,0.046710923
15369,0.025835685
15370,0.04290393
15371,0.044850864
15372,0.039477546
15373,0.2623906
15374,0.06964301
15375,0.06978161
15376,0.87126315
15377,0.07033039
15378,0.07686683
15379,0.07186429
15380,0.06410473
15381,0.06362057
15382,0.041458856
15383,0.03568719
15384,0.067490615
15385,0.3038541
15386,0.0970311
15387,0.0955577
15388,0.04890983
15389,0.060266245
15390,0.059022997
15391,0.026901476
15392,0.05143921
15393,0.05657213
15394,0.047531474
15395,0.027832054
15396,0.031189537
15397,0.05097373
15398,0.049731612
15399,0.07606561
15400,0.06185958
15401,0.071459025
15402,0.066379145
15403,0.0663517
15404,0.066881165
15405,0.029515585
15406,0.0363286
15407,0.06134822
15408,0.54698884
15409,0.09580881
15410,0.04885955
15411,0.056649636
15412,0.055803835
15413,0.06094862
15414,0.06055384
15415,0.02416665
15416,0.02145952
15417,0.48573506
15418,0.03112124
15419,0.027678998
15420,0.0730595
15421,0.06939385
15422,0.07946868
15423,0.06500445
15424,0.065952286
15425,0.06916359
15426,0.03232595
15427,0.0600406
15428,0.40897357
15429,0.048427887
15430,0.046941154
15431,0.048868977
15432,0.050589062
15433,0.023699714
15434,0.030131213
15435,0.05052309
15436,0.03524054
15437,0.020396905
15438,0.022340823
15439,0.029282538
15440,0.073336974
15441,0.08591925
15442,0.08140114
15443,0.04847863
15444,0.042104967
15445,0.024951458
15446,0.2388011
15447,0.28914097
15448,0.116513796
15449,0.059188247
15450,0.025891684
15451,0.024481162
15452,0.02555928
15453,0.02724538
15454,0.039227776
15455,0.036108218
15456,0.0299696
15457,0.035812143
15458,0.018718068
15459,0.03338216
15460,0.020771675
15461,0.028577918
15462,0.075777344
15463,0.09409029
15464,0.05055212
15465,0.041021544
15466,0.059466075
15467,0.12932506
15468,0.44857386
15469,0.03657594
15470,0.018163713
15471,0.032996792
15472,0.051290005
15473,0.032127693
15474,0.027684402
15475,0.0348182
15476,0.021114388
15477,0.045178697
15478,0.04104739
15479,0.024734987
15480,0.055704538
15481,0.052948736
15482,0.047339175
15483,0.0402914
15484,0.018659927
15485,0.036392026
15486,0.03701188
15487,0.046313826
15488,0.026608745
15489,0.039744616
15490,0.01860322
15491,0.0157681
15492,0.08527313
15493,0.08016929
15494,0.054486167
15495,0.31228593
15496,0.044161968
15497,0.07062357
15498,0.034801103
15499,0.030319462
15500,0.017115362
15501,0.015416434
15502,0.037554882
15503,0.02135075
15504,0.045000684
15505,0.04445076
15506,0.07626812
15507,0.050904717
15508,0.04369388
15509,0.037801884
15510,0.02474897
15511,0.008697302
15512,0.030036034
15513,0.026059067
15514,0.019205816
15515,0.021945702
15516,0.0218266
15517,0.017348537
15518,0.04585224
15519,0.079368494
15520,0.0554265
15521,0.08810861
15522,0.01977998
15523,0.029592648
15524,0.01667897
15525,0.024885919
15526,0.02389291
15527,0.023183884
15528,0.011252879
15529,0.0157681
15530,0.033369433
15531,0.03435591
15532,0.07945907
15533,0.08579887
15534,0.24070756
15535,0.09816178
15536,0.01714788
15537,0.030681068
15538,0.027670382
15539,0.06504086
15540,0.060853872
15541,0.06159962
15542,0.022734713
15543,0.06554904
15544,0.07465144
15545,0.06527326
15546,0.07641848
15547,0.060880963
15548,0.2970154
15549,0.092365585
15550,0.44620422
15551,0.41575983
15552,0.06691902
15553,0.28794047
15554,0.07125715
15555,0.5064204
15556,0.093156695
15557,0.05687883
15558,0.060164053
15559,0.059912074
15560,0.05301289
15561,0.05464907
15562,0.03364578
15563,0.26599485
15564,0.0811655
15565,0.55243015
15566,0.11920389
15567,0.061777078
15568,0.290259
15569,0.06247527
15570,0.034451175
15571,0.035005517
15572,0.033039913
15573,0.03264296
15574,0.033385515
15575,0.063601464
15576,0.050074298
15577,0.42285213
15578,0.4530115
15579,0.06135654
15580,0.06386802
15581,0.06262726
15582,0.033691477
15583,0.032913096
15584,0.033348862
15585,0.05930957
15586,0.060042784
15587,0.41667837
15588,0.08687936
15589,0.11952647
15590,0.48657626
15591,0.06438171
15592,0.082116924
15593,0.4734855
15594,0.05312547
15595,0.04924336
15596,0.25842908
15597,0.0551826
15598,0.04234424
15599,0.036591623
15600,0.06843297
15601,0.07595653
15602,0.119882606
15603,0.08650714
15604,0.060335986
15605,0.07095671
15606,0.41098395
15607,0.052424867
15608,0.053987592
15609,0.033312112
15610,0.05635734
15611,0.05818086
15612,0.0393434
15613,0.029573534
15614,0.06924811
15615,0.07374822
15616,0.06304343
15617,0.08009707
15618,0.079531945
15619,0.100752145
15620,0.06609436
15621,0.27645022
15622,0.07254863
15623,0.09331426
15624,0.056313105
15625,0.05552149
15626,0.040053513
15627,0.4135185
15628,0.06227133
15629,0.08935896
15630,0.27717838
15631,0.43285447
15632,0.058500692
15633,0.051100228
15634,0.03607793
15635,0.03561797
15636,0.03645269
15637,0.029201562
15638,0.060250007
15639,0.043856133
15640,0.062372804
15641,0.104527794
15642,0.09706458
15643,0.28867456
15644,0.48303083
15645,0.040928476
15646,0.04555687
15647,0.23609668
15648,0.03836955
15649,0.074006416
15650,0.05108541
15651,0.059702765
15652,0.2766298
15653,0.07375093
15654,0.0331748
15655,0.052291896
15656,0.049620535
15657,0.28287017
15658,0.41099685
15659,0.04284963
15660,0.04590708
15661,0.04457917
15662,0.04535373
15663,0.07584099
15664,0.07266302
15665,0.06375129
15666,0.026891666
15667,0.049459413
15668,0.060241204
15669,0.08642827
15670,0.072953455
15671,0.04379058
15672,0.05842382
15673,0.031503912
15674,0.026355725
15675,0.027058803
15676,0.027768228
15677,0.06707351
15678,0.0678005
15679,0.10541235
15680,0.05899506
15681,0.092903316
15682,0.049678132
15683,0.04858476
15684,0.03711904
15685,0.031188028
15686,0.072216675
15687,0.046698622
15688,0.04478243
15689,0.26557213
15690,0.2672271
15691,0.07168004
15692,0.06502074
15693,0.06705088
15694,0.074061766
15695,0.049023755
15696,0.05342004
15697,0.099719636
15698,0.04326006
15699,0.04153917
15700,0.04849772
15701,0.02089128
15702,0.026241105
15703,0.013734592
15704,0.28715095
15705,0.06581979
15706,0.30740786
15707,0.27527577
15708,0.08573601
15709,0.05916317
15710,0.05669119
15711,0.042623647
15712,0.030556202
15713,0.04054537
15714,0.043060567
15715,0.25893974
15716,0.07571924
15717,0.61213726
15718,0.06267306
15719,0.069923215
15720,0.049410645
15721,0.04883209
15722,0.028302202
15723,0.04548258
15724,0.03120738
15725,0.014604235
15726,0.034325927
15727,0.046672024
15728,0.04162615
15729,0.07798477
15730,0.11365187
15731,0.11681357
15732,0.2859273
15733,0.51118034
15734,0.0893159
15735,0.07605665
15736,0.078548715
15737,0.076562814
15738,0.075590566
15739,0.037865967
15740,0.043458294
15741,0.075496204
15742,0.06502336
15743,0.05758448
15744,0.079400264
15745,0.071224205
15746,0.05567352
15747,0.06857694
15748,0.056105155
15749,0.040333573
15750,0.05548696
15751,0.035125062
15752,0.052794393
15753,0.04741818
15754,0.02496066
15755,0.04320754
15756,0.03308167
15757,0.08088373
15758,0.075320214
15759,0.109901145
15760,0.14250784
15761,0.5455764
15762,0.15636389
15763,0.07589342
15764,0.09295791
15765,0.07094216
15766,0.072479494
15767,0.07004947
15768,0.040222663
15769,0.07576903
15770,0.07005438
15771,0.060412392
15772,0.05576054
15773,0.051505167
15774,0.0518522
15775,0.054837234
15776,0.034711048
15777,0.046479546
15778,0.0480603
15779,0.03811995
15780,0.03254726
15781,0.03780307
15782,0.0759561
15783,0.082378
15784,0.15330268
15785,0.61038643
15786,0.11857889
15787,0.10613982
15788,0.08218838
15789,0.100995116
15790,0.08721756
15791,0.07597692
15792,0.07419241
15793,0.03877823
15794,0.06543384
15795,0.55004394
15796,0.051513642
15797,0.07048072
15798,0.05388991
15799,0.078684025
15800,0.047183037
15801,0.032150533
15802,0.039165277
15803,0.049427953
15804,0.03415369
15805,0.06970794
15806,0.06921282
15807,0.1374789
15808,0.6183998
15809,0.10917475
15810,0.07608006
15811,0.53736717
15812,0.09426641
15813,0.26288572
15814,0.078942314
15815,0.07024217
15816,0.03829922
15817,0.065585144
15818,0.070452064
15819,0.07357259
15820,0.07027895
15821,0.077549726
15822,0.080647364
15823,0.03171053
15824,0.033033006
15825,0.025596865
15826,0.04344031
15827,0.04142523
15828,0.034526683
15829,0.09434577
15830,0.10189295
15831,0.10035886
15832,0.10263528
15833,0.09467695
15834,0.109608375
15835,0.09695442
15836,0.14475372
15837,0.1654822
15838,0.2611441
15839,0.113064766
15840,0.061483115
15841,0.05165292
15842,0.284242
15843,0.73849064
15844,0.082496725
15845,0.07718073
15846,0.431765
15847,0.08489573
15848,0.030225236
15849,0.051376916
15850,0.25600806
15851,0.2672079
15852,0.10301334
15853,0.08911391
15854,0.09565845
15855,0.25351605
15856,0.099568464
15857,0.14507401
15858,0.17239588
15859,0.5136771
15860,0.10083589
15861,0.06029488
15862,0.053650104
15863,0.058909386
15864,0.28214836
15865,0.8106937
15866,0.081310816
15867,0.07442581
15868,0.45315367
15869,0.03316128
15870,0.2618842
15871,0.030177511
15872,0.029318796
15873,0.04744578
15874,0.061033957
15875,0.039127972
15876,0.040345926
15877,0.1140415
15878,0.52667487
15879,0.085276276
15880,0.088099234
15881,0.14323737
15882,0.13514997
15883,0.12546456
15884,0.53235567
15885,0.5162512
15886,0.03708691
15887,0.26189288
15888,0.28416854
15889,0.13624397
15890,0.78959906
15891,0.8897349
15892,0.30793497
15893,0.08553475
15894,0.24894316
15895,0.04104332
15896,0.061804324
15897,0.032894287
15898,0.06657871
15899,0.09750928
15900,0.11941289
15901,0.089588165
15902,0.10416892
15903,0.12845999
15904,0.124083355
15905,0.12376197
15906,0.28469232
15907,0.101612575
15908,0.039020266
15909,0.054433286
15910,0.6046178
15911,0.07738299
15912,0.099659085
15913,0.6969845
15914,0.7256284
15915,0.49060208
15916,0.07616883
15917,0.03110244
15918,0.07123545
15919,0.32849994
15920,0.034605503
15921,0.028030649
15922,0.07392321
15923,0.076122455
15924,0.05942457
15925,0.062232986
15926,0.48594353
15927,0.080594994
15928,0.120859414
15929,0.12871885
15930,0.09935593
15931,0.100441866
15932,0.07408433
15933,0.49927145
15934,0.5087233
15935,0.08212346
15936,0.11492376
15937,0.090410665
15938,0.082254164
15939,0.9784201
15940,0.8757371
15941,0.71089816
15942,0.061792683
15943,0.07117512
15944,0.07157122
15945,0.4455728
15946,0.111205444
15947,0.48826152
15948,0.059620887
15949,0.049268413
15950,0.03329997
15951,0.07852045
15952,0.05705608
15953,0.06378552
15954,0.06842758
15955,0.54263914
15956,0.5232522
15957,0.27028045
15958,0.13055795
15959,0.10508982
15960,0.10351612
15961,0.10023
15962,0.09223734
15963,0.066465504
15964,0.05448768
15965,0.119914494
15966,0.12003526
15967,0.08227224
15968,0.097349286
15969,0.040745683
15970,0.84103334
15971,0.91814584
15972,0.6967597
15973,0.060874
15974,0.061062574
15975,0.2597482
15976,0.46354562
15977,0.112935945
15978,0.023140498
15979,0.04778743
15980,0.02999836
15981,0.060640045
15982,0.060532186
15983,0.8245725
15984,0.8175119
15985,0.12597089
15986,0.11884544
15987,0.098802425
15988,0.17258456
15989,0.12448415
15990,0.5153457
15991,0.25284952
15992,0.060739353
15993,0.07969711
15994,0.08176575
15995,0.09323649
15996,0.1017022
15997,0.8392001
15998,0.16350472
15999,0.16187873
16000,0.050957017
16001,0.07124754
16002,0.07527907
16003,0.27220955
16004,0.26943707
16005,0.043992233
16006,0.048065625
16007,0.046372022
16008,0.060193796
16009,0.031044707
16010,0.0637972
16011,0.062698774
16012,0.2964392
16013,0.8218065
16014,0.2762068
16015,0.2795456
16016,0.1057606
16017,0.16983894
16018,0.26116154
16019,0.4640354
16020,0.062039755
16021,0.06476605
16022,0.08126221
16023,0.07396441
16024,0.09641071
16025,0.28057408
16026,0.08360415
16027,0.27975786
16028,0.2718987
16029,0.16185015
16030,1.0253137
16031,0.07311626
16032,0.085555285
16033,0.25729132
16034,0.25646758
16035,0.051348377
16036,0.04760064
16037,0.028152173
16038,0.031801205
16039,0.06814688
16040,0.09980203
16041,0.10263635
16042,0.52185506
16043,0.26089898
16044,0.69906193
16045,0.27169773
16046,0.15815645
16047,0.17011358
16048,0.28958425
16049,0.10014262
16050,0.06458185
16051,0.06748417
16052,0.4868482
16053,0.25501516
16054,0.04101581
16055,0.043588825
16056,0.4912847
16057,0.5415744
16058,0.049901973
16059,0.08630842
16060,0.07534111
16061,0.061731976
16062,0.046940904
16063,0.018316584
16064,0.017091956
16065,0.018806001
16066,0.06583885
16067,0.08887226
16068,0.12682647
16069,0.12795839
16070,0.6754508
16071,0.67957646
16072,0.54297274
16073,0.6217237
16074,0.56729525
16075,0.12288329
16076,0.093439706
16077,0.04982097
16078,0.06347212
16079,0.064613655
16080,0.2664163
16081,0.09169842
16082,0.045079477
16083,0.06968122
16084,0.062458865
16085,0.052299045
16086,0.050393824
16087,0.09049391
16088,0.06338585
16089,0.05439925
16090,0.042404544
16091,0.015722377
16092,0.021607688
16093,0.08479064
16094,0.10654886
16095,0.12362329
16096,0.24034503
16097,0.15857418
16098,0.5226069
16099,0.73814195
16100,0.74045587
16101,0.44519445
16102,0.07941518
16103,0.050968762
16104,0.060283627
16105,0.055330075
16106,0.088513575
16107,0.8548053
16108,0.05508131
16109,0.057163037
16110,0.08859383
16111,0.07422272
16112,0.061930213
16113,0.114081725
16114,0.07269649
16115,0.077251576
16116,0.060296014
16117,0.017361464
16118,-0.006337551
16119,0.08678246
16120,0.10577498
16121,0.12460988
16122,0.52271444
16123,0.50843084
16124,0.26992416
16125,1.0058784
16126,0.47750118
16127,0.4670996
16128,0.26623753
16129,0.050892737
16130,0.06480216
16131,0.064622276
16132,0.09394323
16133,0.042652883
16134,0.052929524
16135,0.4523599
16136,0.27324715
16137,0.46176773
16138,0.07411431
16139,0.09710665
16140,0.09550014
16141,0.08563233
16142,0.07993816
16143,0.053234644
16144,0.036646288
16145,0.029843831
16146,0.07964911
16147,0.82513934
16148,0.5922222
16149,0.55113286
16150,0.24307959
16151,0.51208764
16152,0.27326426
16153,0.10438177
16154,0.024360003
16155,0.026247194
16156,0.056220446
16157,0.050240133
16158,0.061299026
16159,0.076997474
16160,0.08860393
16161,0.08860396
16162,0.04859157
16163,0.06769769
16164,0.046946414
16165,0.03736085
16166,0.3390564
16167,0.023362828
16168,0.028675223
16169,0.044200495
16170,0.1247259
16171,0.3057977
16172,0.0774756
16173,0.07150116
16174,0.47150958
16175,0.13326798
16176,0.10214826
16177,0.10697275
16178,0.030096412
16179,0.060856827
16180,0.05110096
16181,0.04946704
16182,0.06332577
16183,0.08983581
16184,0.08287704
16185,0.04634669
16186,0.048327107
16187,0.27252224
16188,0.046880424
16189,0.044698853
16190,0.12129438
16191,0.048800655
16192,0.07291536
16193,0.116881676
16194,0.070332445
16195,0.07325665
16196,0.047408883
16197,0.08138261
16198,0.08164906
16199,0.41515893
16200,0.5033797
16201,0.117698394
16202,0.049457934
16203,0.06099031
16204,0.0489386
16205,0.08373687
16206,0.09617372
16207,0.047757592
16208,0.035258714
16209,0.055579368
16210,0.044612553
16211,0.042648185
16212,0.02063111
16213,0.025980413
16214,0.077256344
16215,0.110190354
16216,0.40886587
16217,0.05456505
16218,0.055955864
16219,0.07928015
16220,0.037244245
16221,0.10745767
16222,0.5183357
16223,0.119111575
16224,0.030793002
16225,0.060725022
16226,0.05223796
16227,0.050592422
16228,0.0495095
16229,0.085194305
16230,0.08845092
16231,0.047225587
16232,0.04880004
16233,0.04313923
16234,0.026648069
16235,0.04473479
16236,0.09383588
16237,0.05482574
16238,0.03502001
16239,0.03981909
16240,0.049372166
16241,0.05230198
16242,0.44052833
16243,0.045241836
16244,0.04290583
16245,0.049867306
16246,0.072550066
16247,0.07473613
16248,0.0625433
16249,0.05034555
16250,0.25477734
16251,0.06511985
16252,0.07299062
16253,0.061131936
16254,0.0487475
16255,0.06551807
16256,0.060792577
16257,0.2635439
16258,0.050440695
16259,0.03853735
16260,0.0960409
16261,0.06030959
16262,0.019472802
16263,0.5127804
16264,0.53775674
16265,0.117396034
16266,0.048148207
16267,0.029478136
16268,0.043912094
16269,0.050327122
16270,0.03807028
16271,0.07212223
16272,0.070890635
16273,0.88767195
16274,0.06945076
16275,0.07648176
16276,0.07130955
16277,0.061129183
16278,0.08210019
16279,0.030845791
16280,0.06698895
16281,0.28862774
16282,0.09473178
16283,0.095273145
16284,0.044628385
16285,0.052857157
16286,0.062757276
16287,0.033904154
16288,0.050126247
16289,0.06225185
16290,0.048183583
16291,0.027328689
16292,0.02860141
16293,0.043671254
16294,0.03889409
16295,0.041012395
16296,0.040403683
16297,0.070535995
16298,0.070328146
16299,0.074594215
16300,0.07555019
16301,0.06317489
16302,0.06125014
16303,0.066307254
16304,0.058144424
16305,0.48973998
16306,0.09877438
16307,0.050790418
16308,0.052857157
16309,0.060062036
16310,0.079908796
16311,0.025743019
16312,0.5666383
16313,0.034993447
16314,0.04374661
16315,0.07274233
16316,0.074594215
16317,0.08031013
16318,0.06006359
16319,0.07987721
16320,0.077700235
16321,0.055097025
16322,0.44378346
16323,0.046975847
16324,0.05184665
16325,0.046794187
16326,0.056292254
16327,0.076636985
16328,0.023137981
16329,0.0147298835
16330,0.024675224
16331,0.05260662
16332,0.030150624
16333,0.017695356
16334,0.021225762
16335,0.030305907
16336,0.27570704
16337,0.0875141
16338,0.081350416
16339,0.040651362
16340,0.043266047
16341,0.029008446
16342,0.27148703
16343,0.28009883
16344,0.2813027
16345,0.053642113
16346,0.023491586
16347,0.03041515
16348,0.016228838
16349,0.033597875
16350,0.047139835
16351,0.032126978
16352,0.029665349
16353,0.017844984
16354,0.018071612
16355,0.01733033
16356,0.034556404
16357,0.06891416
16358,0.08541478
16359,0.09836007
16360,0.04262257
16361,0.047934644
16362,0.11188159
16363,0.24967197
16364,0.048669487
16365,0.030043881
16366,0.02337101
16367,0.011766102
16368,0.025158996
16369,0.032639287
16370,0.048691645
16371,0.03244452
16372,0.04570103
16373,0.07718024
16374,0.037860833
16375,0.017897904
16376,0.049693298
16377,0.058235586
16378,0.03513536
16379,0.01708572
16380,0.015119979
16381,0.016824724
16382,0.03384365
16383,0.041222278
16384,0.05779497
16385,0.038668085
16386,0.015589785
16387,0.07903493
16388,0.05536723
16389,0.09077339
16390,0.036573954
16391,0.055319484
16392,0.033209186
16393,0.031872008
16394,0.042301748
16395,0.031769063
16396,0.031769063
16397,0.03976066
16398,0.02272463
16399,0.046596885
16400,0.056317486
16401,0.0767892
16402,0.07187421
16403,0.038882304
16404,0.029569767
16405,0.03442829
16406,0.017331202
16407,0.02907527
16408,0.012763408
16409,0.020267911
16410,0.021319015
16411,0.019875117
16412,0.04514536
16413,0.0686755
16414,0.027839722
16415,0.10729824
16416,0.021799106
16417,0.020697461
16418,0.014717987
16419,0.025439845
16420,0.018063383
16421,0.03419665
16422,0.022072691
16423,0.019258823
16424,0.017090628
16425,0.017367031
16426,0.028299019
16427,0.07967417
16428,0.055572577
16429,0.103907354
16430,0.025863018
16431,0.028018655
16432,0.021070106
16433,0.029273557
16434,0.08714962
16435,0.05748275
16436,0.030172672
16437,0.025747089
16438,0.087590516
16439,0.09126063
16440,0.057560734
16441,0.08319322
16442,0.118449606
16443,0.07972897
16444,0.094859205
16445,0.05828157
16446,0.2583448
16447,0.056050498
16448,0.056858737
16449,0.293016
16450,0.06271851
16451,0.2966318
16452,0.093707874
16453,0.28180438
16454,0.05900954
16455,0.05449874
16456,0.05965317
16457,0.052839447
16458,0.03466482
16459,0.033358622
16460,0.06481515
16461,0.057585794
16462,0.5504841
16463,0.2932673
16464,0.057291444
16465,0.035785604
16466,0.035816982
16467,0.059437845
16468,0.032309763
16469,0.06574303
16470,0.08084751
16471,0.3132638
16472,0.41390398
16473,0.054836236
16474,0.06210906
16475,0.05391486
16476,0.0325293
16477,0.03431097
16478,0.032429352
16479,0.061578993
16480,0.0660187
16481,0.060144242
16482,0.4555035
16483,0.09700175
16484,0.10476133
16485,0.5535998
16486,0.063069284
16487,0.07005547
16488,0.4123686
16489,0.055952735
16490,0.25905105
16491,0.05344628
16492,0.039893795
16493,0.036440533
16494,0.06733985
16495,0.068487346
16496,0.11682237
16497,0.087953486
16498,0.060538784
16499,0.06588101
16500,0.08339179
16501,0.40447068
16502,0.051126815
16503,0.05494148
16504,0.046004727
16505,0.058645405
16506,0.055650264
16507,0.037269887
16508,0.05034997
16509,0.07611477
16510,0.27871165
16511,0.2678907
16512,0.09438212
16513,0.05328246
16514,0.06671995
16515,0.048400614
16516,0.3867515
16517,0.07378295
16518,0.06844194
16519,0.37196282
16520,0.5178
16521,0.05327426
16522,0.05521049
16523,0.046511896
16524,0.044558357
16525,0.031271514
16526,0.06540754
16527,0.0624959
16528,0.064544596
16529,0.048505455
16530,0.05195095
16531,0.11062926
16532,0.28969178
16533,0.5394219
16534,0.038033705
16535,0.24087758
16536,0.03958015
16537,0.07635174
16538,0.057172507
16539,0.25237423
16540,0.07422582
16541,0.035086047
16542,0.04877079
16543,0.060152825
16544,0.07923844
16545,0.49155095
16546,0.50323856
16547,0.04342979
16548,0.04029967
16549,0.07486049
16550,0.07878352
16551,0.031571064
16552,0.037119657
16553,0.06051535
16554,0.1048151
16555,0.083518915
16556,0.049385395
16557,0.046285983
16558,0.031753797
16559,0.028347852
16560,0.025888696
16561,0.020467656
16562,0.08540198
16563,0.07026805
16564,0.29953593
16565,0.058538213
16566,0.0975032
16567,0.060402043
16568,0.05627181
16569,0.02949119
16570,0.030405108
16571,0.067934625
16572,0.040076833
16573,0.04185723
16574,0.040173322
16575,0.06907859
16576,0.27482772
16577,0.062424134
16578,0.065131426
16579,0.07465349
16580,0.077639766
16581,0.046110738
16582,0.0534521
16583,0.083018094
16584,0.04222814
16585,0.05405814
16586,0.021428838
16587,0.027556678
16588,0.02084167
16589,0.28895977
16590,0.07302486
16591,0.30234846
16592,0.2718377
16593,0.2719898
16594,0.04748791
16595,0.05380538
16596,0.03440235
16597,0.03529608
16598,0.05303738
16599,0.0703145
16600,0.075343065
16601,0.56190395
16602,0.0616074
16603,0.064955875
16604,0.072836675
16605,0.046822395
16606,0.04991489
16607,0.032681588
16608,0.044867396
16609,0.044387676
16610,0.04924082
16611,0.027529465
16612,0.025816446
16613,0.03599827
16614,0.04369279
16615,0.057107918
16616,0.08014971
16617,0.112930365
16618,0.12396188
16619,0.29552367
16620,0.501855
16621,0.074178055
16622,0.07329842
16623,0.07782865
16624,0.076744884
16625,0.08548093
16626,0.0390891
16627,0.03979928
16628,0.041003022
16629,0.07245765
16630,0.074303135
16631,0.048216537
16632,0.057580046
16633,0.06814956
16634,0.057005983
16635,0.07709155
16636,0.05662008
16637,0.051167402
16638,0.03521663
16639,0.050321277
16640,0.050361283
16641,0.030067889
16642,0.045822192
16643,0.04119238
16644,0.064435475
16645,0.07459029
16646,0.11309496
16647,0.14795873
16648,0.27976152
16649,0.1462116
16650,0.08895038
16651,0.08101377
16652,0.075041294
16653,0.07169802
16654,0.038106535
16655,0.03633089
16656,0.07586784
16657,0.06976582
16658,0.0594122
16659,0.06866834
16660,0.044198137
16661,0.05682307
16662,0.051185124
16663,0.028518613
16664,0.045772914
16665,0.033104897
16666,0.047871456
16667,0.04183187
16668,0.038886104
16669,0.025407115
16670,0.0686027
16671,0.060750436
16672,0.13690451
16673,0.60302144
16674,0.11569368
16675,0.13144955
16676,0.08161253
16677,0.10702942
16678,0.077935405
16679,0.07443119
16680,0.07198904
16681,0.073580615
16682,0.2599856
16683,0.055282306
16684,0.076818995
16685,0.051946
16686,0.08314601
16687,0.053804718
16688,0.05662008
16689,0.032370478
16690,0.04341279
16691,0.035387896
16692,0.035501912
16693,0.062632136
16694,0.07001002
16695,0.14688025
16696,0.61172587
16697,0.11687156
16698,0.079277106
16699,0.24746175
16700,0.09499094
16701,0.268488
16702,0.07616956
16703,0.076048166
16704,0.034192976
16705,0.038836297
16706,0.068018116
16707,0.066342786
16708,0.2896394
16709,0.07795868
16710,0.27111235
16711,0.08356793
16712,0.03408432
16713,0.026090473
16714,0.025530888
16715,0.03403922
16716,0.041919317
16717,0.094483994
16718,0.10479763
16719,0.10161379
16720,0.114014946
16721,0.24685736
16722,0.092485495
16723,0.101784766
16724,0.15902701
16725,0.17121552
16726,0.41857228
16727,0.10619286
16728,0.059331857
16729,0.048314407
16730,0.0922384
16731,0.74844533
16732,0.07514886
16733,0.07810901
16734,0.43385366
16735,0.07816394
16736,0.034092173
16737,0.039452832
16738,0.031036522
16739,0.0347211
16740,0.055393815
16741,0.2650356
16742,0.27379712
16743,0.091409735
16744,0.09142397
16745,0.10119183
16746,0.26447707
16747,0.1006313
16748,0.14829315
16749,0.25736284
16750,0.46731147
16751,0.09881468
16752,0.057373825
16753,0.05804875
16754,0.046798453
16755,0.07806888
16756,0.8455237
16757,0.0777255
16758,0.082432434
16759,0.48695022
16760,0.030782603
16761,0.25295728
16762,0.061739277
16763,0.05537197
16764,0.031580765
16765,0.053243425
16766,0.09599111
16767,0.49234062
16768,0.0871097
16769,0.0882577
16770,0.14022735
16771,0.12885438
16772,0.13756722
16773,0.45654947
16774,0.47196674
16775,0.03678754
16776,0.2801763
16777,0.13441385
16778,0.29420412
16779,0.8009651
16780,0.298106
16781,0.31517917
16782,0.07354076
16783,0.24461044
16784,0.05637333
16785,0.05599031
16786,0.03723866
16787,0.05236602
16788,0.046827603
16789,0.0999469
16790,0.1141731
16791,0.09768284
16792,0.10909949
16793,0.1309669
16794,0.12924132
16795,0.12636533
16796,0.27954933
16797,0.097907625
16798,0.05748232
16799,0.27008232
16800,0.05501376
16801,0.09276842
16802,0.7630414
16803,0.8730428
16804,0.5423992
16805,0.07546747
16806,0.044611704
16807,0.052749418
16808,0.439737
16809,0.02949998
16810,0.025992379
16811,0.027781859
16812,0.022124466
16813,0.07120358
16814,0.07722269
16815,0.08200092
16816,0.07341756
16817,0.52957404
16818,0.07799188
16819,0.12955812
16820,0.13151196
16821,0.096456364
16822,0.10688292
16823,0.076539315
16824,0.24225935
16825,0.537873
16826,0.083507456
16827,0.12021637
16828,0.08972827
16829,0.2719563
16830,0.96754444
16831,0.87694097
16832,0.74796045
16833,0.06619143
16834,0.07471403
16835,0.07261963
16836,0.49045384
16837,0.11182683
16838,0.28145403
16839,0.0495358
16840,0.04452698
16841,0.027604343
16842,0.075858854
16843,0.049653742
16844,0.06342536
16845,0.06293451
16846,0.48424911
16847,0.4901651
16848,0.27786148
16849,0.12287725
16850,0.09618906
16851,0.10497962
16852,0.2646417
16853,0.098650806
16854,0.06601417
16855,0.066363536
16856,0.11551389
16857,0.115347326
16858,0.09743311
16859,0.10438114
16860,0.03877329
16861,0.79319656
16862,0.91135675
16863,0.8093656
16864,0.065999724
16865,0.06581381
16866,0.26095515
16867,0.29777542
16868,0.11329193
16869,0.022453228
16870,0.064183414
16871,0.030113706
16872,0.07680937
16873,0.063778
16874,0.85306257
16875,0.9132109
16876,0.12842548
16877,0.14365195
16878,0.08363787
16879,0.17736895
16880,0.12246994
16881,0.5402019
16882,0.21657266
16883,0.061657045
16884,0.08079431
16885,0.07950972
16886,0.09814828
16887,0.11086219
16888,0.0737189
16889,0.26125574
16890,0.27425724
16891,0.15999132
16892,0.066064246
16893,0.07191968
16894,0.08248978
16895,0.07061954
16896,0.26633242
16897,0.049623903
16898,0.04813054
16899,0.0226898
16900,0.05829367
16901,0.04760967
16902,0.061417583
16903,0.062158097
16904,0.77349424
16905,0.88977283
16906,0.2651284
16907,0.25915393
16908,0.100884326
16909,0.16857699
16910,0.25540298
16911,0.53292555
16912,0.07271826
16913,0.08018202
16914,0.07963576
16915,0.08881548
16916,0.2785995
16917,0.06944716
16918,0.28663564
16919,0.27825633
16920,0.26230612
16921,0.97994673
16922,0.26369122
16923,0.069935225
16924,0.0622216
16925,0.26411486
16926,0.049955394
16927,0.060571693
16928,0.052182257
16929,0.04005083
16930,0.017142372
16931,0.07358132
16932,0.084099956
16933,0.11164699
16934,0.48206314
16935,0.26590097
16936,0.6963998
16937,0.28569457
16938,0.16210827
16939,0.15687068
16940,0.5966325
16941,0.092443414
16942,0.09171058
16943,0.061665896
16944,0.071916066
16945,0.50081193
16946,0.25216872
16947,0.04179064
16948,0.03659917
16949,0.5671854
16950,0.54776865
16951,0.048561163
16952,0.09714769
16953,0.07651504
16954,0.06385173
16955,0.041054126
16956,0.028825836
16957,0.06879841
16958,0.08639098
16959,0.12618959
16960,0.12787984
16961,0.6913111
16962,0.69006586
16963,0.57564473
16964,0.54668224
16965,0.61232716
16966,0.12171888
16967,0.05160735
16968,0.06861344
16969,0.24133646
16970,0.1710917
16971,0.08862266
16972,0.04278576
16973,0.069908805
16974,0.06505545
16975,0.044885103
16976,0.047503337
16977,0.09372089
16978,0.061296467
16979,0.04594914
16980,0.044125583
16981,0.019327683
16982,0.02433339
16983,0.09039055
16984,0.10694464
16985,0.12549028
16986,0.24817027
16987,0.25911978
16988,0.5389502
16989,0.69938034
16990,0.70004547
16991,0.2955108
16992,0.081265494
16993,0.054258965
16994,0.06727001
16995,0.06236672
16996,0.090516835
16997,0.041335665
16998,0.043240972
16999,0.065811135
17000,0.89092386
17001,0.048657924
17002,0.056311328
17003,0.08970535
17004,0.07284646
17005,0.062300187
17006,0.09365423
17007,0.07620142
17008,0.0753449
17009,0.062096767
17010,0.013425957
17011,0.00035657376
17012,0.10005101
17013,0.1047828
17014,0.11901869
17015,0.5082062
17016,0.5595321
17017,0.27369133
17018,0.74605954
17019,0.5031118
17020,0.4672784
17021,0.26182187
17022,0.051101573
17023,0.06016723
17024,0.06553795
17025,0.08952348
17026,0.047544517
17027,0.06549086
17028,0.049386125
17029,0.44030777
17030,0.274977
17031,0.4838688
17032,0.07148717
17033,0.09193384
17034,0.08441216
17035,0.07938949
17036,0.08886775
17037,0.061875265
17038,0.08345721
17039,0.03743906
17040,0.033912722
17041,0.0732191
17042,0.81425947
17043,0.58245575
17044,0.5492232
17045,0.23852809
17046,0.5105962
17047,0.103460334
17048,0.10209937
17049,0.028991103
17050,0.030625805
17051,0.062340908
17052,0.076005794
17053,0.083559036
17054,0.096869774
17055,0.05208589
17056,0.2902036
17057,0.043583725
17058,0.04245988
17059,0.43076682
17060,0.021549484
17061,0.025912028
17062,0.13539474
17063,0.30288547
17064,0.088477455
17065,0.0764575
17066,0.4869914
17067,0.13116868
17068,0.10571569
17069,0.106855676
17070,0.026581421
17071,0.0699183
17072,0.04847377
17073,0.05248247
17074,0.053940453
17075,0.07825551
17076,0.09031497
17077,0.05139035
17078,0.2685183
17079,0.040679604
17080,0.1201981
17081,0.08079997
17082,0.11832618
17083,0.05725883
17084,0.07415712
17085,0.071317084
17086,0.079237245
17087,0.085112445
17088,0.4519374
17089,0.5061875
17090,0.11601465
17091,0.04775178
17092,0.057299584
17093,0.048939906
17094,0.106998265
17095,0.09463747
17096,0.044345144
17097,0.045069072
17098,0.048398066
17099,0.04251175
17100,0.021333894
17101,0.018721364
17102,0.07439316
17103,0.11572945
17104,0.38394773
17105,0.053846173
17106,0.064848416
17107,0.086146876
17108,0.044778723
17109,0.1012372
17110,0.5234127
17111,0.119608626
17112,0.031168222
17113,0.06342996
17114,0.060426522
17115,0.05001023
17116,0.084091924
17117,0.09859435
17118,0.045624435
17119,0.04560562
17120,0.024031151
17121,0.02074334
17122,0.041070517
17123,0.09367211
17124,0.05553654
17125,0.039069187
17126,0.051962897
17127,0.056520127
17128,0.062009633
17129,0.2816844
17130,0.048170526
17131,0.04485554
17132,0.048596762
17133,0.07150047
17134,0.07485086
17135,0.07058038
17136,0.049889192
17137,0.27616185
17138,0.06616863
17139,0.0623115
17140,0.044651374
17141,0.043718256
17142,0.06279057
17143,0.07023319
17144,0.28165498
17145,0.05290149
17146,0.039099872
17147,0.08413447
17148,0.05811501
17149,0.023214525
17150,0.45266214
17151,0.57630557
17152,0.28160733
17153,0.049003787
17154,0.031496126
17155,0.048489127
17156,0.04763173
17157,0.04333131
17158,0.07117925
17159,0.06886277
17160,0.9239611
17161,0.069078
17162,0.074372984
17163,0.06880682
17164,0.06465728
17165,0.04189346
17166,0.031157551
17167,0.069427036
17168,0.6150192
17169,0.088196784
17170,0.0954765
17171,0.050260354
17172,0.05123589
17173,0.05551941
17174,0.06407409
17175,0.02103569
17176,0.05156014
17177,0.054209255
17178,0.049311966
17179,0.025450045
17180,0.02846707
17181,0.04694111
17182,0.04164682
17183,0.03565726
17184,0.073889665
17185,0.06462826
17186,0.06684529
17187,0.080473445
17188,0.0674798
17189,0.06470409
17190,0.06697772
17191,0.030421786
17192,0.06277758
17193,0.504333
17194,0.093333125
17195,0.048886016
17196,0.047861923
17197,0.053074677
17198,0.061748866
17199,0.06063196
17200,0.029772578
17201,0.028267369
17202,0.3119801
17203,0.02993071
17204,0.02882339
17205,0.031168222
17206,0.04354252
17207,0.053785145
17208,0.07765455
17209,0.070085205
17210,0.07795043
17211,0.066829234
17212,0.07232953
17213,0.061270628
17214,0.0682284
17215,0.035102576
17216,0.057450477
17217,0.41193134
17218,0.050886177
17219,0.05316749
17220,0.049988694
17221,0.028818173
17222,0.013476804
17223,0.023609467
17224,0.054372843
17225,0.030460918
17226,0.017676825
17227,0.02663889
17228,0.031247688
17229,0.082216285
17230,0.08095034
17231,0.082206115
17232,0.045367673
17233,0.037121385
17234,0.033567816
17235,0.02266906
17236,0.24065329
17237,0.30770877
17238,0.08888552
17239,0.053162817
17240,0.023587972
17241,0.021583501
17242,0.021501103
17243,0.020597866
17244,0.034986813
17245,0.048498914
17246,0.030700197
17247,0.01888072
17248,0.017954549
17249,0.014319334
17250,0.03149899
17251,0.07466506
17252,0.088000365
17253,0.08274013
17254,0.04430952
17255,0.06365011
17256,0.116887726
17257,0.064084716
17258,0.055997606
17259,0.016469512
17260,0.025833542
17261,0.039639
17262,0.058043115
17263,0.03201215
17264,0.03070207
17265,0.0383234
17266,0.020000204
17267,0.08318039
17268,0.13745746
17269,0.027447643
17270,0.05673578
17271,0.049337797
17272,0.047599066
17273,0.01855984
17274,0.012273882
17275,0.039163437
17276,0.03840685
17277,0.048453104
17278,0.03219447
17279,0.027063087
17280,0.015301892
17281,0.0828727
17282,0.043105945
17283,0.054357365
17284,0.11678223
17285,0.0381205
17286,0.054312665
17287,0.02905995
17288,0.019849043
17289,0.030501857
17290,0.017490283
17291,0.018221993
17292,0.018157883
17293,0.04030095
17294,0.042017646
17295,0.043034647
17296,0.17546847
17297,0.06281544
17298,0.04267485
17299,0.040711872
17300,0.02748602
17301,0.014243432
17302,0.032741502
17303,0.028625565
17304,0.021019293
17305,0.021047294
17306,0.019713929
17307,0.047473267
17308,0.083688825
17309,0.041223582
17310,0.26448038
17311,0.025021074
17312,0.022255916
17313,0.020991908
17314,0.016967596
17315,0.023441339
17316,0.018646814
17317,0.022678265
17318,0.018663364
17319,0.022573054
17320,0.013841079
17321,0.029171094
17322,0.03341792
17323,0.06613764
17324,0.080506645
17325,0.07895164
17326,0.09902558
17327,0.013491824
17328,0.037038762
17329,0.032344934
17330,0.056728557
17331,0.2518886
17332,0.063483566
17333,0.04007705
17334,0.059685457
17335,0.08266289
17336,0.06303234
17337,0.06989171
17338,0.08264973
17339,0.10410466
17340,0.067079514
17341,0.45646253
17342,0.064816445
17343,0.0629951
17344,0.05896308
17345,0.26790276
17346,0.046965893
17347,0.27140838
17348,0.091164924
17349,0.05908045
17350,0.06766401
17351,0.06964356
17352,0.06348506
17353,0.032058574
17354,0.037386313
17355,0.31087112
17356,0.035595175
17357,0.49019757
17358,0.27993333
17359,0.061624732
17360,0.26585874
17361,0.029606456
17362,0.030267641
17363,0.03382115
17364,0.034585327
17365,0.060357507
17366,0.056806248
17367,0.25923386
17368,0.36729386
17369,0.40888712
17370,0.06069502
17371,0.25445527
17372,0.035810497
17373,0.04300995
17374,0.06390887
17375,0.063892834
17376,0.05644739
17377,0.10156947
17378,0.41128263
17379,0.10961486
17380,0.27650842
17381,0.5062976
17382,0.059147455
17383,0.063170515
17384,0.5047713
17385,0.053172473
17386,0.26723766
17387,0.07346413
17388,0.03804339
17389,0.032623146
17390,0.0757892
17391,0.110481
17392,0.06925878
17393,0.087285526
17394,0.10083084
17395,0.057532627
17396,0.06688304
17397,0.066120885
17398,0.5115591
17399,0.065750524
17400,0.055670038
17401,0.044447634
17402,0.06870622
17403,0.06555193
17404,0.038400967
17405,0.026357824
17406,0.055563103
17407,0.060406115
17408,0.08682352
17409,0.08201668
17410,0.09894333
17411,0.27805683
17412,0.10168872
17413,0.053714037
17414,0.05199277
17415,0.038937785
17416,0.069024906
17417,0.42034313
17418,0.06046662
17419,0.07541918
17420,0.39294997
17421,0.28929895
17422,0.04622646
17423,0.05199277
17424,0.056507833
17425,0.03744276
17426,0.032623146
17427,0.040030576
17428,0.03138162
17429,0.06787306
17430,0.06176924
17431,0.05453755
17432,0.06718818
17433,0.09379091
17434,0.0971636
17435,0.28788322
17436,0.40885738
17437,0.042161983
17438,0.24761313
17439,0.04297798
17440,0.07563704
17441,0.030661743
17442,0.06066806
17443,0.0608735
17444,0.27309206
17445,0.03210927
17446,0.060132325
17447,0.054065164
17448,0.04083661
17449,0.28711557
17450,0.4719948
17451,0.041926388
17452,0.043471545
17453,0.04326237
17454,0.075006925
17455,0.07843167
17456,0.032230277
17457,0.027653197
17458,0.058970824
17459,0.066978104
17460,0.07374898
17461,0.08291017
17462,0.05009033
17463,0.05128421
17464,0.052344687
17465,0.028860494
17466,0.02860423
17467,0.027080903
17468,0.070448816
17469,0.06960718
17470,0.28609884
17471,0.065377794
17472,0.09455885
17473,0.05989011
17474,0.04782162
17475,0.031166451
17476,0.031978138
17477,0.06817431
17478,0.046780948
17479,0.046271343
17480,0.05023962
17481,0.07438509
17482,0.28099746
17483,0.06500765
17484,0.06464579
17485,0.08345365
17486,0.07682665
17487,0.054147992
17488,0.05093131
17489,0.07458465
17490,0.05088876
17491,0.05552927
17492,0.052947342
17493,0.023315204
17494,0.014827554
17495,0.016350174
17496,0.07549694
17497,0.07004654
17498,0.29733595
17499,0.27729884
17500,0.27809608
17501,0.04953592
17502,0.048012506
17503,0.026429376
17504,0.037535504
17505,0.040695738
17506,0.042973608
17507,0.0733287
17508,0.07803424
17509,0.58593947
17510,0.059929002
17511,0.062357448
17512,0.07160941
17513,0.051162224
17514,0.05070725
17515,0.032527298
17516,0.05304108
17517,0.02101853
17518,0.032067068
17519,0.03721896
17520,0.036340527
17521,0.09389844
17522,0.11868054
17523,0.11590082
17524,0.29108995
17525,0.26626116
17526,0.092757635
17527,0.087051354
17528,0.07326752
17529,0.076383
17530,0.085789695
17531,0.041961025
17532,0.07248804
17533,0.07371343
17534,0.05701695
17535,0.058990646
17536,0.06693616
17537,0.054153983
17538,0.07834157
17539,0.030037384
17540,0.04513096
17541,0.05490661
17542,0.034288384
17543,0.045419622
17544,0.045744963
17545,0.026799267
17546,0.040254377
17547,0.047202528
17548,0.07680054
17549,0.07747595
17550,0.11223508
17551,0.15015961
17552,0.3082714
17553,0.28828126
17554,0.086592495
17555,0.08091467
17556,0.08522453
17557,0.073505715
17558,0.03775756
17559,0.070781395
17560,0.069846846
17561,0.057630256
17562,0.05655382
17563,0.05433096
17564,0.055935256
17565,0.030331925
17566,0.04657428
17567,0.044126943
17568,0.034896493
17569,0.049500324
17570,0.042322468
17571,0.028018594
17572,0.027529582
17573,0.0712569
17574,0.0770873
17575,0.15096268
17576,0.31811023
17577,0.1162235
17578,0.11242145
17579,0.0894839
17580,0.094694145
17581,0.081491426
17582,0.08015916
17583,0.07328508
17584,0.042981304
17585,0.06482799
17586,0.2756984
17587,0.051303297
17588,0.071890794
17589,0.05889536
17590,0.08188944
17591,0.051829606
17592,0.035237838
17593,0.032850992
17594,0.02898107
17595,0.03746974
17596,0.06965987
17597,0.069811806
17598,0.14882255
17599,0.6127347
17600,0.11416831
17601,0.07400598
17602,0.48778194
17603,0.10486057
17604,0.2619568
17605,0.08365967
17606,0.07277322
17607,0.039968427
17608,0.03892214
17609,0.08115322
17610,0.0714997
17611,0.077330194
17612,0.28867495
17613,0.08174773
17614,0.047525205
17615,0.035298288
17616,0.03307436
17617,0.035528798
17618,0.03732214
17619,0.122306265
17620,0.119893715
17621,0.09734098
17622,0.08909889
17623,0.09896441
17624,0.09268975
17625,0.10813922
17626,0.14115177
17627,0.2675913
17628,0.5433289
17629,0.10545679
17630,0.06030868
17631,0.060956288
17632,0.057277296
17633,0.08884552
17634,0.728165
17635,0.07866572
17636,0.3138886
17637,0.2871947
17638,0.033435173
17639,0.030285217
17640,0.03692753
17641,0.040538367
17642,0.050812036
17643,0.27875194
17644,0.2658446
17645,0.090545565
17646,0.096992314
17647,0.100725226
17648,0.103918076
17649,0.14390123
17650,0.16870596
17651,0.50633913
17652,0.10698927
17653,0.06163684
17654,0.07086068
17655,0.0477647
17656,0.28780764
17657,0.823034
17658,0.080213405
17659,0.4731295
17660,0.06152244
17661,0.35789695
17662,0.020693982
17663,0.049046777
17664,0.055208985
17665,0.023830032
17666,0.04474521
17667,0.11774781
17668,0.4257111
17669,0.08672275
17670,0.088836096
17671,0.27214342
17672,0.13905206
17673,0.17083761
17674,0.4361925
17675,0.50472707
17676,0.13106754
17677,0.29220393
17678,0.282543
17679,0.8345596
17680,0.31030273
17681,0.55093443
17682,0.07823092
17683,0.24040578
17684,0.062930405
17685,0.06213942
17686,0.03723997
17687,0.016337784
17688,0.061331123
17689,0.11832625
17690,0.11166975
17691,0.08581574
17692,0.10116711
17693,0.13204622
17694,0.13204622
17695,0.124727294
17696,0.2810886
17697,0.27822068
17698,0.05680126
17699,0.6094236
17700,0.05552841
17701,0.08433944
17702,0.7396511
17703,0.83629715
17704,0.5016505
17705,0.07357465
17706,0.0808626
17707,0.13836172
17708,0.060039118
17709,0.4068176
17710,0.028671104
17711,0.02741769
17712,0.026017413
17713,0.023967257
17714,0.083570525
17715,0.07937376
17716,0.07880579
17717,0.06360176
17718,0.5247086
17719,0.07988011
17720,0.13124347
17721,0.2799311
17722,0.09800213
17723,0.09633139
17724,0.08185489
17725,0.27336025
17726,0.48595676
17727,0.08115075
17728,0.10967392
17729,0.09168734
17730,0.08209708
17731,0.927626
17732,0.85793746
17733,0.7355315
17734,0.061952047
17735,0.07299203
17736,0.07319377
17737,0.29550278
17738,0.095982775
17739,0.24456327
17740,0.04636791
17741,0.024704602
17742,0.07972481
17743,0.054642327
17744,0.07880579
17745,0.06171062
17746,0.48499632
17747,0.48977232
17748,0.29156062
17749,0.12769905
17750,0.10337121
17751,0.10995274
17752,0.10455734
17753,0.10793649
17754,0.07136504
17755,0.12335784
17756,0.11282188
17757,0.08532312
17758,0.09735887
17759,0.03805608
17760,0.83877474
17761,0.86356413
17762,0.67752844
17763,0.066424996
17764,0.06700277
17765,0.26455992
17766,0.2901006
17767,0.03309219
17768,0.052948512
17769,0.02957457
17770,0.063742094
17771,0.06643987
17772,0.84275347
17773,0.8226115
17774,0.116594225
17775,0.14963096
17776,0.10111052
17777,0.1735275
17778,0.1286845
17779,0.51826894
17780,0.06588299
17781,0.06524748
17782,0.07696385
17783,0.07724698
17784,0.091886945
17785,0.1071783
17786,0.07620788
17787,0.2677216
17788,0.53502214
17789,0.17232704
17790,0.06334371
17791,0.07199658
17792,0.06265504
17793,0.2514547
17794,0.04961181
17795,0.04592651
17796,0.020665234
17797,0.04982558
17798,0.034454018
17799,0.062757775
17800,0.06225054
17801,0.819537
17802,0.4182187
17803,0.29841837
17804,0.28420287
17805,0.098376766
17806,0.1677874
17807,0.122532725
17808,0.49721548
17809,0.057556614
17810,0.063932545
17811,0.08466914
17812,0.07944403
17813,0.09597338
17814,0.09703036
17815,0.08869714
17816,0.92276084
17817,0.27778143
17818,0.27216324
17819,1.0110195
17820,0.08201426
17821,0.07529934
17822,0.061742563
17823,0.25470433
17824,0.045585956
17825,0.059532154
17826,0.052670445
17827,0.029415395
17828,0.014513794
17829,0.07221519
17830,0.08118756
17831,0.2325049
17832,0.5476102
17833,0.25870106
17834,0.66843593
17835,0.5988158
17836,0.16073348
17837,0.16647312
17838,0.29967475
17839,0.09703036
17840,0.09352769
17841,0.06590413
17842,0.06008924
17843,0.5171419
17844,0.26366448
17845,0.04654235
17846,0.03991565
17847,0.50425786
17848,0.469295
17849,0.045855448
17850,0.09268889
17851,0.164355
17852,0.061961364
17853,0.052949574
17854,0.039267223
17855,0.059864815
17856,0.083457656
17857,0.12259511
17858,0.128442
17859,0.68498385
17860,0.6701517
17861,0.5371845
17862,0.5304049
17863,0.5649727
17864,0.1226611
17865,0.05169812
17866,0.063215025
17867,0.05926537
17868,0.15880698
17869,0.09297683
17870,0.047957104
17871,0.07043649
17872,0.067266814
17873,0.04838999
17874,0.047748465
17875,0.08722475
17876,0.0608742
17877,0.06533352
17878,0.03840628
17879,0.025767695
17880,0.014460395
17881,0.07988276
17882,0.10659469
17883,0.13262269
17884,0.2555024
17885,0.15236977
17886,0.4966647
17887,0.75012445
17888,0.73171353
17889,0.28739628
17890,0.08067663
17891,0.04870993
17892,0.06677949
17893,0.061802536
17894,0.08655147
17895,0.04060439
17896,0.04514889
17897,0.06326264
17898,0.8552097
17899,0.048085965
17900,0.06191522
17901,0.08770009
17902,0.075704135
17903,0.061712116
17904,0.09328654
17905,0.07806243
17906,0.08084846
17907,0.07014966
17908,0.006555593
17909,0.025477633
17910,0.09202877
17911,0.10043461
17912,0.124790095
17913,0.5402449
17914,0.53406036
17915,0.2742107
17916,0.7425874
17917,0.48922327
17918,0.469241
17919,0.2519326
17920,0.047831412
17921,0.06176576
17922,0.062004823
17923,0.09354935
17924,0.0407878
17925,0.065079235
17926,0.059804004
17927,0.46426398
17928,0.2913096
17929,0.42763138
17930,0.07568601
17931,0.10256692
17932,0.09498875
17933,0.08763848
17934,0.08516642
17935,0.061235372
17936,0.0794653
17937,0.06643022
17938,0.07349152
17939,0.84103566
17940,0.5534462
17941,0.5924118
17942,0.4321474
17943,0.26956648
17944,0.28907186
17945,0.10251996
17946,0.023908064
17947,0.05363166
17948,0.047957294
17949,0.06313851
17950,0.080875814
17951,0.07870929
17952,0.09228293
17953,0.043550916
17954,0.06846621
17955,0.042960137
17956,0.04292312
17957,0.047559213
17958,0.5001182
17959,0.027488962
17960,0.024329755
17961,0.030551381
17962,0.117527366
17963,0.3163835
17964,0.07256123
17965,0.08749676
17966,0.26950443
17967,0.27458003
17968,0.10571017
17969,0.110206194
17970,0.028371422
17971,0.057686437
17972,0.05024302
17973,0.05259577
17974,0.05668318
17975,0.08004687
17976,0.07914639
17977,0.044260405
17978,0.047066778
17979,0.12305913
17980,0.07738996
17981,0.11528532
17982,0.032106053
17983,0.08753498
17984,0.08269163
17985,0.1050731
17986,0.08255855
17987,0.4757977
17988,0.5116142
17989,0.119788155
17990,0.05980004
17991,0.05485517
17992,0.059299104
17993,0.048544444
17994,0.08358213
17995,0.098272495
17996,0.04117686
17997,0.04029712
17998,0.04532306
17999,0.045748778
18000,0.03190389
18001,0.025782239
18002,0.09279832
18003,0.12133826
18004,0.3946717
18005,0.078996986
18006,0.07108391
18007,0.26257154
18008,0.03903419
18009,0.111191556
18010,0.5126957
18011,0.12092516
18012,0.024245791
18013,0.059824202
18014,0.05698917
18015,0.050233375
18016,0.085420676
18017,0.042947736
18018,0.043955192
18019,0.03504512
18020,0.11473092
18021,0.049683556
18022,0.04126373
18023,0.04031244
18024,0.05951143
18025,0.052012693
18026,0.28227967
18027,0.04855494
18028,0.036082473
18029,0.049520433
18030,0.07039357
18031,0.0735567
18032,0.05895025
18033,0.037288327
18034,0.25362593
18035,0.05786142
18036,0.06561826
18037,0.04374768
18038,0.046477877
18039,0.06142373
18040,0.0655528
18041,0.25982863
18042,0.061200235
18043,0.04150848
18044,0.08642561
18045,0.049052246
18046,0.03786421
18047,0.032425728
18048,0.5131884
18049,0.5001856
18050,0.2847774
18051,0.044514798
18052,0.040582575
18053,0.044251535
18054,0.040171545
18055,0.038008116
18056,0.07152501
18057,0.07754462
18058,0.87580085
18059,0.07189269
18060,0.072802074
18061,0.05990774
18062,0.060300242
18063,0.047561057
18064,0.03129066
18065,0.06474361
18066,0.76775086
18067,0.09117896
18068,0.25947985
18069,0.051831916
18070,0.057920933
18071,0.054647923
18072,0.05546403
18073,0.025223091
18074,0.055786096
18075,0.04951076
18076,0.04406503
18077,0.031722274
18078,0.030068232
18079,0.047221303
18080,0.052372236
18081,0.03841233
18082,0.16041118
18083,0.06956969
18084,0.0643613
18085,0.07145433
18086,0.058133304
18087,0.065156125
18088,0.06951026
18089,0.02599804
18090,0.05989374
18091,0.6572853
18092,0.09317523
18093,0.23621334
18094,0.04740418
18095,0.059655197
18096,0.06942222
18097,0.05727573
18098,0.022778654
18099,0.28010595
18100,0.033775114
18101,0.032131724
18102,0.038587585
18103,0.07243419
18104,0.08266221
18105,0.05990774
18106,0.068103656
18107,0.08092834
18108,0.030564591
18109,0.064200714
18110,0.4424713
18111,0.051306527
18112,0.052712537
18113,0.055218168
18114,0.053379953
18115,0.05216064
18116,0.024194486
18117,0.02277904
18118,0.039219804
18119,0.027757935
18120,0.021248573
18121,0.03391395
18122,0.08485943
18123,0.072282046
18124,0.07205338
18125,0.041980393
18126,0.050326016
18127,0.038235128
18128,0.22391005
18129,0.27191648
18130,0.09818633
18131,0.046777356
18132,0.026052715
18133,0.026795868
18134,0.03367361
18135,0.04490816
18136,0.047559157
18137,0.038400106
18138,0.021749338
18139,0.036066376
18140,0.09438062
18141,0.07936586
18142,0.08772178
18143,0.04713341
18144,0.05449344
18145,0.14302549
18146,0.06634428
18147,0.01974441
18148,0.021217078
18149,0.034037333
18150,0.048947934
18151,0.033655193
18152,0.03314095
18153,0.04995038
18154,0.071563706
18155,0.046521
18156,0.027903002
18157,0.053750526
18158,0.05994112
18159,0.06965072
18160,0.057507277
18161,0.04678897
18162,0.018984046
18163,0.01771681
18164,0.037549596
18165,0.03241049
18166,0.060715985
18167,0.032380767
18168,0.015578173
18169,0.051874164
18170,0.0903487
18171,0.27015266
18172,0.03788833
18173,0.0515082
18174,0.03603018
18175,0.037114505
18176,0.022967143
18177,0.015582734
18178,0.036658242
18179,0.059753668
18180,0.06930486
18181,0.0845314
18182,0.057278838
18183,0.035957314
18184,0.03836041
18185,0.04743511
18186,0.026804332
18187,0.019833844
18188,0.02512972
18189,0.0296517
18190,0.020059276
18191,0.04150009
18192,0.024831198
18193,0.018644309
18194,0.050817523
18195,0.05727456
18196,0.08284935
18197,0.032150686
18198,0.036754545
18199,0.26568756
18200,0.020707134
18201,0.024139378
18202,0.020060267
18203,0.020156473
18204,0.014799774
18205,0.011979019
18206,0.018640174
18207,0.02043788
18208,0.021114966
18209,0.02357838
18210,0.020050839
18211,0.03657443
18212,0.03414145
18213,0.04176385
18214,0.09342303
18215,0.0893494
18216,0.064098164
18217,0.03691347
18218,0.11112776
18219,0.0191953
18220,0.017724011
18221,0.03503376
18222,0.03668113
18223,0.28302893
18224,0.06171148
18225,0.023892209
18226,0.06493502
18227,0.058974206
18228,0.06664388
18229,0.06493997
18230,0.043149382
18231,0.086090975
18232,0.09558762
18233,0.4265264
18234,0.40982214
18235,0.05611723
18236,0.084695466
18237,0.05731611
18238,0.293534
18239,0.08254838
18240,0.064759605
18241,0.06068846
18242,0.061565354
18243,0.035918467
18244,0.034768526
18245,0.26729488
18246,0.040712744
18247,0.36543155
18248,0.29496175
18249,0.06902464
18250,0.062725335
18251,0.062145755
18252,0.057981025
18253,0.035697237
18254,0.03918026
18255,0.030819796
18256,0.03593417
18257,0.034437016
18258,0.07604557
18259,0.050198972
18260,0.24095726
18261,0.41650704
18262,0.3972392
18263,0.062171046
18264,0.2677649
18265,0.030586323
18266,0.034645163
18267,0.034078356
18268,0.06323878
18269,0.057355847
18270,0.43728656
18271,0.08743715
18272,0.08744292
18273,0.46310633
18274,0.06055774
18275,0.06678273
18276,0.48267207
18277,0.054693777
18278,0.56172866
18279,0.06494774
18280,0.034339454
18281,0.04432668
18282,0.06433932
18283,0.06949161
18284,0.2818012
18285,0.11697169
18286,0.059551004
18287,0.0956174
18288,0.06721497
18289,0.2998617
18290,0.056425646
18291,0.056791
18292,0.03894849
18293,0.07022215
18294,0.06041147
18295,0.029530244
18296,0.061387
18297,0.06427259
18298,0.07439496
18299,0.098416716
18300,0.29024145
18301,0.09455428
18302,0.052976616
18303,0.057861492
18304,0.03950309
18305,0.4029366
18306,0.0657627
18307,0.07786354
18308,0.2747802
18309,0.28083894
18310,0.07684653
18311,0.05553157
18312,0.040389758
18313,0.037246864
18314,0.029646149
18315,0.030976586
18316,0.061364338
18317,0.049656637
18318,0.05262569
18319,0.057671033
18320,0.091317944
18321,0.08813106
18322,0.088751666
18323,0.44938457
18324,0.043296583
18325,0.2417595
18326,0.05546364
18327,0.07596503
18328,0.028104603
18329,0.0558967
18330,0.06524336
18331,0.032603968
18332,0.06839043
18333,0.053847983
18334,0.054842703
18335,0.08525534
18336,0.08724304
18337,0.48261842
18338,0.038870543
18339,0.040341273
18340,0.04650548
18341,0.039164484
18342,0.075928874
18343,0.07681264
18344,0.06580218
18345,0.02931074
18346,0.059625093
18347,0.07029064
18348,0.07014676
18349,0.078338124
18350,0.052425392
18351,0.053787347
18352,0.034312665
18353,0.027869955
18354,0.019206315
18355,0.017766774
18356,0.07009956
18357,0.069341294
18358,0.29333916
18359,0.067577444
18360,0.09484367
18361,0.057787433
18362,0.045503218
18363,0.031451557
18364,0.038720656
18365,0.16374259
18366,0.044735916
18367,0.045488954
18368,0.07190529
18369,0.5571029
18370,0.06496772
18371,0.0655728
18372,0.081836954
18373,0.08030078
18374,0.049899336
18375,0.053373814
18376,0.07269224
18377,0.053567074
18378,0.027773367
18379,0.02984275
18380,0.022748696
18381,0.054459568
18382,0.28575912
18383,0.07141046
18384,0.29873767
18385,0.29158422
18386,0.27903414
18387,0.053933274
18388,0.04577605
18389,0.03645337
18390,0.0317034
18391,0.040689237
18392,0.041053038
18393,0.077283636
18394,0.075764686
18395,0.55999637
18396,0.06326523
18397,0.0636526
18398,0.06901754
18399,0.049089614
18400,0.04999091
18401,0.025294252
18402,0.051206823
18403,0.030759633
18404,0.02730347
18405,0.05687921
18406,0.051279865
18407,0.052135613
18408,0.277647
18409,0.1138221
18410,0.10506342
18411,0.30127153
18412,0.52213764
18413,0.087874
18414,0.07633083
18415,0.076262675
18416,0.07892165
18417,0.07876888
18418,0.10260494
18419,0.03839073
18420,0.043709464
18421,0.03804674
18422,0.059406023
18423,0.06450604
18424,0.05871981
18425,0.052352704
18426,0.06334178
18427,0.049770165
18428,0.07083344
18429,0.044548105
18430,0.031125383
18431,0.049157824
18432,0.05644912
18433,0.036342606
18434,0.053754564
18435,0.09328316
18436,0.07704163
18437,0.10996658
18438,0.1313915
18439,0.29332498
18440,0.15526016
18441,0.077673085
18442,0.07971645
18443,0.07797459
18444,0.07442242
18445,0.07672948
18446,0.03863317
18447,0.041677248
18448,0.07022042
18449,0.054824974
18450,0.0620919
18451,0.053230114
18452,0.05250948
18453,0.054924652
18454,0.05592515
18455,0.033613168
18456,0.044539213
18457,0.03456585
18458,0.03265277
18459,0.05301394
18460,0.029215656
18461,0.096565984
18462,0.083588146
18463,0.15902336
18464,0.3175046
18465,0.1164706
18466,0.1112088
18467,0.08212692
18468,0.10199527
18469,0.07439443
18470,0.07901043
18471,0.07271303
18472,0.03804674
18473,0.06542039
18474,0.07320378
18475,0.054008942
18476,0.077754736
18477,0.05029267
18478,0.081138596
18479,0.040852845
18480,0.03143499
18481,0.03565021
18482,0.028818984
18483,0.033212796
18484,0.07218064
18485,0.07022785
18486,0.14689769
18487,0.62525
18488,0.1147125
18489,0.07375512
18490,0.5108987
18491,0.09312746
18492,0.25955603
18493,0.08553459
18494,0.071454465
18495,0.03436471
18496,0.13031876
18497,0.06917895
18498,0.0649285
18499,0.08202137
18500,0.07028499
18501,0.07504039
18502,0.28524897
18503,0.07769927
18504,0.031606995
18505,0.032952845
18506,0.044150736
18507,0.039729755
18508,0.04206787
18509,0.121399246
18510,0.09535123
18511,0.086961985
18512,0.11858385
18513,0.2667323
18514,0.09689554
18515,0.09774108
18516,0.1415234
18517,0.16817892
18518,0.5083114
18519,0.11243812
18520,0.056766752
18521,0.07121541
18522,0.04716245
18523,0.090560585
18524,0.6999214
18525,0.0819579
18526,0.085172646
18527,0.41105244
18528,0.089629985
18529,0.0319525
18530,0.019482447
18531,0.034054086
18532,0.045319792
18533,0.049519278
18534,0.2744153
18535,0.27290106
18536,0.11358249
18537,0.09603302
18538,0.09955312
18539,0.10842791
18540,0.15357734
18541,0.16658758
18542,0.50464225
18543,0.099367335
18544,0.058469318
18545,0.05991301
18546,0.05722731
18547,0.058147594
18548,0.7894402
18549,0.86755687
18550,0.076568246
18551,0.076695375
18552,0.47829273
18553,0.029188903
18554,0.44990128
18555,0.048866473
18556,0.057783704
18557,0.05072383
18558,0.029069072
18559,0.47221056
18560,0.08829996
18561,0.08104285
18562,0.27414656
18563,0.12571806
18564,0.2607933
18565,0.55717796
18566,0.53092957
18567,0.03494629
18568,0.2882866
18569,0.2895384
18570,0.07926287
18571,0.826281
18572,0.2987416
18573,0.5468892
18574,0.09506087
18575,0.08165598
18576,0.07765874
18577,0.061473884
18578,0.029544225
18579,0.040001553
18580,0.026883392
18581,0.06281376
18582,0.028608665
18583,0.086841956
18584,0.11132373
18585,0.23712885
18586,0.102546535
18587,0.13160405
18588,0.13499121
18589,0.13651644
18590,0.28274113
18591,0.27815992
18592,0.037738923
18593,0.056967422
18594,0.29219693
18595,0.10355691
18596,0.76316863
18597,0.81199217
18598,0.51946145
18599,0.07806608
18600,0.05827499
18601,0.41567078
18602,0.030555466
18603,0.05780787
18604,0.026096813
18605,0.029455923
18606,0.086786084
18607,0.092099935
18608,0.072978534
18609,0.07284023
18610,0.49443775
18611,0.07940377
18612,0.13715978
18613,0.13035312
18614,0.0997929
18615,0.102677435
18616,0.06368379
18617,0.2534
18618,0.44857118
18619,0.07715618
18620,0.1131777
18621,0.084142566
18622,0.2684262
18623,0.9344603
18624,0.9124815
18625,0.6823402
18626,0.07401948
18627,0.074217565
18628,0.07930708
18629,0.30833805
18630,0.0986726
18631,0.28164023
18632,0.043877054
18633,0.026002636
18634,0.08231108
18635,0.079701744
18636,0.0615373
18637,0.061768282
18638,0.4262948
18639,0.5166822
18640,0.2798018
18641,0.13752824
18642,0.097573124
18643,0.10384327
18644,0.10133765
18645,0.09984797
18646,0.062217463
18647,0.11256739
18648,0.11880965
18649,0.08688059
18650,0.09808954
18651,0.04607908
18652,0.8239722
18653,0.96005476
18654,0.8258811
18655,0.061278675
18656,0.06158512
18657,0.07764311
18658,0.36779776
18659,0.1100078
18660,0.019380381
18661,0.058464784
18662,0.030921327
18663,0.06231441
18664,0.044656694
18665,0.93054146
18666,0.8445838
18667,0.123230286
18668,0.15057905
18669,0.10187261
18670,0.19156852
18671,0.12235929
18672,0.51050824
18673,0.24647956
18674,0.063085265
18675,0.07087978
18676,0.07739329
18677,0.09002557
18678,0.091864124
18679,0.09419473
18680,0.26901773
18681,0.27503836
18682,0.16691035
18683,0.060400847
18684,0.06829999
18685,0.07597796
18686,0.06396879
18687,0.25390807
18688,0.04887833
18689,0.04899957
18690,0.024765337
18691,0.052810755
18692,0.03159319
18693,0.063312344
18694,0.06423725
18695,0.8920462
18696,0.7328864
18697,0.28277177
18698,0.15304957
18699,0.11633363
18700,0.17451388
18701,0.11843243
18702,0.48557204
18703,0.067075446
18704,0.064232014
18705,0.077897966
18706,0.076788105
18707,0.09400105
18708,0.10241371
18709,0.07265643
18710,0.8498319
18711,0.26548907
18712,0.27809238
18713,1.0268849
18714,0.0699657
18715,0.06765096
18716,0.05928637
18717,0.2679167
18718,0.046573002
18719,0.05637035
18720,0.47993484
18721,0.028434549
18722,0.023970883
18723,0.066971414
18724,0.08262529
18725,0.2519349
18726,0.52952874
18727,0.60328627
18728,0.65370244
18729,0.56367075
18730,0.16075134
18731,0.16430847
18732,0.56229746
18733,0.098081395
18734,0.061530896
18735,0.06452776
18736,0.51623863
18737,0.25718898
18738,0.039118245
18739,0.03894933
18740,0.5261206
18741,0.26990557
18742,0.05415274
18743,0.046222556
18744,0.09149249
18745,0.07242057
18746,0.057444584
18747,0.045083527
18748,0.03545439
18749,0.022801217
18750,0.0010265817
18751,0.05813264
18752,0.07888617
18753,0.1250701
18754,0.12582655
18755,0.68173414
18756,0.6279202
18757,0.5840132
18758,0.55526716
18759,0.56355107
18760,0.11769083
18761,0.09718555
18762,0.053307615
18763,0.0660095
18764,0.06772866
18765,0.1636674
18766,0.08902493
18767,0.04319287
18768,0.06650271
18769,0.058517363
18770,0.051537286
18771,0.050590176
18772,0.04554172
18773,0.09031035
18774,0.061522525
18775,0.0649997
18776,0.043754328
18777,0.04353293
18778,0.02517323
18779,0.018646955
18780,0.08846043
18781,0.10139795
18782,0.1266151
18783,0.5326626
18784,0.15486445
18785,0.48754507
18786,0.7488674
18787,0.711045
18788,0.2960276
18789,0.08722987
18790,0.051457204
18791,0.061001472
18792,0.0582237
18793,0.09000379
18794,0.04082312
18795,0.05483296
18796,0.064317025
18797,0.9377162
18798,0.0501965
18799,0.056857318
18800,0.09162175
18801,0.072958864
18802,0.05153389
18803,0.09290043
18804,0.083239496
18805,0.06114272
18806,0.012140246
18807,0.016638996
18808,0.08307042
18809,0.10159039
18810,0.12996048
18811,0.5043834
18812,0.5504308
18813,0.27946785
18814,0.75563276
18815,0.47535723
18816,0.41897792
18817,0.2615179
18818,0.053563617
18819,0.050103173
18820,0.06420135
18821,0.07201653
18822,0.088543706
18823,0.04241131
18824,0.03375333
18825,0.06445608
18826,0.05198127
18827,0.4595769
18828,0.056260776
18829,0.46799853
18830,0.07242057
18831,0.10319931
18832,0.10040412
18833,0.07927825
18834,0.08535985
18835,0.06467921
18836,0.0844382
18837,0.030681306
18838,0.07747722
18839,0.83959234
18840,0.5966939
18841,0.5763603
18842,0.26432765
18843,0.51447153
18844,0.10554652
18845,0.10312703
18846,0.029942766
18847,0.039815884
18848,0.06295109
18849,0.07870372
18850,0.084656775
18851,0.08654844
18852,0.03918127
18853,0.259892
18854,0.046548992
18855,0.03927722
18856,0.042488616
18857,0.25347257
18858,0.019538831
18859,0.01604503
18860,0.0358842
18861,0.11623083
18862,0.32094043
18863,0.074449696
18864,0.07555316
18865,0.5245736
18866,0.26584917
18867,0.09899578
18868,0.11070662
18869,0.030244851
18870,0.060137887
18871,0.04752644
18872,0.04088532
18873,0.060884546
18874,0.076945364
18875,0.08480203
18876,0.03751438
18877,0.26646757
18878,0.12300612
18879,0.07631996
18880,0.1146426
18881,0.03354762
18882,0.07491993
18883,0.05587823
18884,0.0819321
18885,0.09730996
18886,0.47165537
18887,0.5139417
18888,0.11842969
18889,0.050684657
18890,0.052928332
18891,0.05859531
18892,0.087203704
18893,0.08970499
18894,0.041259542
18895,0.04886863
18896,0.040634453
18897,0.04882681
18898,0.021565562
18899,0.02213979
18900,0.07377547
18901,0.12812202
18902,0.38533345
18903,0.06643909
18904,0.08157427
18905,0.25106484
18906,0.050261926
18907,0.1126425
18908,0.50596684
18909,0.119837485
18910,0.03045963
18911,0.0767279
18912,0.25637105
18913,0.06081528
18914,0.050849356
18915,0.05095041
18916,0.085555
18917,0.0807309
18918,0.047256254
18919,0.045186687
18920,0.022694672
18921,0.041265845
18922,0.08635941
18923,0.053300582
18924,0.036130853
18925,0.055879593
18926,0.05430629
18927,0.2859673
18928,0.044873606
18929,0.03988674
18930,0.04938231
18931,0.07332424
18932,0.071898535
18933,0.06406377
18934,0.046540726
18935,0.25667748
18936,0.06200874
18937,0.060801726
18938,0.046675444
18939,0.048603237
18940,0.060833327
18941,0.067779705
18942,0.26446873
18943,0.059322212
18944,0.034531664
18945,0.0920798
18946,0.064112805
18947,0.018888885
18948,0.47024244
18949,0.5637318
18950,0.11722166
18951,0.04776071
18952,0.028315982
18953,0.044753432
18954,0.05163927
18955,0.039832953
18956,0.038525518
18957,0.070846125
18958,0.070004165
18959,0.9379094
18960,0.07499395
18961,0.074551016
18962,0.061838184
18963,0.0632244
18964,0.04382874
18965,0.0683848
18966,0.31386757
18967,0.093807064
18968,0.09477106
18969,0.059009403
18970,0.05207159
18971,0.058536097
18972,0.025018178
18973,0.057292975
18974,0.05955229
18975,0.046732727
18976,0.030166037
18977,0.030848455
18978,0.047385376
18979,0.044425726
18980,0.041681133
18981,0.07889018
18982,0.07019742
18983,0.061602168
18984,0.06549171
18985,0.065766424
18986,0.03518692
18987,0.064383775
18988,0.679423
18989,0.09150417
18990,0.046647426
18991,0.05228163
18992,0.056199275
18993,0.05362259
18994,0.079061195
18995,0.021035582
18996,0.020472003
18997,0.5394191
18998,0.03142861
18999,0.034060817
19000,0.025191918
19001,0.04422556
19002,0.037989855
19003,0.07513916
19004,0.07356703
19005,0.082285725
19006,0.0655107
19007,0.06052607
19008,0.06802238
19009,0.07021937
19010,0.048707552
19011,0.055249915
19012,0.2612983
19013,0.05017502
19014,0.053408105
19015,0.05879155
19016,0.051168952
19017,0.02152091
19018,0.020322619
19019,0.031014796
19020,0.034079947
19021,0.042147294
19022,0.029904915
19023,0.039776105
19024,0.021954892
19025,0.019283365
19026,0.021329386
19027,0.032782625
19028,0.08490568
19029,0.077760264
19030,0.08212996
19031,0.046540823
19032,0.048450634
19033,0.02843321
19034,0.22712235
19035,0.2728873
19036,0.31622544
19037,0.055701654
19038,0.023189612
19039,0.021567611
19040,0.024159566
19041,0.03685422
19042,0.04705844
19043,0.033893447
19044,0.019119596
19045,0.023633586
19046,0.022955237
19047,0.02136509
19048,0.03671816
19049,0.07134052
19050,0.07870025
19051,0.08015297
19052,0.048383236
19053,0.028570093
19054,0.054308422
19055,0.11966031
19056,0.28006947
19057,0.056739755
19058,0.023438672
19059,0.024312124
19060,0.038465604
19061,0.042865008
19062,0.029053595
19063,0.024969146
19064,0.030271003
19065,0.023589151
19066,0.044970084
19067,0.02853377
19068,0.054308422
19069,0.053129412
19070,0.050515294
19071,0.052470528
19072,0.016831763
19073,0.018888665
19074,0.038463917
19075,0.0330811
19076,0.050232008
19077,0.018788854
19078,0.018870922
19079,0.05269331
19080,0.085658155
19081,0.077447034
19082,0.055143453
19083,0.062366858
19084,0.28275862
19085,0.039315972
19086,0.058004532
19087,0.036581736
19088,0.044193175
19089,0.027445946
19090,0.017207883
19091,0.016633634
19092,0.039313015
19093,0.0218696
19094,0.05021355
19095,0.09396705
19096,0.06570216
19097,0.04117846
19098,0.0340407
19099,0.034962274
19100,0.020429231
19101,0.014913125
19102,0.0206481
19103,0.018856203
19104,0.020008195
19105,0.02255837
19106,0.024335526
19107,0.050382417
19108,0.09092125
19109,0.10394073
19110,0.015743773
19111,0.015224712
19112,0.02201229
19113,0.01558237
19114,0.023886219
19115,0.021346824
19116,0.02027438
19117,0.036422085
19118,0.03950859
19119,0.10422276
19120,0.05570828
19121,0.097203024
19122,0.015438639
19123,0.018655756
19124,0.041488986
19125,0.035615325
19126,0.044399828
19127,0.06350193
19128,0.06170464
19129,0.06050689
19130,0.026987799
19131,0.07166406
19132,0.07180648
19133,0.06329789
19134,0.06104565
19135,0.08850264
19136,0.09131982
19137,0.06515919
19138,0.44843507
19139,0.2779266
19140,0.06268141
19141,0.09273891
19142,0.08691608
19143,0.28080577
19144,0.06224957
19145,0.055440318
19146,0.03423569
19147,0.02995552
19148,0.05759007
19149,0.04791275
19150,0.53503823
19151,0.27278662
19152,0.063929595
19153,0.07203035
19154,0.031234253
19155,0.029719803
19156,0.03464381
19157,0.03464381
19158,0.06764867
19159,0.05771213
19160,0.26214623
19161,0.29354915
19162,0.4302404
19163,0.060458265
19164,0.057918537
19165,0.053946894
19166,0.027708821
19167,0.04536247
19168,0.03295369
19169,0.057456974
19170,0.051608797
19171,0.10240068
19172,0.44358924
19173,0.114500254
19174,0.10067923
19175,0.44410774
19176,0.06548006
19177,0.42785698
19178,0.052531004
19179,0.05787023
19180,0.45189464
19181,0.06305857
19182,0.038458034
19183,0.041733667
19184,0.07086785
19185,0.073943086
19186,0.10802899
19187,0.08735531
19188,0.06554961
19189,0.06970896
19190,0.06650871
19191,0.2893246
19192,0.056456555
19193,0.055104304
19194,0.039411746
19195,0.061548043
19196,0.06478379
19197,0.03774476
19198,0.0768127
19199,0.07636977
19200,0.106395304
19201,0.07690939
19202,0.081152596
19203,0.054589834
19204,0.04516528
19205,0.06475063
19206,0.43815514
19207,0.055877466
19208,0.06558737
19209,0.48317033
19210,0.5165805
19211,0.053081974
19212,0.053881083
19213,0.042103693
19214,0.041931666
19215,0.028045509
19216,0.029276341
19217,0.06499041
19218,0.055823162
19219,0.08218363
19220,0.09528864
19221,0.08781537
19222,0.097033955
19223,0.5111628
19224,0.048020113
19225,0.24527825
19226,0.042928245
19227,0.07410577
19228,0.03433371
19229,0.055597164
19230,0.04762384
19231,0.25961187
19232,0.0841519
19233,0.030530265
19234,0.05899764
19235,0.055496044
19236,0.09649891
19237,0.2949852
19238,0.43212196
19239,0.04552845
19240,0.037983306
19241,0.06261466
19242,0.04181604
19243,0.07537266
19244,0.07728788
19245,0.034893285
19246,0.057363093
19247,0.084621534
19248,0.0738364
19249,0.04639677
19250,0.052703403
19251,0.033785325
19252,0.02069826
19253,0.021665098
19254,0.024436966
19255,0.079406746
19256,0.073906764
19257,0.29642397
19258,0.07536824
19259,0.099770114
19260,0.048990335
19261,0.04745595
19262,0.03253913
19263,0.038524475
19264,0.06593948
19265,0.042266045
19266,0.045277182
19267,0.07671238
19268,0.6036771
19269,0.06783125
19270,0.06884875
19271,0.07181612
19272,0.0769064
19273,0.05350824
19274,0.05303674
19275,0.080089495
19276,0.051919006
19277,0.050139666
19278,0.025800217
19279,0.020291153
19280,0.024547976
19281,0.06427386
19282,0.28451723
19283,0.076116964
19284,0.29453176
19285,0.28572297
19286,0.2699733
19287,0.057290263
19288,0.054379415
19289,0.035779368
19290,0.0339972
19291,0.042191707
19292,0.04450077
19293,0.0744859
19294,0.07298606
19295,0.44013205
19296,0.061979495
19297,0.06357096
19298,0.06616475
19299,0.05020744
19300,0.030635526
19301,0.051941443
19302,0.05505532
19303,0.029435992
19304,0.024368685
19305,0.01984856
19306,0.033653904
19307,0.041233223
19308,0.053775497
19309,0.27439043
19310,0.116822295
19311,0.1200389
19312,0.2947798
19313,0.54865205
19314,0.07006537
19315,0.07134609
19316,0.074707605
19317,0.07481531
19318,0.095466614
19319,0.09481533
19320,0.03807097
19321,0.03876135
19322,0.035987034
19323,0.067992896
19324,0.07049948
19325,0.06161142
19326,0.053278025
19327,0.07212255
19328,0.05021568
19329,0.06943572
19330,0.03991483
19331,0.045573402
19332,0.043710668
19333,0.049528275
19334,0.03801748
19335,0.043393724
19336,0.042404544
19337,0.07861787
19338,0.07406826
19339,0.10678425
19340,0.16353981
19341,0.2756097
19342,0.16717914
19343,0.0728078
19344,0.0812535
19345,0.07634012
19346,0.07065538
19347,0.038494457
19348,0.069012195
19349,0.070456445
19350,0.057654064
19351,0.049008276
19352,0.056670956
19353,0.051969
19354,0.030490585
19355,0.04656848
19356,0.03761617
19357,0.04644499
19358,0.038250986
19359,0.028421711
19360,0.02829114
19361,0.067437775
19362,0.06634381
19363,0.13992094
19364,0.30630022
19365,0.11311087
19366,0.256134
19367,0.081332885
19368,0.09820996
19369,0.07420491
19370,0.076527685
19371,0.07704306
19372,0.03807097
19373,0.07701992
19374,0.26805496
19375,0.05840774
19376,0.076963335
19377,0.055929072
19378,0.0776446
19379,0.045057777
19380,0.03976071
19381,0.02879592
19382,0.2988156
19383,0.07504361
19384,0.07059706
19385,0.13474706
19386,0.5773543
19387,0.09757022
19388,0.082705535
19389,0.3953109
19390,0.096241556
19391,0.25772494
19392,0.07625677
19393,0.07309143
19394,0.040337473
19395,0.04045617
19396,0.06724111
19397,0.06614565
19398,0.07151267
19399,0.077345744
19400,0.074044965
19401,0.08349039
19402,0.033156592
19403,0.027714089
19404,0.04168482
19405,0.03474071
19406,0.10107931
19407,0.09200606
19408,0.09212566
19409,0.092545316
19410,0.094578475
19411,0.09455755
19412,0.09761708
19413,0.14006382
19414,0.17076533
19415,0.55594224
19416,0.11119617
19417,0.058319412
19418,0.059191138
19419,0.044719968
19420,0.043673642
19421,0.09095047
19422,0.7245249
19423,0.078548454
19424,0.07503997
19425,0.43556565
19426,0.27378345
19427,0.028442629
19428,0.033320192
19429,0.047225483
19430,0.070069864
19431,0.27334663
19432,0.49131975
19433,0.08467071
19434,0.0964534
19435,0.28427136
19436,0.09648742
19437,0.14460164
19438,0.26753494
19439,0.42931268
19440,0.095988855
19441,0.059184317
19442,0.059147157
19443,0.048778664
19444,0.27993482
19445,0.84393257
19446,0.08039548
19447,0.283955
19448,0.02879901
19449,0.060897484
19450,0.04876214
19451,0.057478905
19452,0.045307647
19453,0.045688577
19454,0.08403045
19455,0.49294278
19456,0.2549369
19457,0.0968128
19458,0.26939222
19459,0.14178279
19460,0.27277368
19461,0.533801
19462,0.5273147
19463,0.041950956
19464,0.13099375
19465,0.29140946
19466,0.0926218
19467,0.8998635
19468,0.85408425
19469,0.49530488
19470,0.075309366
19471,0.2404701
19472,0.07153283
19473,0.026296455
19474,0.03336821
19475,0.058918305
19476,0.09520828
19477,0.109976
19478,0.09335996
19479,0.105062604
19480,0.124785796
19481,0.12843147
19482,0.13984057
19483,0.403475
19484,0.42415106
19485,0.038226202
19486,0.058277342
19487,0.5995091
19488,0.057184976
19489,0.07039009
19490,0.7650736
19491,0.8809713
19492,0.50231683
19493,0.079382904
19494,0.026147677
19495,0.0572462
19496,0.40619215
19497,0.03856889
19498,0.026085997
19499,0.030046169
19500,0.06173793
19501,0.034319844
19502,0.07102636
19503,0.077177905
19504,0.062191226
19505,0.06414142
19506,0.48080024
19507,0.07766409
19508,0.12536155
19509,0.13015164
19510,0.096589126
19511,0.09534297
19512,0.067652985
19513,0.5182189
19514,0.4712107
19515,0.08628385
19516,0.116707474
19517,0.08691711
19518,0.086400986
19519,0.93462247
19520,0.8013685
19521,0.59320384
19522,0.07358295
19523,0.075750254
19524,0.062426727
19525,0.2969336
19526,0.09296405
19527,0.09839675
19528,0.046873957
19529,0.04225384
19530,0.022984097
19531,0.07102636
19532,0.045802113
19533,0.06256189
19534,0.06269007
19535,0.4986542
19536,0.5047086
19537,0.30286467
19538,0.13715619
19539,0.11581796
19540,0.098435126
19541,0.10092173
19542,0.09609222
19543,0.06352659
19544,0.060283735
19545,0.11003289
19546,0.11837174
19547,0.08569455
19548,0.09674928
19549,0.03834592
19550,0.83960056
19551,0.8659077
19552,0.7991932
19553,0.059382953
19554,0.061082732
19555,0.26543614
19556,0.05623158
19557,0.4406404
19558,0.11497905
19559,0.03625311
19560,0.051992945
19561,0.029042447
19562,0.061450396
19563,0.06488232
19564,0.8920814
19565,0.8883281
19566,0.12461658
19567,0.14916456
19568,0.10569168
19569,0.16510798
19570,0.13007472
19571,0.5531555
19572,0.2525577
19573,0.06266284
19574,0.08017576
19575,0.082985274
19576,0.09133824
19577,0.10479749
19578,0.07664497
19579,0.26826343
19580,0.27761823
19581,0.17014734
19582,0.061400156
19583,0.07820577
19584,0.062416624
19585,0.25894
19586,0.044467125
19587,0.047158536
19588,0.022048144
19589,0.069370694
19590,0.030846607
19591,0.06683149
19592,0.06462095
19593,0.86163205
19594,0.76003104
19595,0.28273657
19596,0.141021
19597,0.103690065
19598,0.17064473
19599,0.12861092
19600,0.500709
19601,0.06428843
19602,0.06561482
19603,0.07945574
19604,0.073393844
19605,0.10079282
19606,0.09997449
19607,0.26335102
19608,0.85318136
19609,0.5074703
19610,0.16193861
19611,1.0103204
19612,0.07585917
19613,0.06862763
19614,0.058178242
19615,0.27364418
19616,0.043996632
19617,0.053308915
19618,0.2427811
19619,0.032952957
19620,0.015229911
19621,0.06344638
19622,0.078108124
19623,0.25159138
19624,0.5192601
19625,0.25959036
19626,0.6795152
19627,0.55691075
19628,0.16031012
19629,0.15982398
19630,0.5667067
19631,0.09744686
19632,0.10598048
19633,0.063342586
19634,0.060196966
19635,0.50837135
19636,0.2670983
19637,0.038371146
19638,0.50169504
19639,0.5637425
19640,0.051900607
19641,0.088225074
19642,0.07792623
19643,0.060430303
19644,0.04889385
19645,0.013532027
19646,0.02298872
19647,0.057329424
19648,0.092697285
19649,0.12654202
19650,0.12699509
19651,0.68374133
19652,0.6802714
19653,0.5006105
19654,0.5548212
19655,0.5534647
19656,0.12725513
19657,0.050818186
19658,0.06370365
19659,0.06614287
19660,0.26876178
19661,0.09207756
19662,0.041290928
19663,0.06814205
19664,0.064824946
19665,0.054361813
19666,0.040541906
19667,0.0485234
19668,0.09839746
19669,0.057757225
19670,0.060535327
19671,0.042915322
19672,0.038766976
19673,0.018828133
19674,0.021916715
19675,0.08342725
19676,0.10503124
19677,0.12618658
19678,0.24097289
19679,0.15580903
19680,0.5444225
19681,0.7030764
19682,0.7291133
19683,0.28767434
19684,0.07920349
19685,0.05334589
19686,0.06193204
19687,0.060691778
19688,0.08786832
19689,0.034579437
19690,0.03309654
19691,0.8714555
19692,0.051960394
19693,0.05526153
19694,0.08790332
19695,0.07746249
19696,0.06329317
19697,0.09299404
19698,0.07746593
19699,0.052461483
19700,0.025730908
19701,0.014299496
19702,0.082697
19703,0.10483264
19704,0.11777811
19705,0.55324435
19706,0.4831898
19707,0.2757875
19708,0.7274232
19709,0.52921504
19710,0.4579186
19711,0.2616552
19712,0.04810901
19713,0.15215781
19714,0.06592516
19715,0.08916251
19716,0.042537343
19717,0.07255839
19718,0.051154982
19719,0.46755698
19720,0.060363177
19721,0.40960726
19722,0.0767366
19723,0.11707461
19724,0.09189422
19725,0.075026855
19726,0.08365342
19727,0.05466352
19728,0.06458423
19729,0.028784832
19730,0.024800131
19731,0.07165634
19732,0.82497096
19733,0.5516825
19734,0.5599817
19735,0.44239193
19736,0.26582286
19737,0.10545111
19738,0.103884906
19739,0.02618131
19740,0.058856238
19741,0.047872957
19742,0.05641122
19743,0.07244074
19744,0.08209049
19745,0.08313795
19746,0.045783106
19747,0.2824358
19748,0.03992867
19749,0.0458398
19750,0.26810032
19751,0.02199732
19752,0.033555243
19753,0.026597098
19754,0.115232386
19755,0.30578914
19756,0.08904991
19757,0.07732463
19758,0.2590609
19759,0.2633773
19760,0.10555038
19761,0.11054442
19762,0.024862735
19763,0.06546731
19764,0.049069207
19765,0.052154846
19766,0.05436828
19767,0.077410035
19768,0.086249344
19769,0.052031923
19770,0.25671744
19771,0.039956998
19772,0.114004344
19773,0.07527227
19774,0.112651005
19775,0.037163135
19776,0.077397265
19777,0.06935973
19778,0.082955554
19779,0.083080925
19780,0.4858094
19781,0.5157556
19782,0.11778859
19783,0.051263835
19784,0.048447337
19785,0.06765293
19786,0.051647183
19787,0.08406675
19788,0.08441452
19789,0.043979693
19790,0.038725037
19791,0.046839382
19792,0.044554602
19793,0.024391636
19794,0.02368839
19795,0.07592388
19796,0.12679788
19797,0.39480543
19798,0.06801313
19799,0.050929874
19800,0.07736623
19801,0.035139404
19802,0.11080678
19803,0.5019925
19804,0.12024753
19805,0.06165457
19806,0.0625232
19807,0.052666347
19808,0.08778568
19809,0.08502637
19810,0.037480153
19811,0.044350903
19812,0.2656514
19813,0.01868941
19814,0.05179419
19815,0.077888645
19816,0.053777352
19817,0.039453752
19818,0.04501513
19819,0.061203618
19820,0.062409483
19821,0.28823882
19822,0.0486498
19823,0.042140283
19824,0.05006348
19825,0.07506656
19826,0.07086973
19827,0.06893438
19828,0.042758748
19829,0.26833946
19830,0.063896105
19831,0.060738247
19832,0.04558561
19833,0.06597843
19834,0.06360224
19835,0.24613084
19836,0.05748588
19837,0.03270091
19838,0.084038645
19839,0.0621448
19840,0.040711004
19841,0.028568635
19842,0.4599147
19843,0.56932193
19844,0.29006836
19845,0.04267166
19846,0.04615595
19847,0.046810307
19848,0.042827796
19849,0.041894976
19850,0.069108725
19851,0.07717343
19852,0.978565
19853,0.06715907
19854,0.07383455
19855,0.06332761
19856,0.061158102
19857,0.061660863
19858,0.045933533
19859,0.033646494
19860,0.06547322
19861,0.29970482
19862,0.093143925
19863,0.09175455
19864,0.050092164
19865,0.056636572
19866,0.1165235
19867,0.04977015
19868,0.057302486
19869,0.028568635
19870,0.05350969
19871,0.053200033
19872,0.04408045
19873,0.030885588
19874,0.02718615
19875,0.04713769
19876,0.04651401
19877,0.043519553
19878,0.06999347
19879,0.07103174
19880,0.05934613
19881,0.06584343
19882,0.065278664
19883,0.03488189
19884,0.057602037
19885,0.71116453
19886,0.09392068
19887,0.069216035
19888,0.045568958
19889,0.05594618
19890,0.06295302
19891,0.05405966
19892,0.025343278
19893,0.0213706
19894,0.29426354
19895,0.02847775
19896,0.047096994
19897,0.13366643
19898,0.075501926
19899,0.06689587
19900,0.077410035
19901,0.057214282
19902,0.06315074
19903,0.06990893
19904,0.070523605
19905,0.026419902
19906,0.02605133
19907,0.05652285
19908,0.39650613
19909,0.046320245
19910,0.045568958
19911,0.054152627
19912,0.0501272
19913,0.026721124
19914,0.024185846
19915,0.038828768
19916,0.033054274
19917,0.023117026
19918,0.021362245
19919,0.03444898
19920,0.26060966
19921,0.08163149
19922,0.07909317
19923,0.043813016
19924,0.050604902
19925,0.039090283
19926,0.028202191
19927,0.23660126
19928,0.09458453
19929,0.4338962
19930,0.05640197
19931,0.026833061
19932,0.026426269
19933,0.024613297
19934,0.04280201
19935,0.04784537
19936,0.025096439
19937,0.02649426
19938,0.015007645
19939,0.021198342
19940,0.03445139
19941,0.07495295
19942,0.07445503
19943,0.082115404
19944,0.050403245
19945,0.2785157
19946,0.021426274
19947,0.021956587
19948,0.05041051
19949,0.028762968
19950,0.03443072
19951,0.025096439
19952,0.042824585
19953,0.017514663
19954,0.0521444
19955,0.084573664
19956,0.08518577
19957,0.04415338
19958,0.027948022
19959,0.058261596
19960,0.052215535
19961,0.063162446
19962,0.054056115
19963,0.015406914
19964,0.017423894
19965,0.030025013
19966,0.03522632
19967,0.040846184
19968,0.03912969
19969,0.016900968
19970,0.009743595
19971,0.055710513
19972,0.08439135
19973,0.053327035
19974,0.27348968
19975,0.037533484
19976,0.057830483
19977,0.031215968
19978,0.04066585
19979,0.00705511
19980,0.017776
19981,0.040865038
19982,0.023135414
19983,0.06548026
19984,0.09053241
19985,0.064979725
19986,0.039225455
19987,0.035061028
19988,0.048588965
19989,0.028150063
19990,0.02504089
19991,0.020305412
19992,0.043064367
19993,0.021113325
19994,0.022319807
19995,0.02492764
19996,0.020728854
19997,0.044251774
19998,0.082233325
19999,0.12216696
20000,0.019971471
20001,0.0214461
20002,0.02155852
20003,0.026345916
20004,0.014206649
20005,0.024456328
20006,0.026543802
20007,0.018704731
20008,0.03667648
20009,0.03667648
20010,0.08470208
20011,0.08654978
20012,0.08016943
20013,0.077344365
20014,0.119110666
20015,0.027560884
20016,0.027212027
20017,0.033423368
20018,0.031804837
20019,0.020949082
20020,0.08306057
20021,0.06768937
20022,0.0872447
20023,0.057928875
20024,0.06326689
20025,0.08590113
20026,0.06303658
20027,0.08188618
20028,0.09514116
20029,0.055236336
20030,0.26468503
20031,0.30453786
20032,0.504504
20033,0.08209034
20034,0.27173388
20035,0.058466673
20036,0.053791955
20037,0.028673349
20038,0.031439025
20039,0.05735215
20040,0.053980906
20041,0.5643611
20042,0.11604409
20043,0.060043063
20044,0.0631162
20045,0.053589676
20046,0.05312464
20047,0.03312859
20048,0.038679413
20049,0.036336217
20050,0.06493725
20051,0.06290742
20052,0.43415672
20053,0.3986183
20054,0.059547752
20055,0.060764983
20056,0.25904486
20057,0.03328447
20058,0.028609378
20059,0.0370932
20060,0.056286
20061,0.057448503
20062,0.36142918
20063,0.095264666
20064,0.09384389
20065,0.55953217
20066,0.48285964
20067,0.048242606
20068,0.26540154
20069,0.06453731
20070,0.04132245
20071,0.034526546
20072,0.06540491
20073,0.07964371
20074,0.10525089
20075,0.06572724
20076,0.08294283
20077,0.07230199
20078,0.46778405
20079,0.061255205
20080,0.052221492
20081,0.042238243
20082,0.06451406
20083,0.07586539
20084,0.035364363
20085,0.07649303
20086,0.07925448
20087,0.08139848
20088,0.27030274
20089,0.06891507
20090,0.07031128
20091,0.05591947
20092,0.044091288
20093,0.03090658
20094,0.07235567
20095,0.46781892
20096,0.067921184
20097,0.06388455
20098,0.27892208
20099,0.45333174
20100,0.044504162
20101,0.055246796
20102,0.05199935
20103,0.039647393
20104,0.043325193
20105,0.027272075
20106,0.067597635
20107,0.05018936
20108,0.06715873
20109,0.0895671
20110,0.08529607
20111,0.29015136
20112,0.44491276
20113,0.24658236
20114,0.045155905
20115,0.07270678
20116,0.048284445
20117,0.060203046
20118,0.2713663
20119,0.033095628
20120,0.059742324
20121,0.059742324
20122,0.29327822
20123,0.27965286
20124,0.043548003
20125,0.046661705
20126,0.04450069
20127,0.043666925
20128,0.07097614
20129,0.07670759
20130,0.033047672
20131,0.060552236
20132,0.085046336
20133,0.07440968
20134,0.05388761
20135,0.05337367
20136,0.03147948
20137,0.025417639
20138,0.030179111
20139,0.02319205
20140,0.07560381
20141,0.07353271
20142,0.29738143
20143,0.063667
20144,0.094762065
20145,0.04849701
20146,0.04594562
20147,0.03629772
20148,0.031400237
20149,0.06563556
20150,0.046784326
20151,0.042168982
20152,0.07226815
20153,0.30438128
20154,0.067263186
20155,0.064889684
20156,0.06794834
20157,0.06960759
20158,0.052423447
20159,0.08263814
20160,0.053373028
20161,0.050524894
20162,0.02642726
20163,0.021777293
20164,0.014567069
20165,0.05617551
20166,0.06519292
20167,0.07864182
20168,0.2940368
20169,0.27216414
20170,0.27766648
20171,0.056374323
20172,0.052413072
20173,0.03561097
20174,0.0426787
20175,0.04082292
20176,0.047532417
20177,0.075580895
20178,0.06995707
20179,0.4876536
20180,0.062268082
20181,0.06663463
20182,0.07658659
20183,0.046225835
20184,0.050452784
20185,0.02665194
20186,0.033776626
20187,0.052189216
20188,0.052515857
20189,0.018887822
20190,0.0405802
20191,0.042869516
20192,0.05540212
20193,0.07638632
20194,0.11384261
20195,0.117877275
20196,0.47687712
20197,0.51216215
20198,0.2626034
20199,0.070789665
20200,0.07487286
20201,0.07804181
20202,0.073659115
20203,0.038004693
20204,0.03755672
20205,0.03705889
20206,0.06656421
20207,0.072302654
20208,0.061080106
20209,0.05698096
20210,0.067991614
20211,0.05864288
20212,0.07766463
20213,0.053961936
20214,0.032523792
20215,0.043758422
20216,0.049796507
20217,0.038808852
20218,0.045304667
20219,0.048924915
20220,0.018264128
20221,0.055323306
20222,0.04326343
20223,0.086795434
20224,0.07797641
20225,0.11474962
20226,0.12408361
20227,0.16131988
20228,0.27275056
20229,0.24285787
20230,0.07961645
20231,0.07474775
20232,0.06835694
20233,0.03749568
20234,0.041656416
20235,0.060846023
20236,0.062052097
20237,0.056066927
20238,0.053651456
20239,0.05312947
20240,0.029101852
20241,0.05477708
20242,0.03422493
20243,0.053187665
20244,0.034351014
20245,0.03519889
20246,0.037152767
20247,0.0719313
20248,0.07674206
20249,0.13694282
20250,0.3004783
20251,0.10832432
20252,0.26172757
20253,0.07932629
20254,0.09586959
20255,0.07680516
20256,0.07438123
20257,0.06864245
20258,0.06826648
20259,0.27411163
20260,0.050281364
20261,0.074417405
20262,0.04871731
20263,0.08075451
20264,0.048188347
20265,0.033710264
20266,0.034055598
20267,0.035165206
20268,0.28924498
20269,0.07610138
20270,0.083295904
20271,0.14599943
20272,0.5690985
20273,0.110221475
20274,0.07671727
20275,0.46503356
20276,0.100280516
20277,0.2535832
20278,0.07866676
20279,0.06765045
20280,0.025604712
20281,0.039715033
20282,0.035513896
20283,0.06792683
20284,0.068263926
20285,0.07497152
20286,0.07497152
20287,0.27490845
20288,0.08156106
20289,0.051032912
20290,0.030937199
20291,0.036494587
20292,0.041197833
20293,0.13018584
20294,0.13242394
20295,0.09429345
20296,0.08902889
20297,0.26046205
20298,0.09664293
20299,0.10252139
20300,0.1437451
20301,0.272513
20302,0.55328023
20303,0.10835089
20304,0.055678923
20305,0.048447967
20306,0.066153966
20307,0.08136273
20308,0.79266536
20309,0.07942249
20310,0.077406
20311,0.42478052
20312,0.26848006
20313,0.025275882
20314,0.11533298
20315,0.03313657
20316,0.04493126
20317,0.05259613
20318,0.25778028
20319,0.5269245
20320,0.10017981
20321,0.10706907
20322,0.26235896
20323,0.09289812
20324,0.14139721
20325,0.27183473
20326,0.46782508
20327,0.09977021
20328,0.058145262
20329,0.046272725
20330,0.05661413
20331,0.3031125
20332,0.8316968
20333,0.08431876
20334,0.082555205
20335,0.27296913
20336,0.037926517
20337,0.06260369
20338,0.027203012
20339,0.05447028
20340,0.04884716
20341,0.041878637
20342,0.042813018
20343,0.5329537
20344,0.24672247
20345,0.084647134
20346,0.14183204
20347,0.1315867
20348,0.2682334
20349,0.4491142
20350,0.45517683
20351,0.036960255
20352,0.13130972
20353,0.2920078
20354,0.07852237
20355,0.8422534
20356,0.9137553
20357,0.47366333
20358,0.085986406
20359,0.0770581
20360,0.24242224
20361,0.058994655
20362,0.06828527
20363,0.032461416
20364,0.055947367
20365,0.022861889
20366,0.034273665
20367,0.093312845
20368,0.1096472
20369,0.085243404
20370,0.0940096
20371,0.12385525
20372,0.12899697
20373,0.13882037
20374,0.5309492
20375,0.28158632
20376,0.038046636
20377,0.05793463
20378,0.14058715
20379,0.056917965
20380,0.10178525
20381,0.8011555
20382,0.545161
20383,0.5227565
20384,0.07710799
20385,0.06839572
20386,0.41525096
20387,0.03207549
20388,0.026142223
20389,0.020298587
20390,0.024309577
20391,0.077578954
20392,0.0747378
20393,0.06443292
20394,0.053783152
20395,0.48161387
20396,0.080862835
20397,0.12081972
20398,0.12919626
20399,0.09637881
20400,0.10315021
20401,0.07608481
20402,0.56438863
20403,0.59843016
20404,0.0830724
20405,0.11446861
20406,0.08833869
20407,0.0870626
20408,0.95349175
20409,0.9035498
20410,0.8192676
20411,0.06719808
20412,0.07624011
20413,0.07587501
20414,0.3946009
20415,0.091139406
20416,0.27751562
20417,0.046078216
20418,0.046844725
20419,0.03150834
20420,0.08835712
20421,0.066432714
20422,0.064786956
20423,0.061815605
20424,0.5347276
20425,0.53544766
20426,0.25657386
20427,0.12562007
20428,0.09961879
20429,0.106427304
20430,0.10907854
20431,0.10181283
20432,0.06677395
20433,0.11599817
20434,0.117458805
20435,0.08587246
20436,0.26798496
20437,0.04199041
20438,0.83435774
20439,0.82113343
20440,0.7310917
20441,0.060454626
20442,0.06413519
20443,0.2670746
20444,0.058990564
20445,0.4784219
20446,0.105347656
20447,0.037599005
20448,0.05142875
20449,0.011677921
20450,0.062232696
20451,0.063290276
20452,0.82926124
20453,0.83196044
20454,0.12387311
20455,0.1442831
20456,0.1059333
20457,0.2702992
20458,0.109935954
20459,0.56421864
20460,0.2622268
20461,0.06420482
20462,0.08361219
20463,0.07631358
20464,0.10211847
20465,0.10442615
20466,0.087857865
20467,0.26914877
20468,0.29604793
20469,0.16121732
20470,0.059439555
20471,0.07195385
20472,0.077752784
20473,0.05895889
20474,0.109964095
20475,0.045537688
20476,0.049687468
20477,0.026170831
20478,0.050328657
20479,0.029245054
20480,0.062209263
20481,0.062333435
20482,0.85564315
20483,0.7532523
20484,0.51455384
20485,0.26767886
20486,0.098577395
20487,0.17132953
20488,0.12895148
20489,0.42956433
20490,0.050371487
20491,0.081355676
20492,0.07694634
20493,0.10110123
20494,0.09911226
20495,0.073739775
20496,0.28747964
20497,0.4150766
20498,0.15926445
20499,1.0302113
20500,0.07230486
20501,0.08540446
20502,0.05994567
20503,0.25917011
20504,0.05417759
20505,0.048006035
20506,0.24009863
20507,0.028106634
20508,0.017404081
20509,0.05928611
20510,0.07992791
20511,0.10043013
20512,0.5344242
20513,0.25976488
20514,0.6960792
20515,0.2995529
20516,0.16128835
20517,0.16360712
20518,0.63766515
20519,0.2759942
20520,0.064725526
20521,0.0661317
20522,0.5008174
20523,0.08380162
20524,0.04141294
20525,0.49313045
20526,0.26323846
20527,0.04751343
20528,0.046440326
20529,0.08832765
20530,0.07142576
20531,0.06636158
20532,0.015729498
20533,0.03958203
20534,0.060989987
20535,0.079430565
20536,0.12582567
20537,0.12700273
20538,0.62251335
20539,0.7087397
20540,0.5719152
20541,0.5545885
20542,0.6052389
20543,0.123260595
20544,0.043583423
20545,0.05962471
20546,0.05915334
20547,0.16299538
20548,0.08973679
20549,0.04188681
20550,0.07264112
20551,0.06409792
20552,0.04421757
20553,0.054365646
20554,0.04447369
20555,0.09148132
20556,0.058692575
20557,0.04677931
20558,0.025170097
20559,0.010305274
20560,0.07968446
20561,0.10606009
20562,0.11924465
20563,0.5216699
20564,0.26172927
20565,0.5257765
20566,0.7572258
20567,0.7400241
20568,0.2952531
20569,0.08503785
20570,0.052247807
20571,0.06719293
20572,0.06132776
20573,0.09156484
20574,0.042936865
20575,0.03876871
20576,0.07492589
20577,0.869375
20578,0.050801817
20579,0.058259033
20580,0.086041726
20581,0.078676656
20582,0.06289412
20583,0.1872582
20584,0.08605847
20585,0.074997246
20586,0.05899069
20587,0.023145653
20588,0.008252641
20589,0.09395099
20590,0.1088238
20591,0.12261353
20592,0.5429961
20593,0.50456667
20594,0.29306895
20595,0.64738566
20596,0.5222825
20597,0.46692058
20598,0.254764
20599,0.062654085
20600,0.06491369
20601,0.091739744
20602,0.039100084
20603,0.041487385
20604,0.0606984
20605,0.04988959
20606,0.5411377
20607,0.055983167
20608,0.4969295
20609,0.07281256
20610,0.108812824
20611,0.09490603
20612,0.08185796
20613,0.08194253
20614,0.06665424
20615,0.031229839
20616,0.024681514
20617,0.0766177
20618,0.8988021
20619,0.57217175
20620,0.5786484
20621,0.2379732
20622,0.5172103
20623,0.105459526
20624,0.10415127
20625,0.032523207
20626,0.050019518
20627,0.06349199
20628,0.07996397
20629,0.083421595
20630,0.081461884
20631,0.05422997
20632,0.47175992
20633,0.04341498
20634,0.045746174
20635,0.042670146
20636,0.46485284
20637,0.020991143
20638,0.025133282
20639,0.026720293
20640,0.114700325
20641,0.63429713
20642,0.07697434
20643,0.07551586
20644,0.26235157
20645,0.26452672
20646,0.107555985
20647,0.110239014
20648,0.027262395
20649,0.068107404
20650,0.046478722
20651,0.052186403
20652,0.06256092
20653,0.07970547
20654,0.086974315
20655,0.04440051
20656,0.042883612
20657,0.048114534
20658,0.037388302
20659,0.115160815
20660,0.024260024
20661,0.07468638
20662,0.1133508
20663,0.03327485
20664,0.077017516
20665,0.063996695
20666,0.08353276
20667,0.082781285
20668,0.49619925
20669,0.5074502
20670,0.119240716
20671,0.028110012
20672,0.050783228
20673,0.061456107
20674,0.05313867
20675,0.08567197
20676,0.08610757
20677,0.046701152
20678,0.043672666
20679,0.04713383
20680,0.04311452
20681,0.044453632
20682,0.032280803
20683,0.06853971
20684,0.11264397
20685,0.4393225
20686,0.082735464
20687,0.063977376
20688,0.26677
20689,0.05164645
20690,0.10987532
20691,0.540856
20692,0.113804325
20693,0.024734817
20694,0.075449385
20695,0.057294443
20696,0.04916775
20697,0.05185108
20698,0.08357604
20699,0.08178442
20700,0.04366244
20701,0.043887008
20702,0.2658447
20703,0.042796385
20704,0.0260023
20705,0.03747796
20706,0.08546971
20707,0.056354873
20708,0.0415181
20709,0.036506187
20710,0.05649753
20711,0.048245903
20712,0.28277296
20713,0.04296653
20714,0.036315918
20715,0.045463957
20716,0.04938727
20717,0.071382806
20718,0.075712435
20719,0.2646618
20720,0.04507589
20721,0.26216337
20722,0.05770907
20723,0.06713778
20724,0.0455557
20725,0.060647417
20726,0.06546144
20727,0.06505393
20728,0.08800835
20729,0.054874845
20730,0.059268493
20731,0.036107328
20732,0.08626092
20733,0.05415192
20734,0.04062537
20735,0.52045065
20736,0.5376833
20737,0.10871748
20738,0.04758252
20739,0.03314724
20740,0.055589773
20741,0.04379498
20742,0.041135196
20743,0.0419886
20744,0.08332415
20745,0.070935115
20746,0.89464194
20747,0.0663056
20748,0.07699466
20749,0.064456925
20750,0.057591915
20751,0.051487055
20752,0.032850005
20753,0.07293061
20754,0.8258655
20755,0.09222822
20756,0.08947114
20757,0.050716158
20758,0.06172291
20759,0.0877257
20760,0.05083658
20761,0.07232909
20762,0.019775342
20763,0.052378442
20764,0.047605522
20765,0.025973734
20766,0.031642172
20767,0.045244515
20768,0.052660946
20769,0.033073276
20770,0.07567035
20771,0.06263056
20772,0.07124862
20773,0.07846059
20774,0.065466315
20775,0.06361025
20776,0.06820464
20777,0.033340137
20778,0.06617305
20779,0.7862938
20780,0.09525581
20781,0.04732975
20782,0.057942074
20783,0.055528246
20784,0.056251615
20785,0.0190181
20786,0.028495584
20787,0.6114403
20788,0.03268224
20789,0.04115701
20790,0.041822784
20791,0.07269703
20792,0.08011976
20793,0.061753288
20794,0.055939846
20795,0.06422474
20796,0.06602081
20797,0.041435037
20798,0.06803774
20799,0.43163136
20800,0.050730646
20801,0.053425517
20802,0.056779373
20803,0.052967038
20804,0.017643617
20805,0.023764791
20806,0.051929314
20807,0.029640077
20808,0.018684063
20809,0.026168603
20810,0.020911762
20811,0.030649386
20812,0.2565026
20813,0.07662944
20814,0.08368177
20815,0.046866644
20816,0.05032689
20817,0.028610505
20818,0.032592427
20819,0.23802257
20820,0.29307956
20821,0.50739616
20822,0.03319385
20823,0.019768087
20824,0.019473555
20825,0.038288333
20826,0.03191518
20827,0.029651325
20828,0.018110465
20829,0.021912271
20830,0.013798457
20831,0.015215208
20832,0.040849987
20833,0.07886695
20834,0.077937245
20835,0.0765645
20836,0.03680199
20837,0.056181937
20838,0.12157513
20839,0.2767206
20840,0.028697858
20841,0.019248247
20842,0.017053524
20843,0.02394036
20844,0.05004335
20845,0.04312807
20846,0.032308027
20847,0.035586376
20848,0.04797174
20849,0.031076627
20850,0.055604428
20851,0.04686832
20852,0.053522322
20853,0.028697317
20854,0.02206386
20855,0.015682591
20856,0.0344867
20857,0.042309497
20858,0.04922861
20859,0.036815114
20860,0.024776619
20861,0.04669915
20862,0.07795905
20863,0.05993688
20864,0.047638677
20865,0.40551502
20866,0.047916967
20867,0.031590924
20868,0.026751665
20869,0.026080312
20870,0.015416144
20871,0.037627712
20872,0.025541974
20873,0.0488368
20874,0.08752358
20875,0.06848138
20876,0.05166978
20877,0.04392298
20878,0.03340531
20879,0.023637978
20880,0.014956949
20881,0.0130797895
20882,0.017942341
20883,0.022043737
20884,0.021478057
20885,0.05999175
20886,0.07940572
20887,0.07572144
20888,0.03110536
20889,0.11695171
20890,0.023489088
20891,0.0182174
20892,0.021050883
20893,0.012408627
20894,0.021476565
20895,0.022856865
20896,0.023290072
20897,0.030073993
20898,0.019464197
20899,0.039651126
20900,0.08637941
20901,0.06269255
20902,0.074481815
20903,0.044444647
20904,0.11063872
20905,0.041218966
20906,0.037094563
20907,0.07377727
20908,0.059961703
20909,0.064286955
20910,0.037747536
20911,0.025701571
20912,0.08869075
20913,0.07417125
20914,0.08129221
20915,0.079392135
20916,0.09504748
20917,0.09869317
20918,0.279975
20919,0.3937319
20920,0.07927472
20921,0.058544006
20922,0.2711587
20923,0.07992734
20924,0.27611092
20925,0.065522246
20926,0.06086848
20927,0.058292467
20928,0.059577953
20929,0.030488335
20930,0.029281527
20931,0.061812248
20932,0.060972083
20933,0.46122566
20934,0.11888113
20935,0.07107473
20936,0.068265
20937,0.058441427
20938,0.025970608
20939,0.02990048
20940,0.032055344
20941,0.024861902
20942,0.061416227
20943,0.05039204
20944,0.41814253
20945,0.41606516
20946,0.077279024
20947,0.06103797
20948,0.06732304
20949,0.4490089
20950,0.03604288
20951,0.029995363
20952,0.05623358
20953,0.11788211
20954,0.4332891
20955,0.110994354
20956,0.092176065
20957,0.4593543
20958,0.056588057
20959,0.39194185
20960,0.050631694
20961,0.5832452
20962,0.06390607
20963,0.037722178
20964,0.036870357
20965,0.06556538
20966,0.07874464
20967,0.103464454
20968,0.096075274
20969,0.0628844
20970,0.06768436
20971,0.39398178
20972,0.05545627
20973,0.053519968
20974,0.03712052
20975,0.063032955
20976,0.06518419
20977,0.037203778
20978,0.05232766
20979,0.051676754
20980,0.07002135
20981,0.08371426
20982,0.27835912
20983,0.06729958
20984,0.067052506
20985,0.07296792
20986,0.10679846
20987,0.05649561
20988,0.043824565
20989,0.42590636
20990,0.05150098
20991,0.07392637
20992,0.068854764
20993,0.41840267
20994,0.053057976
20995,0.05496152
20996,0.039012056
20997,0.038838945
20998,0.02979623
20999,0.026357824
21000,0.062716335
21001,0.049036346
21002,0.058235742
21003,0.08939961
21004,0.08789575
21005,0.0950143
21006,0.28611353
21007,0.23503764
21008,0.041028246
21009,0.0346924
21010,0.05017967
21011,0.04929876
21012,0.25502315
21013,0.07626396
21014,0.03428413
21015,0.0475758
21016,0.046010714
21017,0.09837462
21018,0.08955219
21019,0.47752282
21020,0.04112059
21021,0.04169053
21022,0.04132199
21023,0.042212177
21024,0.07624202
21025,0.07114114
21026,0.030247586
21027,0.05011948
21028,0.05573009
21029,0.07746062
21030,0.07627784
21031,0.049484674
21032,0.04701439
21033,0.046636757
21034,0.028337387
21035,0.017824814
21036,0.026428837
21037,0.018000219
21038,0.07282294
21039,0.0764939
21040,0.29593456
21041,0.05921029
21042,0.095633715
21043,0.043369725
21044,0.05162985
21045,0.03717248
21046,0.043228447
21047,0.069404915
21048,0.043349452
21049,0.046171136
21050,0.07474376
21051,0.4883667
21052,0.06568845
21053,0.06738506
21054,0.09337041
21055,0.0794877
21056,0.043795362
21057,0.04962718
21058,0.07082916
21059,0.047651283
21060,0.049906187
21061,0.02617806
21062,0.027795909
21063,0.022367993
21064,0.06097342
21065,0.27961525
21066,0.07477951
21067,0.2889076
21068,0.28272614
21069,0.539548
21070,0.043727852
21071,0.058404267
21072,0.036259398
21073,0.031565037
21074,0.052744407
21075,0.048438575
21076,0.075964056
21077,0.07414483
21078,0.48761588
21079,0.060032226
21080,0.066627905
21081,0.08017512
21082,0.053616166
21083,0.050728306
21084,0.03851974
21085,0.024667561
21086,0.05220266
21087,0.047922328
21088,0.05149098
21089,0.0259224
21090,0.032708224
21091,0.04501802
21092,0.046892717
21093,0.08583828
21094,0.110642344
21095,0.1125533
21096,0.28759995
21097,0.534866
21098,0.07911556
21099,0.09339326
21100,0.075924695
21101,0.07060796
21102,0.075741366
21103,0.0405633
21104,0.0379752
21105,0.03670579
21106,0.068598785
21107,0.06735527
21108,0.070508696
21109,0.06611023
21110,0.07173384
21111,0.055309
21112,0.07576947
21113,0.05433096
21114,0.027716696
21115,0.2540107
21116,0.05450077
21117,0.03429374
21118,0.046399143
21119,0.04801195
21120,0.04041461
21121,0.035394706
21122,0.07385883
21123,0.07919969
21124,0.112224266
21125,0.11951246
21126,0.2970718
21127,0.29447985
21128,0.0732896
21129,0.08165708
21130,0.07740177
21131,0.068237714
21132,0.037171222
21133,0.035618585
21134,0.08692899
21135,0.06261888
21136,0.054994844
21137,0.05454012
21138,0.064304315
21139,0.05543306
21140,0.030344838
21141,0.052802753
21142,0.03731666
21143,0.034063786
21144,0.031467117
21145,0.036797825
21146,0.032733772
21147,0.08803981
21148,0.067896575
21149,0.12633584
21150,0.5889567
21151,0.10038986
21152,0.12744594
21153,0.08002845
21154,0.09364814
21155,0.07462991
21156,0.07713159
21157,0.069042474
21158,0.07148499
21159,0.08145135
21160,0.05611213
21161,0.072547495
21162,0.051659066
21163,0.07789898
21164,0.047897037
21165,0.047967315
21166,0.032899838
21167,0.03678656
21168,0.028140862
21169,0.28874227
21170,0.07059735
21171,0.0743594
21172,0.14121935
21173,0.63049626
21174,0.10038986
21175,0.08313169
21176,0.52512
21177,0.10100532
21178,0.2640781
21179,0.2856816
21180,0.068326615
21181,0.037626434
21182,0.06771815
21183,0.06543152
21184,0.06628832
21185,0.07799119
21186,0.28019255
21187,0.090322204
21188,0.02799096
21189,0.033225745
21190,0.0343916
21191,0.035080437
21192,0.11904771
21193,0.09196395
21194,0.08600901
21195,0.11705749
21196,0.09643021
21197,0.09994862
21198,0.10630281
21199,0.14811745
21200,0.16737592
21201,0.54776394
21202,0.10741619
21203,0.06665169
21204,0.060398653
21205,0.04651985
21206,0.059575092
21207,0.07773979
21208,0.74901336
21209,0.08494497
21210,0.07565682
21211,0.45187664
21212,0.274751
21213,0.032817643
21214,0.027029542
21215,0.032655157
21216,0.053465817
21217,0.28078023
21218,0.49741176
21219,0.092162184
21220,0.09807495
21221,0.09734114
21222,0.25934246
21223,0.09731472
21224,0.14067426
21225,0.17185117
21226,0.46666685
21227,0.099639505
21228,0.054634698
21229,0.061707698
21230,0.05860004
21231,0.28634387
21232,0.84994566
21233,0.09057031
21234,0.08178023
21235,0.53221977
21236,0.031427804
21237,0.034367103
21238,0.07646605
21239,0.055822417
21240,0.052130166
21241,0.040428232
21242,0.054900695
21243,0.10076203
21244,0.5592676
21245,0.24156663
21246,0.09724462
21247,0.2598833
21248,0.12825224
21249,0.2592266
21250,0.5256515
21251,0.55107886
21252,0.037735503
21253,0.12835546
21254,0.2740069
21255,0.09775258
21256,0.8391498
21257,0.82670283
21258,0.50567603
21259,0.077803895
21260,0.08079382
21261,0.23365285
21262,0.07655844
21263,0.032670822
21264,0.033485867
21265,0.05854448
21266,0.029383026
21267,0.09150977
21268,0.11700963
21269,0.09567462
21270,0.09731472
21271,0.12581855
21272,0.13755468
21273,0.14057982
21274,0.503098
21275,0.27428192
21276,0.03178318
21277,0.05548282
21278,0.2831049
21279,0.05781316
21280,0.09109425
21281,0.8110925
21282,0.90226233
21283,0.58863735
21284,0.080700226
21285,0.03235936
21286,0.06446508
21287,0.43156618
21288,0.035373855
21289,0.022647798
21290,0.02789733
21291,0.025556332
21292,0.07361279
21293,0.07820235
21294,0.06456963
21295,0.06281173
21296,0.48641616
21297,0.07948708
21298,0.12325323
21299,0.27873632
21300,0.09878173
21301,0.100590065
21302,0.076656446
21303,0.53324014
21304,0.56600785
21305,0.08739379
21306,0.111082286
21307,0.08338348
21308,0.08997909
21309,0.942973
21310,0.93745214
21311,0.72110766
21312,0.06303717
21313,0.072331205
21314,0.07270142
21315,0.42077404
21316,0.09840656
21317,0.45564905
21318,0.05075645
21319,0.035747297
21320,0.031320293
21321,0.07719178
21322,0.0445715
21323,0.065492526
21324,0.060058605
21325,0.49059778
21326,0.49818125
21327,0.2752732
21328,0.12778717
21329,0.10341248
21330,0.10297677
21331,0.10367873
21332,0.10185198
21333,0.2841758
21334,0.29292127
21335,0.115495175
21336,0.089711316
21337,0.1055364
21338,0.037766684
21339,0.8437326
21340,0.911853
21341,0.73269296
21342,0.066993505
21343,0.06532938
21344,0.26631215
21345,0.47885418
21346,0.046635136
21347,0.03331701
21348,0.06310501
21349,0.06207772
21350,0.9091869
21351,0.80040973
21352,0.12701929
21353,0.14418684
21354,0.09692302
21355,0.16940075
21356,0.12619115
21357,0.52421254
21358,0.24417019
21359,0.06390637
21360,0.07327103
21361,0.078075975
21362,0.096080504
21363,0.09691823
21364,0.07392302
21365,0.2538511
21366,0.27974877
21367,0.17331833
21368,0.05803765
21369,0.07360144
21370,0.063018404
21371,0.2600826
21372,0.050865646
21373,0.04879582
21374,0.018396884
21375,0.034602117
21376,0.063355535
21377,0.061732
21378,0.8984115
21379,0.7259653
21380,0.5240509
21381,0.27388027
21382,0.095237166
21383,0.1717364
21384,0.123984836
21385,0.48643032
21386,0.063573934
21387,0.07449421
21388,0.07296115
21389,0.0986804
21390,0.10065467
21391,0.087023795
21392,0.2799319
21393,0.2632707
21394,0.26393932
21395,1.0387105
21396,0.26750234
21397,0.069171414
21398,0.06346208
21399,0.24447441
21400,0.07472451
21401,0.059137866
21402,0.4218877
21403,0.040553153
21404,0.019588808
21405,0.054275155
21406,0.07610645
21407,0.10993725
21408,0.5226093
21409,0.5892368
21410,0.67662704
21411,0.27986673
21412,0.15880965
21413,0.15866964
21414,0.22930138
21415,0.09367558
21416,0.27776283
21417,0.06492899
21418,0.06599673
21419,0.5488057
21420,0.25463834
21421,0.043378107
21422,0.5230942
21423,0.26917306
21424,0.050713886
21425,0.04648019
21426,0.08792179
21427,0.073350735
21428,0.04750892
21429,0.015448824
21430,0.012427174
21431,0.061260633
21432,0.08977867
21433,0.124934345
21434,0.13095409
21435,0.67583966
21436,0.72435
21437,0.5291194
21438,0.53759444
21439,0.59010893
21440,0.12657091
21441,0.09776225
21442,0.054230597
21443,0.06474088
21444,0.06477333
21445,0.28021324
21446,0.08402653
21447,0.038811415
21448,0.07310131
21449,0.062059358
21450,0.0511311
21451,0.051892973
21452,0.09262488
21453,0.063274056
21454,0.063274056
21455,0.044052165
21456,0.053321224
21457,0.01643432
21458,0.0130161755
21459,0.08275916
21460,0.10548409
21461,0.13566428
21462,0.5439916
21463,0.15150203
21464,0.5381143
21465,0.7615688
21466,0.73716235
21467,0.47799137
21468,0.082308285
21469,0.05244819
21470,0.063784525
21471,0.05704536
21472,0.09684671
21473,0.033333734
21474,0.03988752
21475,0.0656512
21476,0.9369951
21477,0.051343456
21478,0.05131613
21479,0.09472247
21480,0.07385211
21481,0.23927036
21482,0.084913306
21483,0.08464356
21484,0.065984525
21485,0.022495631
21486,0.0067370357
21487,0.08110077
21488,0.100738555
21489,0.12024256
21490,0.5411029
21491,0.50058746
21492,0.28367347
21493,0.7488043
21494,0.49994132
21495,0.53194153
21496,0.26322538
21497,0.052383065
21498,0.0596376
21499,0.08903515
21500,0.04342294
21501,0.06475964
21502,0.051170763
21503,0.49036866
21504,0.2806903
21505,0.4144567
21506,0.0726833
21507,0.11287054
21508,0.09603193
21509,0.078880414
21510,0.064262226
21511,0.05884854
21512,0.06214949
21513,0.0287822
21514,0.028757825
21515,0.07016851
21516,0.8467625
21517,0.618249
21518,0.5808094
21519,0.2437311
21520,0.26701227
21521,0.28027776
21522,0.10509694
21523,0.027685665
21524,0.024608389
21525,0.060056143
21526,0.08152956
21527,0.08474176
21528,0.08539227
21529,0.050436758
21530,0.25452718
21531,0.04759087
21532,0.039650097
21533,0.037449084
21534,0.41262576
21535,0.024422968
21536,0.030668715
21537,0.024640549
21538,0.12700814
21539,0.32328683
21540,0.07316759
21541,0.08715327
21542,0.2717261
21543,0.12675284
21544,0.10170394
21545,0.11027452
21546,0.029805658
21547,0.061706245
21548,0.052314103
21549,0.05193862
21550,0.056072462
21551,0.08172447
21552,0.08345064
21553,0.045189396
21554,0.052199125
21555,0.051901463
21556,0.044951424
21557,0.1207917
21558,0.07677542
21559,0.11283603
21560,0.03260013
21561,0.07621969
21562,0.05142647
21563,0.086142674
21564,0.25530767
21565,0.5364632
21566,0.54912925
21567,0.12018125
21568,0.06105462
21569,0.08583479
21570,0.08987411
21571,0.044126995
21572,0.037364013
21573,0.039050177
21574,0.048226666
21575,0.09180306
21576,0.11498614
21577,0.45834368
21578,0.048003644
21579,0.08347385
21580,0.25152075
21581,0.03624776
21582,0.111603566
21583,0.58012325
21584,0.11972099
21585,0.024748607
21586,0.07398395
21587,0.061002325
21588,0.051871635
21589,0.046222776
21590,0.08532417
21591,0.08885837
21592,0.048936304
21593,0.04780285
21594,0.039858673
21595,0.2597304
21596,0.022963386
21597,0.033287484
21598,0.07570777
21599,0.06678781
21600,0.034378257
21601,0.034186855
21602,0.091043696
21603,0.047844887
21604,0.29055944
21605,0.04421736
21606,0.04099738
21607,0.05313655
21608,0.07161228
21609,0.074799664
21610,0.26054144
21611,0.045670442
21612,0.09238607
21613,0.063162416
21614,0.06362949
21615,0.04240719
21616,0.06705912
21617,0.07532537
21618,0.23826092
21619,0.05434607
21620,0.06298374
21621,0.03502569
21622,0.0800593
21623,0.05292796
21624,0.036433157
21625,0.021413788
21626,0.4881214
21627,0.5764867
21628,0.2773696
21629,0.04805933
21630,0.028012069
21631,0.046915416
21632,0.044062696
21633,0.041960083
21634,0.04410538
21635,0.07306157
21636,0.074668996
21637,0.9366581
21638,0.07769942
21639,0.07309246
21640,0.060453102
21641,0.06271918
21642,0.047462337
21643,0.028405938
21644,0.06930962
21645,0.69003385
21646,0.09623661
21647,0.09727468
21648,0.058409825
21649,0.08311153
21650,0.05384394
21651,0.020255806
21652,0.059357226
21653,0.042743374
21654,0.027414996
21655,0.03238718
21656,0.04688206
21657,0.040206745
21658,0.0681767
21659,0.07055132
21660,0.07278662
21661,0.07267397
21662,0.05836746
21663,0.06540825
21664,0.063987546
21665,0.02391221
21666,0.029981706
21667,0.06803458
21668,0.7110252
21669,0.095843345
21670,0.24411096
21671,0.056175116
21672,0.066429384
21673,0.054748707
21674,0.053552356
21675,0.023210509
21676,0.021956002
21677,0.2852139
21678,0.028296404
21679,0.026531992
21680,0.04135205
21681,0.07483554
21682,0.07169974
21683,0.26163837
21684,0.058686145
21685,0.06216015
21686,0.05856218
21687,0.07754027
21688,0.031051157
21689,0.060085356
21690,0.47930166
21691,0.05499452
21692,0.06986125
21693,0.028090563
21694,0.023881832
21695,0.05302783
21696,0.032201044
21697,0.021520935
21698,0.021488056
21699,0.0165629
21700,0.039960507
21701,0.084027566
21702,0.077411614
21703,0.07771251
21704,0.050893784
21705,0.05028528
21706,0.033387594
21707,0.032650143
21708,0.2252881
21709,0.1342712
21710,0.28370133
21711,0.035369854
21712,0.024216495
21713,0.030474946
21714,0.022420445
21715,0.03267666
21716,0.0444092
21717,0.033364717
21718,0.03546395
21719,0.026067795
21720,0.041633934
21721,0.08580467
21722,0.08131242
21723,0.08073178
21724,0.031854816
21725,0.025682125
21726,0.059955623
21727,0.47872007
21728,0.06414424
21729,0.03445921
21730,0.04678036
21731,0.02525429
21732,0.017976517
21733,0.037237056
21734,0.03619942
21735,0.027428655
21736,0.027813677
21737,0.030568246
21738,0.038550373
21739,0.018519422
21740,0.019398797
21741,0.051399276
21742,0.032438852
21743,0.10338376
21744,0.05564332
21745,0.037249204
21746,0.016337555
21747,0.011087125
21748,0.037944485
21749,0.03699253
21750,0.040817473
21751,0.035892013
21752,0.02001694
21753,0.050818518
21754,0.08507545
21755,0.0796295
21756,0.026822159
21757,0.06426305
21758,0.4607164
21759,0.041114233
21760,0.05233978
21761,0.031702403
21762,0.030170063
21763,0.014711581
21764,0.03752368
21765,0.024199424
21766,0.046848834
21767,0.053173248
21768,0.07384549
21769,0.06395669
21770,0.043837443
21771,0.036777858
21772,0.04191518
21773,0.015235747
21774,0.016085189
21775,0.028523533
21776,0.021752303
21777,0.017878028
21778,0.024643952
21779,0.019916924
21780,0.05008589
21781,0.09162872
21782,0.03722484
21783,0.0977131
21784,0.01869992
21785,0.020210827
21786,0.023281518
21787,0.020438071
21788,0.02053128
21789,0.019832402
21790,0.021698372
21791,0.02291704
21792,0.019443342
21793,0.04014546
21794,0.041569468
21795,0.09737062
21796,0.09196082
21797,0.062310845
21798,0.102298126
21799,0.021086507
21800,0.049202893
21801,0.031223997
21802,0.041784167
21803,0.07990938
21804,0.06134625
21805,0.02073047
21806,0.06377476
21807,0.05891859
21808,0.07447298
21809,0.05990182
21810,0.06229479
21811,0.068881236
21812,0.04665316
21813,0.08654601
21814,0.2808549
21815,0.461655
21816,0.06703672
21817,0.056643024
21818,0.29531452
21819,0.04481662
21820,0.27915174
21821,0.08042709
21822,0.28273755
21823,0.06527108
21824,0.06106769
21825,0.032450527
21826,0.038717035
21827,0.24595536
21828,0.075263165
21829,0.4753868
21830,0.11242302
21831,0.06548049
21832,0.056386802
21833,0.029961908
21834,0.058401693
21835,0.058951534
21836,0.42997888
21837,0.38552788
21838,0.06527108
21839,0.06994481
21840,0.05649883
21841,0.059892103
21842,0.03531068
21843,0.032796048
21844,0.06610019
21845,0.053713765
21846,0.110368654
21847,0.36749873
21848,0.115654305
21849,0.29669222
21850,0.5006175
21851,0.0656782
21852,0.41425902
21853,0.054708846
21854,0.2736867
21855,0.06554169
21856,0.037962247
21857,0.038822368
21858,0.07052902
21859,0.29347584
21860,0.11315009
21861,0.06038845
21862,0.06749296
21863,0.06710843
21864,0.45976308
21865,0.059762944
21866,0.041279472
21867,0.06490424
21868,0.06412664
21869,0.041251723
21870,0.061366007
21871,0.053713765
21872,0.08020152
21873,0.08041697
21874,0.27689764
21875,0.05375511
21876,0.083732516
21877,0.06327692
21878,0.06034305
21879,0.053737935
21880,0.044440795
21881,0.2938759
21882,0.06569107
21883,0.06431917
21884,0.06931176
21885,0.27758953
21886,0.46880686
21887,0.0542339
21888,0.056698117
21889,0.048248485
21890,0.042519413
21891,0.031226968
21892,0.029417185
21893,0.06717805
21894,0.0502277
21895,0.098199636
21896,0.087287515
21897,0.286932
21898,0.28373975
21899,0.046304904
21900,0.51132977
21901,0.045216255
21902,0.07985576
21903,0.03195033
21904,0.055507384
21905,0.046811078
21906,0.265756
21907,0.09321951
21908,0.026788738
21909,0.045367897
21910,0.054206282
21911,0.08590782
21912,0.08294263
21913,0.47609383
21914,0.045172352
21915,0.04211775
21916,0.04069507
21917,0.04432758
21918,0.07535655
21919,0.07753446
21920,0.02712209
21921,0.045156024
21922,0.06947435
21923,0.07266239
21924,0.05096171
21925,0.04919186
21926,0.035886403
21927,0.029275434
21928,0.024252797
21929,0.01619399
21930,0.076716304
21931,0.07317491
21932,0.29856673
21933,0.06513456
21934,0.09663716
21935,0.049569305
21936,0.05911538
21937,0.035385463
21938,0.039216455
21939,0.06781507
21940,0.04399859
21941,0.050018284
21942,0.077140346
21943,0.27456263
21944,0.062115133
21945,0.06757005
21946,0.070887156
21947,0.075573556
21948,0.04969871
21949,0.04807447
21950,0.0746332
21951,0.04811933
21952,0.25655574
21953,0.024693832
21954,0.020983355
21955,0.014699922
21956,0.059864465
21957,0.2786737
21958,0.06607688
21959,0.44630802
21960,0.29138842
21961,0.55087906
21962,0.0486531
21963,0.044483844
21964,0.037555676
21965,0.025161892
21966,0.04236175
21967,0.0410806
21968,0.076255366
21969,0.07312734
21970,0.4837482
21971,0.06397005
21972,0.06569387
21973,0.07283547
21974,0.04577219
21975,0.049557872
21976,0.029083895
21977,0.031423077
21978,0.049073275
21979,0.022385582
21980,0.05328526
21981,0.034245227
21982,0.05086414
21983,0.28990784
21984,0.10811235
21985,0.108599715
21986,0.47505975
21987,0.49861616
21988,0.089701466
21989,0.07590719
21990,0.07560616
21991,0.07327758
21992,0.039301954
21993,0.16251643
21994,0.072864644
21995,0.055404592
21996,0.06227719
21997,0.07194364
21998,0.044448588
21999,0.07684435
22000,0.04620058
22001,0.04885632
22002,0.05323201
22003,0.024519263
22004,0.038340647
22005,0.044207465
22006,0.08187528
22007,0.081133455
22008,0.11269146
22009,0.13346697
22010,0.29728466
22011,0.2875679
22012,0.25302997
22013,0.084844925
22014,0.078162484
22015,0.089388795
22016,0.06150783
22017,0.067215554
22018,0.07030199
22019,0.060282223
22020,0.060470726
22021,0.056546237
22022,0.054455426
22023,0.056015715
22024,0.054694314
22025,0.031844746
22026,0.04516313
22027,0.033307914
22028,0.04703536
22029,0.03560103
22030,0.0365741
22031,0.078282855
22032,0.07755188
22033,0.13160908
22034,0.5765573
22035,0.112314805
22036,0.117640704
22037,0.08860223
22038,0.10550421
22039,0.079043314
22040,0.07762316
22041,0.070843525
22042,0.0763647
22043,0.07904734
22044,0.052955505
22045,0.073654376
22046,0.04984238
22047,0.08594077
22048,0.050940394
22049,0.042849362
22050,0.03551665
22051,0.042869654
22052,0.086915344
22053,0.08826154
22054,0.1260938
22055,0.567457
22056,0.10806443
22057,0.074352115
22058,0.45588678
22059,0.09773507
22060,0.075891286
22061,0.2873583
22062,0.060986135
22063,0.032823574
22064,0.03629051
22065,0.038292564
22066,0.0687685
22067,0.066627055
22068,0.07219192
22069,0.07221819
22070,0.28048825
22071,0.08286568
22072,0.037312545
22073,0.044487167
22074,0.024436258
22075,0.042478014
22076,0.046961464
22077,0.13194126
22078,0.10579001
22079,0.08035828
22080,0.09693242
22081,0.10275145
22082,0.098089114
22083,0.10565755
22084,0.14627463
22085,0.17068793
22086,0.5414696
22087,0.1101172
22088,0.06152832
22089,0.05296234
22090,0.048440512
22091,0.08719275
22092,0.73635757
22093,0.078754455
22094,0.08110112
22095,0.5035518
22096,0.26820102
22097,0.033014238
22098,0.044300467
22099,0.056919742
22100,0.25767115
22101,0.5672866
22102,0.11823234
22103,0.0898545
22104,0.10425189
22105,0.097549826
22106,0.09385964
22107,0.14518583
22108,0.1685607
22109,0.48629254
22110,0.09597849
22111,0.052006524
22112,0.056239583
22113,0.047793105
22114,0.28411633
22115,0.8460514
22116,0.08147643
22117,0.07613937
22118,0.40365693
22119,0.034748547
22120,0.031437013
22121,0.26427385
22122,0.051530264
22123,0.053545706
22124,0.05009786
22125,0.045351624
22126,0.086938724
22127,0.48289162
22128,0.54816735
22129,0.089808986
22130,0.27263215
22131,0.12639028
22132,0.1405578
22133,0.52750015
22134,0.5325608
22135,0.037992503
22136,0.13145527
22137,0.28112996
22138,0.09321365
22139,0.8168845
22140,0.30101785
22141,0.53281987
22142,0.07696131
22143,0.0768562
22144,0.06771914
22145,0.07545391
22146,0.03889942
22147,0.03418932
22148,0.059147973
22149,0.06907053
22150,0.04639478
22151,0.08630882
22152,0.12351698
22153,0.24179745
22154,0.11196346
22155,0.1200781
22156,0.122933276
22157,0.13921596
22158,0.5418567
22159,0.27457908
22160,0.058582313
22161,0.28503907
22162,0.05520877
22163,0.09088577
22164,0.7706618
22165,0.8615049
22166,0.5470691
22167,0.028284831
22168,0.07484658
22169,0.40392634
22170,0.032813787
22171,0.021635728
22172,0.035472684
22173,0.07728286
22174,0.09233729
22175,0.06454946
22176,0.077009685
22177,0.48494777
22178,0.07436321
22179,0.122196585
22180,0.29532236
22181,0.09104195
22182,0.0962325
22183,0.08274639
22184,0.54470295
22185,0.29097638
22186,0.0878541
22187,0.113196515
22188,0.08547686
22189,0.08974201
22190,0.9652009
22191,0.9559481
22192,0.73079485
22193,0.06304562
22194,0.08053313
22195,0.06141822
22196,0.40828207
22197,0.093267195
22198,0.26785725
22199,0.05386649
22200,0.043256696
22201,0.023104526
22202,0.085832246
22203,0.046758022
22204,0.06388383
22205,0.06234141
22206,0.49070728
22207,0.4856322
22208,0.2809793
22209,0.12260977
22210,0.09805153
22211,0.09794671
22212,0.103012584
22213,0.10665621
22214,0.064695224
22215,0.06585151
22216,0.11403358
22217,0.11640376
22218,0.086027056
22219,0.10304689
22220,0.8383977
22221,0.85529274
22222,0.7202793
22223,0.061645404
22224,0.06342949
22225,0.26651046
22226,0.07269505
22227,0.40252408
22228,0.044696104
22229,0.027565138
22230,0.06527921
22231,0.06583491
22232,0.9063051
22233,0.8348909
22234,0.12873943
22235,0.14537457
22236,0.104990646
22237,0.17206025
22238,0.12605456
22239,0.5728633
22240,0.26078925
22241,0.063273534
22242,0.07949056
22243,0.07556819
22244,0.09210991
22245,0.101103134
22246,0.08270078
22247,0.84706724
22248,0.50294256
22249,0.26352617
22250,0.0658432
22251,0.07393636
22252,0.074396335
22253,0.052821226
22254,0.10339839
22255,0.046815168
22256,0.049297933
22257,0.019848809
22258,0.0626114
22259,0.07513857
22260,0.85800415
22261,0.7157483
22262,0.29080054
22263,0.2600023
22264,0.10326008
22265,0.17675735
22266,0.25774398
22267,0.5599039
22268,0.071440436
22269,0.07822903
22270,0.07985838
22271,0.09442531
22272,0.09419262
22273,0.074922726
22274,0.28173757
22275,0.2729761
22276,0.16015643
22277,0.9920015
22278,0.06988742
22279,0.06955111
22280,0.05878965
22281,0.10183761
22282,0.046061903
22283,0.051749658
22284,0.24242081
22285,0.030660816
22286,0.015227036
22287,0.068129614
22288,0.058345467
22289,0.10287253
22290,0.5374411
22291,0.26888776
22292,0.6672356
22293,0.28053397
22294,0.18302909
22295,0.15759122
22296,0.5039368
22297,0.081757754
22298,0.09702892
22299,0.2705722
22300,0.061323397
22301,0.05884073
22302,0.50448924
22303,0.2611135
22304,0.040648032
22305,0.52667326
22306,0.52314717
22307,0.048586883
22308,0.101260446
22309,0.07209437
22310,0.074084654
22311,0.03679918
22312,0.0121785365
22313,0.01468119
22314,0.059152853
22315,0.07924755
22316,0.13815422
22317,0.12999599
22318,0.6638869
22319,0.65959877
22320,0.5559136
22321,0.5693241
22322,0.6182592
22323,0.12315287
22324,0.047839124
22325,0.07718952
22326,0.058486696
22327,0.27310565
22328,0.09095046
22329,0.040720925
22330,0.06907415
22331,0.06190179
22332,0.04722325
22333,0.08865315
22334,0.06432213
22335,0.06156
22336,0.04445923
22337,0.0459754
22338,0.053202346
22339,0.025849592
22340,0.010985022
22341,0.07994792
22342,0.105698876
22343,0.12410241
22344,0.2563893
22345,0.27147043
22346,0.53311896
22347,0.8067601
22348,0.7452951
22349,0.29342374
22350,0.08772627
22351,0.06519509
22352,0.062474046
22353,0.09582842
22354,0.039725326
22355,0.05999436
22356,0.9189853
22357,0.050304733
22358,0.056857318
22359,0.090646595
22360,0.07683633
22361,0.062258225
22362,0.10949274
22363,0.08482469
22364,0.050688956
22365,0.011508171
22366,0.0046701906
22367,0.077890925
22368,0.11170747
22369,0.13022825
22370,0.513554
22371,0.5040191
22372,0.28275943
22373,0.71478784
22374,0.26371878
22375,0.49875182
22376,0.2559406
22377,0.04943571
22378,0.057442427
22379,0.064787835
22380,0.18345672
22381,0.04009376
22382,0.06623082
22383,0.058568623
22384,0.46314463
22385,0.061259694
22386,0.41987878
22387,0.07489833
22388,0.09974829
22389,0.104580775
22390,0.08042255
22391,0.26379675
22392,0.062222
22393,0.06258649
22394,0.021170255
22395,0.070511974
22396,0.8674003
22397,0.5867843
22398,0.58811986
22399,0.24652053
22400,0.264476
22401,0.102940574
22402,0.10347241
22403,0.025260301
22404,0.029327525
22405,0.055937245
22406,0.05920139
22407,0.083103016
22408,0.084639154
22409,0.08954806
22410,0.04014743
22411,0.27993634
22412,0.04410977
22413,0.047048237
22414,0.26282695
22415,0.02611137
22416,0.11820345
22417,0.3118491
22418,0.073867135
22419,0.26913857
22420,0.12822044
22421,0.10355784
22422,0.110191025
22423,0.026852138
22424,0.07599553
22425,0.050645214
22426,0.062040333
22427,0.08217528
22428,0.08599582
22429,0.037202217
22430,0.26873386
22431,0.045064114
22432,0.12120569
22433,0.05135149
22434,0.068215095
22435,0.11222546
22436,0.03374937
22437,0.07243781
22438,0.08099459
22439,0.08078812
22440,0.544832
22441,0.563455
22442,0.11629902
22443,0.06312504
22444,0.066724025
22445,0.04375315
22446,0.064242855
22447,0.08704834
22448,0.08594291
22449,0.041598476
22450,0.046042465
22451,0.042689554
22452,0.04206651
22453,0.03816592
22454,0.021205287
22455,0.071072735
22456,0.115233906
22457,0.4378076
22458,0.067063406
22459,0.055793095
22460,0.25156093
22461,0.040958434
22462,0.1068047
22463,0.5527431
22464,0.11939603
22465,0.02898332
22466,0.25680915
22467,0.050205078
22468,0.05723666
22469,0.055573292
22470,0.05187929
22471,0.08551317
22472,0.09516749
22473,0.039967198
22474,0.044087384
22475,0.28011268
22476,0.045917787
22477,0.023789568
22478,0.03374937
22479,0.10635832
22480,0.055504337
22481,0.041089274
22482,0.037156805
22483,0.048150346
22484,0.054087795
22485,0.28964883
22486,0.04228274
22487,0.037274543
22488,0.051988274
22489,0.07441367
22490,0.0821455
22491,0.26588643
22492,0.039249375
22493,0.26198906
22494,0.060024846
22495,0.06272583
22496,0.04171258
22497,0.06642726
22498,0.07990917
22499,0.27355433
22500,0.056846008
22501,0.058937393
22502,0.07003291
22503,0.080892764
22504,0.051429063
22505,0.020545585
22506,0.49376312
22507,0.5757475
22508,0.29101557
22509,0.042415828
22510,0.02786543
22511,0.0596768
22512,0.055323303
22513,0.04171781
22514,0.04125973
22515,0.073013216
22516,0.072926916
22517,0.88310736
22518,0.066665016
22519,0.09117039
22520,0.060031597
22521,0.063188516
22522,0.03746031
22523,0.031259336
22524,0.06365745
22525,0.31061146
22526,0.08380992
22527,0.08350659
22528,0.059091303
22529,0.063649185
22530,0.05716192
22531,0.02321123
22532,0.054430615
22533,0.04286858
22534,0.03431415
22535,0.030023264
22536,0.046088863
22537,0.04993916
22538,0.035362206
22539,0.07501058
22540,0.06434206
22541,0.064044036
22542,0.06412748
22543,0.061096653
22544,0.06542233
22545,0.066744454
22546,0.031145966
22547,0.034550175
22548,0.06353831
22549,0.76919454
22550,0.09029519
22551,0.059316047
22552,0.05749509
22553,0.07105737
22554,0.053927343
22555,0.07183477
22556,0.022405239
22557,0.031651035
22558,0.28835565
22559,0.02996575
22560,0.040510193
22561,0.066396944
22562,0.0795911
22563,0.060739033
22564,0.05807129
22565,0.06509589
22566,0.07167533
22567,0.03490317
22568,0.065988585
22569,0.3860915
22570,0.05892278
22571,0.06309344
22572,0.06427797
22573,0.058721412
22574,0.025330473
22575,0.024176182
22576,0.039664004
22577,0.038663942
22578,0.032184515
22579,0.01716575
22580,0.021529583
22581,0.038238354
22582,0.08269006
22583,0.08164082
22584,0.07366337
22585,0.051571373
22586,0.04941038
22587,0.030180106
22588,0.22584468
22589,0.32402337
22590,0.29296482
22591,0.03506849
22592,0.022152983
22593,0.0256315
22594,0.021767184
22595,0.02161748
22596,0.035529867
22597,0.034100883
22598,0.037917595
22599,0.04263958
22600,0.0190528
22601,0.023412157
22602,0.02296958
22603,0.03829493
22604,0.080676526
22605,0.075246364
22606,0.078715004
22607,0.06015366
22608,0.050339535
22609,0.051194977
22610,0.022123024
22611,0.01476977
22612,0.017298656
22613,0.034983214
22614,0.0462292
22615,0.02908978
22616,0.032277916
22617,0.03289895
22618,0.02007973
22619,0.062015414
22620,0.09585974
22621,0.043436844
22622,0.029676927
22623,0.048424125
22624,0.05241279
22625,0.055283885
22626,0.04439
22627,0.038890187
22628,0.0082413135
22629,0.017224351
22630,0.04404452
22631,0.04712432
22632,0.027233025
22633,0.020457147
22634,0.055231433
22635,0.09367964
22636,0.05862354
22637,0.43565166
22638,0.033636913
22639,0.0729297
22640,0.037186265
22641,0.022857836
22642,0.027999049
22643,0.01907415
22644,0.04469031
22645,0.053102978
22646,0.047881726
22647,0.08621815
22648,0.063816234
22649,0.040262647
22650,0.041272603
22651,0.014167027
22652,0.029392399
22653,0.018092485
22654,0.025485583
22655,0.026880953
22656,0.018834634
22657,0.054175004
22658,0.086050525
22659,0.041312415
22660,0.10113117
22661,0.024069576
22662,0.02057215
22663,0.01702694
22664,0.022869637
22665,0.0142918285
22666,0.017306887
22667,0.017041877
22668,0.022198848
22669,0.02432616
22670,0.019207163
22671,0.033646364
22672,0.03988138
22673,0.036897335
22674,0.03895231
22675,0.0762911
22676,0.09036137
22677,0.060197942
22678,0.039899707
22679,0.11339401
22680,0.016482702
22681,0.028256858
22682,0.028244331
22683,0.021528654
22684,0.065253854
22685,0.059557986
22686,0.059792906
22687,0.058431737
22688,0.060742963
22689,0.091139525
22690,0.08417041
22691,0.28630203
22692,0.4429902
22693,0.067490175
22694,0.07231674
22695,0.2746727
22696,0.07535818
22697,0.06352044
22698,0.063387826
22699,0.060747147
22700,0.056423765
22701,0.034706064
22702,0.03814561
22703,0.24846777
22704,0.09453074
22705,0.5483825
22706,0.27974313
22707,0.061802078
22708,0.056701593
22709,0.059954852
22710,0.03047447
22711,0.03636819
22712,0.056124426
22713,0.04244996
22714,0.05129499
22715,0.26749235
22716,0.34725043
22717,0.4328759
22718,0.05590217
22719,0.060288906
22720,0.059702545
22721,0.25697598
22722,0.03614635
22723,0.037879795
22724,0.03746901
22725,0.05987221
22726,0.119375415
22727,0.4098485
22728,0.102959625
22729,0.09128674
22730,0.49088895
22731,0.059209175
22732,0.4436704
22733,0.05250466
22734,0.267242
22735,0.06478379
22736,0.037995722
22737,0.07261406
22738,0.07915776
22739,0.105882324
22740,0.065561
22741,0.068466105
22742,0.06616239
22743,0.293379
22744,0.05034683
22745,0.058117688
22746,0.04445671
22747,0.064615466
22748,0.06411729
22749,0.042595312
22750,0.029276341
22751,0.06234521
22752,0.06805126
22753,0.09097328
22754,0.052815504
22755,0.06931056
22756,0.051772702
22757,0.058090944
22758,0.28237787
22759,0.07568142
22760,0.06991389
22761,0.27447152
22762,0.2846872
22763,0.040530134
22764,0.043322086
22765,0.05497255
22766,0.05259852
22767,0.041043848
22768,0.03077708
22769,0.0578536
22770,0.08131475
22771,0.08662951
22772,0.09677687
22773,0.28175846
22774,0.058645718
22775,0.046578694
22776,0.24066252
22777,0.043427397
22778,0.076946564
22779,0.036518574
22780,0.06054185
22781,0.06840156
22782,0.27690822
22783,0.08288614
22784,0.027821818
22785,0.057174537
22786,0.061666787
22787,0.08544479
22788,0.3701757
22789,0.04308049
22790,0.04099117
22791,0.04692033
22792,0.04316985
22793,0.07730704
22794,0.07460946
22795,0.029462127
22796,0.030928712
22797,0.052703217
22798,0.07293146
22799,0.07074079
22800,0.04700908
22801,0.050498392
22802,0.05543648
22803,0.038756285
22804,0.020675791
22805,0.015473328
22806,0.02246586
22807,0.052224983
22808,0.07955348
22809,0.07608355
22810,0.28637496
22811,0.06924156
22812,0.09336436
22813,0.07432204
22814,0.03444825
22815,0.038551576
22816,0.07192584
22817,0.04181694
22818,0.04417792
22819,0.07644693
22820,0.48974413
22821,0.062013093
22822,0.062848434
22823,0.07383197
22824,0.06797728
22825,0.054619465
22826,0.050866816
22827,0.091331996
22828,0.027178733
22829,0.05234254
22830,0.25556558
22831,0.02572694
22832,0.029295553
22833,0.022192584
22834,0.05488693
22835,0.28927943
22836,0.076239154
22837,0.29834002
22838,0.5405407
22839,0.53173906
22840,0.051386967
22841,0.045012597
22842,0.04219173
22843,0.040313877
22844,0.040226202
22845,0.08761809
22846,0.07362702
22847,0.5960602
22848,0.06440064
22849,0.06323757
22850,0.071032636
22851,0.048655555
22852,0.047623683
22853,0.03481955
22854,0.05199214
22855,0.049003903
22856,0.032013617
22857,0.019492963
22858,0.04220271
22859,0.043497883
22860,0.055336602
22861,0.28095204
22862,0.10762824
22863,0.100437
22864,0.4903851
22865,0.55313325
22866,0.06417538
22867,0.08319462
22868,0.07995587
22869,0.07061545
22870,0.08066751
22871,0.037162982
22872,0.07659015
22873,0.070166565
22874,0.058524795
22875,0.06885007
22876,0.072475195
22877,0.04650021
22878,0.07596244
22879,0.043709822
22880,0.046066787
22881,0.048823684
22882,0.04876697
22883,0.017872328
22884,0.044155713
22885,0.043403227
22886,0.08237728
22887,0.078298144
22888,0.10371441
22889,0.13758641
22890,0.28993073
22891,0.16168445
22892,0.24958695
22893,0.08600731
22894,0.07513082
22895,0.07752099
22896,0.06957638
22897,0.03864502
22898,0.06689882
22899,0.08167204
22900,0.05872082
22901,0.05401567
22902,0.054833513
22903,0.051052634
22904,0.053976223
22905,0.029953761
22906,0.049053125
22907,0.035572506
22908,0.04731534
22909,0.038178794
22910,0.034388665
22911,0.026778843
22912,0.06735308
22913,0.07674995
22914,0.13544807
22915,0.29628336
22916,0.14038959
22917,0.09738943
22918,0.08175552
22919,0.09598798
22920,0.07330734
22921,0.08093964
22922,0.06397435
22923,0.040629108
22924,0.51414794
22925,0.048576303
22926,0.07691674
22927,0.05505528
22928,0.08316952
22929,0.0579067
22930,0.034376208
22931,0.039068617
22932,0.041251216
22933,0.04701694
22934,0.08255242
22935,0.0782947
22936,0.12161091
22937,0.56624216
22938,0.116292365
22939,0.0822067
22940,0.48807847
22941,0.09456431
22942,0.07689928
22943,0.07976402
22944,0.06408399
22945,0.03500614
22946,0.036568284
22947,0.06277975
22948,0.06774593
22949,0.068996824
22950,0.07373309
22951,0.07928311
22952,0.0824138
22953,0.032028
22954,0.038847275
22955,0.06003956
22956,0.09369324
22957,0.14237948
22958,0.0858919
22959,0.09819255
22960,0.2526735
22961,0.100710556
22962,0.099511966
22963,0.14622097
22964,0.16383949
22965,0.50099134
22966,0.110525005
22967,0.06057952
22968,0.094770625
22969,0.7528293
22970,0.07531061
22971,0.08292082
22972,0.462943
22973,0.068621546
22974,0.029214324
22975,0.03120727
22976,0.032205243
22977,0.03598746
22978,0.059231102
22979,0.2534784
22980,0.26097512
22981,0.112700626
22982,0.08127902
22983,0.10820407
22984,0.102349624
22985,0.09648406
22986,0.13622412
22987,0.16833465
22988,0.5009246
22989,0.09977867
22990,0.05759358
22991,0.047131445
22992,0.04830735
22993,0.089804254
22994,0.8520432
22995,0.07810074
22996,0.08063447
22997,0.50379366
22998,0.031535715
22999,0.028610557
23000,0.27787578
23001,0.025267377
23002,0.030109696
23003,0.048053082
23004,0.044918727
23005,0.06954993
23006,0.038385782
23007,0.12190774
23008,0.47332937
23009,0.24259147
23010,0.089101605
23011,0.25072232
23012,0.1432757
23013,0.13709478
23014,0.54391825
23015,0.36228272
23016,0.13352124
23017,0.13435557
23018,0.29533878
23019,0.84816545
23020,0.30018643
23021,0.3081138
23022,0.075904004
23023,0.24850675
23024,0.05177659
23025,0.07610016
23026,0.030325193
23027,0.059380673
23028,0.036115345
23029,0.114663705
23030,0.10855395
23031,0.092624076
23032,0.09810336
23033,0.12687255
23034,0.12736663
23035,0.14028129
23036,0.27553
23037,0.39954916
23038,0.03489276
23039,0.058952454
23040,0.28149775
23041,0.05745405
23042,0.097669974
23043,0.76738626
23044,0.83260924
23045,0.584984
23046,0.08373981
23047,0.07987029
23048,0.07592271
23049,0.43165785
23050,0.03306093
23051,0.02890024
23052,0.027287403
23053,0.028562779
23054,0.057218857
23055,0.083772875
23056,0.0801612
23057,0.0610253
23058,0.07827891
23059,0.51645213
23060,0.09089401
23061,0.12426374
23062,0.27448753
23063,0.10580039
23064,0.10299569
23065,0.0820978
23066,0.5409445
23067,0.27339578
23068,0.07912398
23069,0.1259758
23070,0.08944316
23071,0.084749036
23072,0.9296827
23073,0.84476
23074,0.72559613
23075,0.062077727
23076,0.07353277
23077,0.068568505
23078,0.46416786
23079,0.093633875
23080,0.25516704
23081,0.054533154
23082,0.04955941
23083,0.02616099
23084,0.07675297
23085,0.045619592
23086,0.0631397
23087,0.06204589
23088,0.54721445
23089,0.49776775
23090,0.2786269
23091,0.12837875
23092,0.108788684
23093,0.10749849
23094,0.10288305
23095,0.10360203
23096,0.27018082
23097,0.11275267
23098,0.1144487
23099,0.087826796
23100,0.099751666
23101,0.041541506
23102,0.8466551
23103,0.7068996
23104,0.80235064
23105,0.061729595
23106,0.06103928
23107,0.26615566
23108,0.39879128
23109,0.101109505
23110,0.024529641
23111,0.06320222
23112,0.06742813
23113,0.8421477
23114,0.80614316
23115,0.1344209
23116,0.13667963
23117,0.11639462
23118,0.16670032
23119,0.12043499
23120,0.58670723
23121,0.25633496
23122,0.06232856
23123,0.076568514
23124,0.07428172
23125,0.087318815
23126,0.10116903
23127,0.07115644
23128,0.2514833
23129,0.27617842
23130,0.1567277
23131,0.06941701
23132,0.076253936
23133,0.082966104
23134,0.060160536
23135,0.109129496
23136,0.044298965
23137,0.05105011
23138,0.020647543
23139,0.050319187
23140,0.030449174
23141,0.06139771
23142,0.070325844
23143,0.81839025
23144,0.72569126
23145,0.28300968
23146,0.29264063
23147,0.10640942
23148,0.17115286
23149,0.12718788
23150,0.5267272
23151,0.080555215
23152,0.07921048
23153,0.07634199
23154,0.092037916
23155,0.1001048
23156,0.07447976
23157,0.273574
23158,0.2697025
23159,0.15927832
23160,1.0223013
23161,0.07275214
23162,0.068564996
23163,0.059112024
23164,0.26409185
23165,0.043968372
23166,0.04948656
23167,0.25323772
23168,0.027064478
23169,0.014924584
23170,0.072478965
23171,0.08242543
23172,0.10027315
23173,0.5059337
23174,0.1670418
23175,0.64896804
23176,0.27013153
23177,0.15996265
23178,0.15647253
23179,0.29395637
23180,0.099751666
23181,0.09914905
23182,0.061008718
23183,0.06270554
23184,0.49005905
23185,0.2530625
23186,0.039031018
23187,0.48714754
23188,0.27350944
23189,0.050038435
23190,0.046834126
23191,0.085346304
23192,0.08189733
23193,0.0662552
23194,0.04483531
23195,0.04234916
23196,0.027870215
23197,0.05659881
23198,0.07697366
23199,0.13276121
23200,0.12259167
23201,0.7072728
23202,0.7275508
23203,0.5385887
23204,0.56504494
23205,0.64243424
23206,0.12548395
23207,0.10463875
23208,0.053095702
23209,0.06671594
23210,0.26101547
23211,0.28109422
23212,0.09148118
23213,0.03873186
23214,0.06605113
23215,0.063128226
23216,0.051186
23217,0.043712977
23218,0.08654225
23219,0.06495344
23220,0.04358674
23221,0.040521782
23222,0.061777413
23223,0.015464999
23224,0.02394957
23225,0.07336466
23226,0.12271477
23227,0.12722304
23228,0.22339337
23229,0.26975602
23230,0.52200454
23231,0.7467591
23232,0.7131217
23233,0.289784
23234,0.26376155
23235,0.044871435
23236,0.0572325
23237,0.09488593
23238,0.039948326
23239,0.0633194
23240,0.8925602
23241,0.050971832
23242,0.051738493
23243,0.096927375
23244,0.07102251
23245,0.060476094
23246,0.09285137
23247,0.079764515
23248,0.08342383
23249,0.05931254
23250,0.011517175
23251,0.012570078
23252,0.07918574
23253,0.09826116
23254,0.11812885
23255,0.51930463
23256,0.49537572
23257,0.27487758
23258,0.6880641
23259,0.26815364
23260,0.5021723
23261,0.26257694
23262,0.056091238
23263,0.062197484
23264,0.065244585
23265,0.08333953
23266,0.040562287
23267,0.067050055
23268,0.057473164
23269,0.4566722
23270,0.2847223
23271,0.23909545
23272,0.070535004
23273,0.093457475
23274,0.097537465
23275,0.07137508
23276,0.2665864
23277,0.056276187
23278,0.013313308
23279,0.057238255
23280,0.023137888
23281,0.029912487
23282,0.072176866
23283,0.8297195
23284,0.52232146
23285,0.60994786
23286,0.2474557
23287,0.26077247
23288,0.10358888
23289,0.27190465
23290,0.026241198
23291,0.031391088
23292,0.058440715
23293,0.04764707
23294,0.08229673
23295,0.08655631
23296,0.08911832
23297,0.044696532
23298,0.061418608
23299,0.04485751
23300,0.045334317
23301,0.049817264
23302,0.40755183
23303,0.019133655
23304,0.11770736
23305,0.31855756
23306,0.07480136
23307,0.26097143
23308,0.1363837
23309,0.10582018
23310,0.10713726
23311,0.024339939
23312,0.08051937
23313,0.039508533
23314,0.051144686
23315,0.061140917
23316,0.08199595
23317,0.087699614
23318,0.04336221
23319,0.04422713
23320,0.038256403
23321,0.03641442
23322,0.043901365
23323,0.11677193
23324,0.07581661
23325,0.110410035
23326,0.03659742
23327,0.074632384
23328,0.052296393
23329,0.08557589
23330,0.08451061
23331,0.28444022
23332,0.5559872
23333,0.119287245
23334,0.06174273
23335,0.04997619
23336,0.08567136
23337,0.120393254
23338,0.04016876
23339,0.045775544
23340,0.04085597
23341,0.044077244
23342,0.049648892
23343,0.025881834
23344,0.022431696
23345,0.06945602
23346,0.11344333
23347,0.4173813
23348,0.079657145
23349,0.04680882
23350,0.07848056
23351,0.038956672
23352,0.10682882
23353,0.5276893
23354,0.114657864
23355,0.270676
23356,0.058454
23357,0.051453725
23358,0.04934066
23359,0.0874773
23360,0.08816253
23361,0.044964492
23362,0.045942064
23363,0.04851651
23364,0.27436376
23365,0.0441459
23366,0.022666477
23367,0.021604935
23368,0.0392218
23369,0.076563835
23370,0.049453888
23371,0.036296457
23372,0.036802452
23373,0.050694272
23374,0.057110757
23375,0.513652
23376,0.04789981
23377,0.041695055
23378,0.04883738
23379,0.070637904
23380,0.07408456
23381,0.2645156
23382,0.041301996
23383,0.08135201
23384,0.0656814
23385,0.058375556
23386,0.050750103
23387,0.04652776
23388,0.06077261
23389,0.06922169
23390,0.40487707
23391,0.2420613
23392,0.036360968
23393,0.104092576
23394,0.05341286
23395,0.032885026
23396,0.02089811
23397,0.5187193
23398,0.628263
23399,0.2838544
23400,0.044216786
23401,0.04822314
23402,0.042925853
23403,0.04390095
23404,0.051896308
23405,0.075792864
23406,0.07400013
23407,0.90869176
23408,0.07862127
23409,0.079475574
23410,0.062162902
23411,0.063897595
23412,0.05449515
23413,0.031526
23414,0.06436017
23415,0.6048548
23416,0.09257128
23417,0.09592893
23418,0.058538597
23419,0.060730778
23420,0.055402398
23421,0.027529782
23422,0.06427761
23423,0.044701528
23424,0.029286321
23425,0.03378777
23426,0.045217287
23427,0.042607993
23428,0.040398
23429,0.07505374
23430,0.076139644
23431,0.057001367
23432,0.087199695
23433,0.060672827
23434,0.060274668
23435,0.06761816
23436,0.034746837
23437,0.06754993
23438,0.70185083
23439,0.08825567
23440,0.052948534
23441,0.05536353
23442,0.066640675
23443,0.0536479
23444,0.0569745
23445,0.01764987
23446,0.022475462
23447,0.05138964
23448,0.028290886
23449,0.040531788
23450,0.06439367
23451,0.08472105
23452,0.05985755
23453,0.15492778
23454,0.07801913
23455,0.029648922
23456,0.06990571
23457,0.4067052
23458,0.1435276
23459,0.064858034
23460,0.020736787
23461,0.018637614
23462,0.043786123
23463,0.027570095
23464,0.031989288
23465,0.029106611
23466,0.035427477
23467,0.08548663
23468,0.07539926
23469,0.07763648
23470,0.04305746
23471,0.054457862
23472,0.025679713
23473,0.026986483
23474,0.23305923
23475,0.09363171
23476,0.28998443
23477,0.034207903
23478,0.027552482
23479,0.020935098
23480,0.01902919
23481,0.032244254
23482,0.038633183
23483,0.03126953
23484,0.035552874
23485,0.01697226
23486,0.040916875
23487,0.022822566
23488,0.036230434
23489,0.08577544
23490,0.08111769
23491,0.07600552
23492,0.02820068
23493,0.2405308
23494,0.048164017
23495,0.027963024
23496,0.023519991
23497,0.0164312
23498,0.024672108
23499,0.03250927
23500,0.028636545
23501,0.03197249
23502,0.039131932
23503,0.020679465
23504,0.046674017
23505,0.090726
23506,0.08365876
23507,0.049307656
23508,0.12329352
23509,0.04931863
23510,0.05301941
23511,0.06303221
23512,0.014215741
23513,0.03025905
23514,0.038738433
23515,0.050253592
23516,0.028860815
23517,0.047981627
23518,0.020653553
23519,0.07944205
23520,0.09097011
23521,0.055445965
23522,0.37286073
23523,0.035730727
23524,0.067253456
23525,0.028875021
23526,0.03159584
23527,0.021478003
23528,0.03918645
23529,0.014911951
23530,0.037151534
23531,0.04693977
23532,0.08942154
23533,0.07614279
23534,0.037070673
23535,0.038781956
23536,0.037287325
23537,0.013437841
23538,0.027173886
23539,0.014553921
23540,0.028589254
23541,0.019488262
23542,0.023114763
23543,0.060721472
23544,0.09221772
23545,0.27377144
23546,0.12638731
23547,0.01974649
23548,0.015948163
23549,0.010386647
23550,0.016788272
23551,0.025549319
23552,0.025285147
23553,0.021956978
23554,0.019627087
23555,0.030254459
23556,0.036202926
23557,0.038049802
23558,0.047867067
23559,0.08013667
23560,0.08535333
23561,0.066018626
23562,0.03833574
23563,0.122706264
23564,0.023165172
23565,0.038851663
23566,0.0288052
23567,0.033411518
23568,0.08598573
23569,0.054652646
23570,0.040601503
23571,0.036297042
23572,0.07695868
23573,0.07846462
23574,0.05516049
23575,0.06172007
23576,0.079834945
23577,0.07906741
23578,0.08537494
23579,0.27367976
23580,0.25943512
23581,0.0576257
23582,0.08282758
23583,0.06384288
23584,0.5670123
23585,0.10323239
23586,0.05828823
23587,0.056914438
23588,0.049213547
23589,0.029800482
23590,0.032558605
23591,0.07587202
23592,0.052994616
23593,0.5023473
23594,0.11605775
23595,0.055964246
23596,0.060596157
23597,0.057230514
23598,0.05503827
23599,0.029969528
23600,0.02914686
23601,0.031752814
23602,0.08482764
23603,0.2860243
23604,0.46413553
23605,0.40482065
23606,0.058891885
23607,0.051954016
23608,0.2564455
23609,0.025232315
23610,0.036246434
23611,0.035210475
23612,0.06330556
23613,0.058650587
23614,0.10766825
23615,0.3819408
23616,0.106642224
23617,0.11452099
23618,0.5284797
23619,0.06013875
23620,0.52622294
23621,0.05189279
23622,0.056596365
23623,0.26631913
23624,0.06604796
23625,0.05026299
23626,0.03844055
23627,0.06652293
23628,0.06674558
23629,0.10023546
23630,0.096032016
23631,0.05903428
23632,0.058158718
23633,0.09468815
23634,0.060256712
23635,0.049955886
23636,0.043866757
23637,0.06490624
23638,0.07133558
23639,0.03814968
23640,0.031220445
23641,0.05628697
23642,0.07912973
23643,0.07884128
23644,0.07962074
23645,0.089648716
23646,0.0662191
23647,0.2799133
23648,0.06865156
23649,0.09079542
23650,0.047869228
23651,0.043221526
23652,0.3517147
23653,0.053972363
23654,0.071733065
23655,0.29201442
23656,0.48372665
23657,0.043066826
23658,0.042090952
23659,0.05481552
23660,0.050449695
23661,0.042094376
23662,0.043051805
23663,0.09399137
23664,0.0905327
23665,0.08593043
23666,0.29946196
23667,0.04121985
23668,0.51269287
23669,0.042120583
23670,0.032473594
23671,0.06025142
23672,0.4046405
23673,0.07400467
23674,0.026968187
23675,0.05783494
23676,0.056826036
23677,0.09383714
23678,0.50351065
23679,0.046794716
23680,0.044990182
23681,0.04381614
23682,0.073579594
23683,0.076439545
23684,0.06653066
23685,0.029513858
23686,0.03418314
23687,0.04719943
23688,0.060372923
23689,0.06956532
23690,0.0995924
23691,0.05010848
23692,0.04664864
23693,0.05401895
23694,0.03554789
23695,0.015516552
23696,0.020942459
23697,0.01803846
23698,0.06108524
23699,0.070195474
23700,0.074674346
23701,0.29054737
23702,0.053041223
23703,0.090677276
23704,0.050529722
23705,0.046758283
23706,0.029572459
23707,0.03014386
23708,0.07124466
23709,0.040804103
23710,0.046277992
23711,0.044219777
23712,0.072546795
23713,0.57681763
23714,0.06494023
23715,0.06653066
23716,0.07957797
23717,0.07764556
23718,0.045374934
23719,0.0838102
23720,0.043929156
23721,0.05132854
23722,0.24495697
23723,0.025587142
23724,0.017474452
23725,0.01803846
23726,0.059508126
23727,0.28653687
23728,0.07263758
23729,0.30096167
23730,0.27102876
23731,0.592535
23732,0.058013216
23733,0.049326587
23734,0.030462151
23735,0.036406957
23736,0.044462733
23737,0.07692436
23738,0.07291549
23739,0.5912024
23740,0.0655744
23741,0.08446338
23742,0.046714943
23743,0.033052213
23744,0.05205805
23745,0.046669576
23746,0.054732643
23747,0.02882812
23748,0.02897132
23749,0.02480078
23750,0.02974924
23751,0.03875433
23752,0.04038807
23753,0.08593425
23754,0.10875033
23755,0.11520973
23756,0.47447377
23757,0.5169565
23758,0.07227203
23759,0.08023752
23760,0.07180978
23761,0.07295881
23762,0.0748925
23763,0.036358383
23764,0.036844462
23765,0.033869285
23766,0.0670006
23767,0.07498561
23768,0.06470506
23769,0.07530421
23770,0.07348944
23771,0.05176055
23772,0.07714843
23773,0.049880285
23774,0.06711331
23775,0.050148692
23776,0.043438233
23777,0.052741162
23778,0.024289602
23779,0.03556653
23780,0.04473238
23781,0.07515304
23782,0.07743329
23783,0.111655444
23784,0.13475563
23785,0.27170146
23786,0.28032884
23787,0.08710817
23788,0.081368156
23789,0.1659481
23790,0.078949355
23791,0.06257981
23792,0.038808797
23793,0.06714524
23794,0.06863645
23795,0.048137516
23796,0.05542642
23797,0.055362925
23798,0.054750882
23799,0.05581287
23800,0.057076853
23801,0.028822646
23802,0.051903535
23803,0.036067218
23804,0.044103805
23805,0.03431059
23806,0.0362068
23807,0.030745625
23808,0.033497315
23809,0.024761433
23810,0.07208356
23811,0.06884243
23812,0.117549896
23813,0.30348358
23814,0.11681295
23815,0.11709951
23816,0.08480375
23817,0.09468378
23818,0.076284
23819,0.07513668
23820,0.06882851
23821,0.02991197
23822,0.08003381
23823,0.06786041
23824,0.06537826
23825,0.07409385
23826,0.055181306
23827,0.076142825
23828,0.044798717
23829,0.046961226
23830,0.032821123
23831,0.03268408
23832,0.029243529
23833,0.30341604
23834,0.06974234
23835,0.076719195
23836,0.12597904
23837,0.58829194
23838,0.114630744
23839,0.07669115
23840,0.4589278
23841,0.08661174
23842,0.076284
23843,0.31316462
23844,0.06676432
23845,0.036303215
23846,0.03597981
23847,0.06961453
23848,0.07934798
23849,0.07150082
23850,0.07289954
23851,0.076003924
23852,0.079834715
23853,0.03764444
23854,0.0386448
23855,0.037971735
23856,0.039167136
23857,0.09164747
23858,0.11839784
23859,0.10088607
23860,0.1121272
23861,0.25959063
23862,0.09638289
23863,0.100756794
23864,0.13489571
23865,0.17406204
23866,0.5667299
23867,0.10728255
23868,0.052792355
23869,0.056348868
23870,0.049123943
23871,0.07358988
23872,0.07849745
23873,0.8016857
23874,0.08482094
23875,0.08121934
23876,0.4739321
23877,0.084121235
23878,0.035627905
23879,0.058558587
23880,0.04902332
23881,0.26546136
23882,0.2566449
23883,0.095350005
23884,0.09449778
23885,0.10919441
23886,0.10863295
23887,0.24233048
23888,0.15498799
23889,0.16718681
23890,0.4540707
23891,0.09942493
23892,0.057769883
23893,0.063475035
23894,0.06213014
23895,0.05736757
23896,0.09234963
23897,0.83379257
23898,0.0837952
23899,0.54506373
23900,0.031682592
23901,0.036951274
23902,0.2685095
23903,0.022178771
23904,0.05573723
23905,0.054360982
23906,0.043191466
23907,0.04635553
23908,0.086779624
23909,0.4476972
23910,0.22894622
23911,0.08768735
23912,0.24587749
23913,0.13039592
23914,0.13725522
23915,0.5382426
23916,0.5388464
23917,0.2884271
23918,0.28338477
23919,0.0898497
23920,0.861649
23921,0.30300283
23922,0.57022375
23923,0.078134194
23924,0.07819243
23925,0.07833334
23926,0.07240348
23927,0.060610015
23928,0.03732327
23929,0.06556805
23930,0.044038806
23931,0.088010006
23932,0.11579656
23933,0.09017599
23934,0.1006278
23935,0.12548012
23936,0.12642671
23937,0.13854232
23938,0.28316435
23939,0.4032605
23940,0.034751073
23941,0.055504605
23942,0.2874358
23943,0.05092905
23944,0.09074352
23945,0.7285642
23946,0.75633883
23947,0.5677384
23948,0.07516801
23949,0.06444238
23950,0.4314759
23951,0.029964624
23952,0.02468602
23953,0.025992468
23954,0.061873887
23955,0.06256511
23956,0.07975417
23957,0.0595383
23958,0.05231207
23959,0.5533022
23960,0.07749354
23961,0.12699418
23962,0.12097327
23963,0.104194075
23964,0.108461484
23965,0.07450515
23966,0.5751151
23967,0.51589376
23968,0.08061658
23969,0.11320108
23970,0.08941599
23971,0.088093586
23972,0.94909024
23973,0.80830544
23974,0.7223709
23975,0.06237986
23976,0.25327128
23977,0.076479144
23978,0.50051636
23979,0.09239387
23980,0.28073496
23981,0.048692726
23982,0.045975972
23983,0.021195283
23984,0.0774736
23985,0.048680995
23986,0.06095239
23987,0.06128896
23988,0.51026094
23989,0.49017045
23990,0.5701077
23991,0.122027434
23992,0.0962499
23993,0.11204902
23994,0.1092169
23995,0.10459956
23996,0.062729746
23997,0.11675506
23998,0.11808316
23999,0.08404179
24000,0.093156956
24001,0.03948574
24002,0.81922
24003,0.8449977
24004,0.7372096
24005,0.070003524
24006,0.060077116
24007,0.2659716
24008,0.45131475
24009,0.10562931
24010,0.04311797
24011,0.04830251
24012,0.04604837
24013,0.061330415
24014,0.061146777
24015,0.8272665
24016,0.8315861
24017,0.1282204
24018,0.14437899
24019,0.100996085
24020,0.1911294
24021,0.117354065
24022,0.5839207
24023,0.25192612
24024,0.06830118
24025,0.08004036
24026,0.0794204
24027,0.09911122
24028,0.10997455
24029,0.080418244
24030,0.26517498
24031,0.5259272
24032,0.2638762
24033,0.05621106
24034,0.07562206
24035,0.07137031
24036,0.05995925
24037,0.10210763
24038,0.045684736
24039,0.052817903
24040,0.025885228
24041,0.03195883
24042,0.06058607
24043,0.06112878
24044,0.82679605
24045,0.7304135
24046,0.25633696
24047,0.2812183
24048,0.10218189
24049,0.17333932
24050,0.2723657
24051,0.5829288
24052,0.06966501
24053,0.05923337
24054,0.08226004
24055,0.078682676
24056,0.10237456
24057,0.103531785
24058,0.27501237
24059,0.8039382
24060,0.27495122
24061,0.16084813
24062,1.0436178
24063,0.076051645
24064,0.0736684
24065,0.27498317
24066,0.26364583
24067,0.04588809
24068,0.047186375
24069,0.48092914
24070,0.044864397
24071,0.015376022
24072,0.0564809
24073,0.0772067
24074,0.10297635
24075,0.48954532
24076,0.25967982
24077,0.6846456
24078,0.2841779
24079,0.16294791
24080,0.15864123
24081,0.29532775
24082,0.09468823
24083,0.09406633
24084,0.06805472
24085,0.061861336
24086,0.4896788
24087,0.2631928
24088,0.039064642
24089,0.5372498
24090,0.27039653
24091,0.04454176
24092,0.056166023
24093,0.08779492
24094,0.0719479
24095,0.050971482
24096,0.014629508
24097,0.06180433
24098,0.09627873
24099,0.123173654
24100,0.12918383
24101,0.7131444
24102,0.6761743
24103,0.545206
24104,0.57234836
24105,0.6305834
24106,0.12654468
24107,0.051815476
24108,0.06311633
24109,0.05907721
24110,0.15800181
24111,0.08815788
24112,0.03788073
24113,0.06750368
24114,0.063558385
24115,0.050870556
24116,0.051250312
24117,0.05000627
24118,0.09247848
24119,0.060502514
24120,0.056027077
24121,0.052971136
24122,0.04395416
24123,0.021302951
24124,0.021560483
24125,0.08898633
24126,0.102635905
24127,0.12407758
24128,0.25385958
24129,0.15293327
24130,0.523655
24131,0.7561069
24132,0.6850179
24133,0.28885433
24134,0.26516494
24135,0.055441696
24136,0.08810482
24137,0.03519105
24138,0.038946077
24139,0.8986716
24140,0.053220265
24141,0.059964646
24142,0.091570295
24143,0.07209634
24144,0.05917468
24145,0.09616507
24146,0.080553405
24147,0.06707243
24148,0.059812672
24149,0.029617518
24150,0.010686848
24151,0.017393067
24152,0.07847658
24153,0.10137706
24154,0.12034477
24155,0.5525903
24156,0.5261248
24157,0.27972123
24158,0.71751875
24159,0.5072264
24160,0.5382866
24161,0.26511183
24162,0.051556017
24163,0.0603776
24164,0.08823849
24165,0.03721337
24166,0.038904514
24167,0.06296875
24168,0.05314306
24169,0.5314679
24170,0.27514052
24171,0.5002576
24172,0.075692356
24173,0.092259966
24174,0.099869855
24175,0.082122356
24176,0.26242182
24177,0.06753065
24178,0.025842663
24179,0.07387645
24180,0.95683956
24181,0.50229734
24182,0.5968461
24183,0.25059152
24184,0.27176294
24185,0.103929594
24186,0.10476516
24187,0.02443597
24188,0.055895522
24189,0.08536326
24190,0.08518341
24191,0.08769436
24192,0.048888132
24193,0.06685885
24194,0.046835475
24195,0.038738348
24196,0.046790034
24197,0.26097167
24198,0.022435619
24199,0.0045265974
24200,0.11671148
24201,0.31051525
24202,0.074027464
24203,0.27643043
24204,0.1275196
24205,0.107506834
24206,0.1097802
24207,0.023302998
24208,0.06695803
24209,0.05116461
24210,0.04672971
24211,0.06371358
24212,0.08066769
24213,0.086548835
24214,0.05075453
24215,0.038734682
24216,0.045770936
24217,0.27694026
24218,0.024448264
24219,0.071522556
24220,0.11341978
24221,0.03636155
24222,0.07166296
24223,0.08713341
24224,0.08674745
24225,0.5406916
24226,0.57097983
24227,0.119053565
24228,0.082823485
24229,0.04831408
24230,0.0499341
24231,0.060348045
24232,0.084657915
24233,0.08386684
24234,0.04059131
24235,0.047954306
24236,0.04031742
24237,0.04181091
24238,0.046438746
24239,0.022207364
24240,0.0231613
24241,0.02574068
24242,0.07643612
24243,0.11152607
24244,0.4018615
24245,0.053251136
24246,0.08149547
24247,0.08124638
24248,0.032497577
24249,0.10876999
24250,0.62252975
24251,0.115588084
24252,0.026470644
24253,0.06891645
24254,0.25077564
24255,0.04268901
24256,0.05816353
24257,0.051129997
24258,0.054129247
24259,0.2833925
24260,0.09066561
24261,0.037250467
24262,0.052527312
24263,0.26167262
24264,0.037724253
24265,0.021559631
24266,0.034301497
24267,0.088329494
24268,0.054530576
24269,0.039862696
24270,0.05168789
24271,0.054744147
24272,0.05546714
24273,0.53994197
24274,0.048894837
24275,0.041162167
24276,0.05132248
24277,0.07266013
24278,0.07496191
24279,0.2695287
24280,0.039375953
24281,0.2718476
24282,0.059420314
24283,0.06512966
24284,0.054396078
24285,0.06701214
24286,0.064973235
24287,0.2618847
24288,0.05551884
24289,0.050851878
24290,0.103709884
24291,0.051085293
24292,0.02038378
24293,0.4995948
24294,0.5794344
24295,0.28369546
24296,0.044520702
24297,0.029576024
24298,0.049219597
24299,0.046674967
24300,0.039746046
24301,0.046690915
24302,0.07936919
24303,0.07288887
24304,0.95244265
24305,0.07180696
24306,0.086052135
24307,0.07836363
24308,0.06115316
24309,0.06294014
24310,0.046085812
24311,0.033143982
24312,0.065057434
24313,0.31315273
24314,0.09109561
24315,0.2779724
24316,0.055135146
24317,0.06596128
24318,0.058100313
24319,0.02174468
24320,0.05395797
24321,0.04539871
24322,0.026868861
24323,0.029565409
24324,0.047852322
24325,0.045284484
24326,0.04152289
24327,0.0793276
24328,0.071159996
24329,0.076358214
24330,0.055296533
24331,0.06304396
24332,0.0658854
24333,0.030370682
24334,0.06638904
24335,0.7916265
24336,0.09325228
24337,0.05977016
24338,0.055363644
24339,0.058156963
24340,0.07010032
24341,0.052233156
24342,0.025260035
24343,0.053903233
24344,0.033555612
24345,0.043603826
24346,0.07060529
24347,0.2753623
24348,0.061335124
24349,0.05766575
24350,0.26289022
24351,0.068294406
24352,0.057840105
24353,0.44941697
24354,0.054562006
24355,0.05529492
24356,0.055070944
24357,0.061567016
24358,0.049370125
24359,0.020510875
24360,0.025389938
24361,0.046328723
24362,0.031530928
24363,0.0189657
24364,0.034946945
24365,0.08514354
24366,0.08167513
24367,0.0761951
24368,0.05737885
24369,0.026728056
24370,0.030906409
24371,0.24213251
24372,0.11010516
24373,0.28706348
24374,0.03104401
24375,0.024329796
24376,0.021213628
24377,0.022866178
24378,0.03781213
24379,0.036668926
24380,0.0302698
24381,0.040139098
24382,0.02495557
24383,0.021526925
24384,0.021214383
24385,0.037592202
24386,0.046275783
24387,0.086752586
24388,0.075775534
24389,0.0810093
24390,0.056125022
24391,0.055215966
24392,0.101313084
24393,0.2803511
24394,0.03404346
24395,0.0115077365
24396,0.018935438
24397,0.030927831
24398,0.043081522
24399,0.02351548
24400,0.022919504
24401,0.017451992
24402,0.05480338
24403,0.0835682
24404,0.08625006
24405,0.0464184
24406,0.03143097
24407,0.063888334
24408,0.051380455
24409,0.06675096
24410,0.06423731
24411,0.032657705
24412,0.011469698
24413,0.020850282
24414,0.033529986
24415,0.036154386
24416,0.047585547
24417,0.028260455
24418,0.040238596
24419,0.021381723
24420,0.018884549
24421,0.050960854
24422,0.0912224
24423,0.07902256
24424,0.02594466
24425,0.052342664
24426,0.055236407
24427,0.5001335
24428,0.04350767
24429,0.05146427
24430,0.03793267
24431,0.0292472
24432,0.021708248
24433,0.019451387
24434,0.04017033
24435,0.04962552
24436,0.083448455
24437,0.07573299
24438,0.03955554
24439,0.040472507
24440,0.043216
24441,0.035261076
24442,0.017235385
24443,0.019428413
24444,0.022218745
24445,0.026672825
24446,0.02436636
24447,0.052522585
24448,0.08846185
24449,0.07612711
24450,0.11174326
24451,0.1205142
24452,0.02186818
24453,0.012668483
24454,0.018393133
24455,0.02028555
24456,0.024435367
24457,0.01952213
24458,0.03622265
24459,0.041785873
24460,0.086234815
24461,0.24087697
24462,0.060671315
24463,0.036771312
24464,0.1114419
24465,0.015547985
24466,0.025720142
24467,0.0368651
24468,0.029916968
24469,0.059124496
24470,0.08616984
24471,0.06516136
24472,0.062379714
24473,0.056282017
24474,0.08359759
24475,0.060695034
24476,0.25925264
24477,0.058539536
24478,0.02764245
24479,0.27161348
24480,0.052277412
24481,0.27068615
24482,0.09138528
24483,0.06074896
24484,0.063058026
24485,0.062297035
24486,0.06229039
24487,0.058157142
24488,0.0429162
24489,0.035493515
24490,0.042567365
24491,0.057904843
24492,0.59572655
24493,0.29622406
24494,0.06452931
24495,0.06221633
24496,0.056769174
24497,0.034905042
24498,0.033266023
24499,0.058867972
24500,0.030083392
24501,0.05558191
24502,0.30889225
24503,0.36125883
24504,0.4072366
24505,0.060602896
24506,0.065219894
24507,0.0718323
24508,0.066086516
24509,0.05369129
24510,0.03393464
24511,0.03533964
24512,0.0343806
24513,0.06830101
24514,0.05816822
24515,0.10576585
24516,0.4615
24517,0.14577045
24518,0.4427644
24519,0.47356874
24520,0.06822641
24521,0.07344957
24522,0.4284731
24523,0.052080538
24524,0.053633522
24525,0.2651077
24526,0.062041763
24527,0.034949053
24528,0.03711591
24529,0.06840824
24530,0.07024166
24531,0.0922691
24532,0.10430279
24533,0.060599472
24534,0.07153527
24535,0.074300006
24536,0.11392069
24537,0.057577837
24538,0.05683555
24539,0.04765822
24540,0.06631665
24541,0.06349255
24542,0.039681084
24543,0.034029916
24544,0.05317147
24545,0.0680143
24546,0.07404753
24547,0.08223532
24548,0.10685438
24549,0.06396214
24550,0.28330937
24551,0.10687744
24552,0.05724188
24553,0.05668263
24554,0.04767064
24555,0.06892689
24556,0.07102384
24557,0.45221636
24558,0.05151136
24559,0.087840475
24560,0.068446636
24561,0.101938285
24562,0.05614451
24563,0.063937336
24564,0.06532016
24565,0.065809414
24566,0.088547036
24567,0.088605456
24568,0.28051996
24569,0.046418585
24570,0.45247468
24571,0.046754234
24572,0.07755538
24573,0.06073655
24574,0.2651077
24575,0.08755552
24576,0.032113824
24577,0.0575013
24578,0.051552426
24579,0.044975385
24580,0.095996894
24581,0.087422505
24582,0.4767113
24583,0.044277545
24584,0.044989116
24585,0.04345649
24586,0.04474259
24587,0.07232985
24588,0.06956199
24589,0.063510254
24590,0.029989194
24591,0.062590085
24592,0.0664022
24593,0.077986166
24594,0.0721987
24595,0.053558975
24596,0.05300803
24597,0.05002124
24598,0.03260569
24599,0.019953685
24600,0.022375932
24601,0.016582293
24602,0.08671123
24603,0.07806887
24604,0.4138864
24605,0.065024786
24606,0.091956384
24607,0.05135488
24608,0.03705907
24609,0.04014192
24610,0.031866875
24611,0.075096175
24612,0.043658976
24613,0.044271655
24614,0.048183564
24615,0.26094288
24616,0.511455
24617,0.066730484
24618,0.06730973
24619,0.07605108
24620,0.08151995
24621,0.060380686
24622,0.07238073
24623,0.03184904
24624,0.04098318
24625,0.04973572
24626,0.24445187
24627,0.016723262
24628,0.024862202
24629,0.012208185
24630,0.056682296
24631,0.27659467
24632,0.07230114
24633,0.49770418
24634,0.5212416
24635,0.5469732
24636,0.060115837
24637,0.040720023
24638,0.03812757
24639,0.030401912
24640,0.0424455
24641,0.076758
24642,0.070981525
24643,0.6764868
24644,0.06647879
24645,0.06794699
24646,0.07483247
24647,0.058129683
24648,0.058707986
24649,0.02873078
24650,0.056496438
24651,0.04659066
24652,0.05368037
24653,0.033727758
24654,0.033721805
24655,0.035821382
24656,0.012700613
24657,0.045493066
24658,0.044252407
24659,0.052120738
24660,0.07958412
24661,0.11029618
24662,0.10292277
24663,0.4601225
24664,0.5176714
24665,0.07379094
24666,0.08516945
24667,0.08014937
24668,0.071797796
24669,0.08539618
24670,0.036691476
24671,0.0378363
24672,0.07779026
24673,0.07360281
24674,0.055697363
24675,0.06445009
24676,0.07448735
24677,0.05679077
24678,0.075072706
24679,0.052366376
24680,0.049675956
24681,0.038084865
24682,0.048267525
24683,0.050994582
24684,0.023869196
24685,0.035331838
24686,0.035846356
24687,0.072034754
24688,0.08175583
24689,0.11104878
24690,0.14751387
24691,0.5973277
24692,0.28548986
24693,0.25447217
24694,0.07675078
24695,0.07111518
24696,0.07110199
24697,0.06414783
24698,0.03812017
24699,0.066920675
24700,0.069266856
24701,0.056346398
24702,0.070517905
24703,0.058622133
24704,0.054848943
24705,0.054011334
24706,0.051345058
24707,0.03641579
24708,0.047642637
24709,0.047158424
24710,0.0360175
24711,0.041001473
24712,0.033705898
24713,0.034985773
24714,0.065670885
24715,0.07024975
24716,0.11670361
24717,0.29575124
24718,0.12719637
24719,0.11346295
24720,0.081948355
24721,0.26636794
24722,0.07682756
24723,0.08180396
24724,0.0716966
24725,0.037503373
24726,0.03518451
24727,0.06821318
24728,0.27588725
24729,0.060959347
24730,0.07759776
24731,0.053036824
24732,0.08312749
24733,0.04779391
24734,0.04867139
24735,0.031000562
24736,0.037551854
24737,0.2826983
24738,0.070263356
24739,0.069481306
24740,0.13480666
24741,0.6088692
24742,0.12350534
24743,0.07773592
24744,0.52226394
24745,0.104079545
24746,0.2683408
24747,0.29209027
24748,0.06338019
24749,0.03824526
24750,0.06891883
24751,0.06687137
24752,0.07983643
24753,0.07238718
24754,0.076039724
24755,0.08128239
24756,0.047270693
24757,0.03225523
24758,0.039723005
24759,0.031048164
24760,0.13137336
24761,0.11080585
24762,0.080803476
24763,0.089801945
24764,0.25153473
24765,0.107006565
24766,0.096015066
24767,0.13130613
24768,0.18138969
24769,0.54546714
24770,0.107875735
24771,0.052618146
24772,0.06538938
24773,0.049893565
24774,0.04929319
24775,0.10204208
24776,0.77752113
24777,0.08191831
24778,0.08068297
24779,0.46827942
24780,0.08083085
24781,0.032406896
24782,0.026432473
24783,0.034671575
24784,0.053540163
24785,0.2570206
24786,0.54083997
24787,0.087693736
24788,0.28527105
24789,0.102995925
24790,0.23683643
24791,0.24651931
24792,0.16087055
24793,0.16544688
24794,0.516119
24795,0.09947173
24796,0.060113825
24797,0.063124
24798,0.0484811
24799,0.2768483
24800,0.86594766
24801,0.080353245
24802,0.082868285
24803,0.51950276
24804,0.0385073
24805,0.035176747
24806,0.07459418
24807,0.026463715
24808,0.06104207
24809,0.04971371
24810,0.034608223
24811,0.044322412
24812,0.117180265
24813,0.56400514
24814,0.4872353
24815,0.0867082
24816,0.26620826
24817,0.11712747
24818,0.26715624
24819,0.54517734
24820,0.27726647
24821,0.036417052
24822,0.28137824
24823,0.28154707
24824,0.10604392
24825,0.8698204
24826,0.3066469
24827,0.29956782
24828,0.08498243
24829,0.084535785
24830,0.23475653
24831,0.082393326
24832,0.0671163
24833,0.033336107
24834,0.029634237
24835,0.05908204
24836,0.04898487
24837,0.10927556
24838,0.11046268
24839,0.24430408
24840,0.09281097
24841,0.11174501
24842,0.12058579
24843,0.13994467
24844,0.5342807
24845,0.28186756
24846,0.048747364
24847,0.058876324
24848,0.2773719
24849,0.053193435
24850,0.07876664
24851,0.83283967
24852,0.8561809
24853,0.53296566
24854,0.06772098
24855,0.027049728
24856,0.08319022
24857,0.40661687
24858,0.040997006
24859,0.037146684
24860,0.08080694
24861,0.073041745
24862,0.06018548
24863,0.06833834
24864,0.5136127
24865,0.07750231
24866,0.11132638
24867,0.111047834
24868,0.08643903
24869,0.06736989
24870,0.06848211
24871,0.5529419
24872,0.5485665
24873,0.08298632
24874,0.11685051
24875,0.0883027
24876,0.09018174
24877,0.9599754
24878,0.8008452
24879,0.8462501
24880,0.26548538
24881,0.076155916
24882,0.061533067
24883,0.41984186
24884,0.090340056
24885,0.26880813
24886,0.048975345
24887,0.042663533
24888,0.0019972925
24889,0.06835396
24890,0.043283615
24891,0.06279644
24892,0.055888675
24893,0.51254076
24894,0.52636063
24895,0.57389253
24896,0.10984429
24897,0.08714204
24898,0.09275453
24899,0.09798239
24900,0.10268202
24901,0.057134885
24902,0.06492286
24903,0.11075725
24904,0.11556505
24905,0.08880208
24906,0.09386882
24907,0.044113148
24908,0.82870305
24909,0.9406142
24910,0.6480037
24911,0.06347624
24912,0.06459807
24913,0.2639962
24914,0.4297209
24915,0.11042805
24916,0.054229632
24917,0.034853764
24918,0.056448687
24919,0.028326798
24920,0.06307193
24921,0.063279
24922,0.93171525
24923,0.9001586
24924,0.116444156
24925,0.12160164
24926,0.10626519
24927,0.15936175
24928,0.11619644
24929,0.5700777
24930,0.06812495
24931,0.062371608
24932,0.07972764
24933,0.07997733
24934,0.09564193
24935,0.1035634
24936,0.08288854
24937,0.25492817
24938,0.2749706
24939,0.16855252
24940,0.05929706
24941,0.07369934
24942,0.07383825
24943,0.058831915
24944,0.24386895
24945,0.047648545
24946,0.05658604
24947,0.025682446
24948,0.042559985
24949,0.07055671
24950,0.06382685
24951,0.78125244
24952,0.7266761
24953,0.5353972
24954,0.13550319
24955,0.0944275
24956,0.16997537
24957,0.11832691
24958,0.56759304
24959,0.06795467
24960,0.074949
24961,0.07948042
24962,0.27950016
24963,0.093966596
24964,0.8437051
24965,0.8719814
24966,0.560496
24967,0.28202692
24968,1.0015994
24969,0.068730146
24970,0.065620966
24971,0.27177268
24972,0.26110327
24973,0.050272685
24974,0.05101945
24975,0.26033002
24976,0.03201736
24977,0.023998378
24978,0.05747706
24979,0.07394297
24980,0.09585477
24981,0.5495336
24982,0.25386858
24983,0.68680304
24984,0.27708524
24985,0.15136167
24986,0.16457242
24987,0.61114746
24988,0.09520499
24989,0.09799058
24990,0.064357944
24991,0.066735186
24992,0.57241464
24993,0.2503144
24994,0.043082293
24995,0.52461153
24996,0.26669323
24997,0.051706377
24998,0.05121735
24999,0.0977676
25000,0.07400502
25001,0.046705596
25002,0.058299623
25003,0.02530089
25004,0.009495866
25005,0.05453231
25006,0.07141931
25007,0.11520728
25008,0.116378546
25009,0.6796171
25010,0.6547892
25011,0.5670789
25012,0.57673615
25013,0.6361664
25014,0.12857321
25015,0.050880197
25016,0.06776054
25017,0.06888048
25018,0.16778886
25019,0.09241532
25020,0.04588187
25021,0.037333418
25022,0.06874935
25023,0.06969006
25024,0.054184973
25025,0.044431582
25026,0.092723936
25027,0.06558616
25028,0.03955727
25029,0.042463165
25030,0.05628345
25031,0.017067833
25032,0.0056976997
25033,0.07861898
25034,0.09107661
25035,0.10890606
25036,0.5308086
25037,0.26701584
25038,0.54971164
25039,0.7939356
25040,0.65061635
25041,0.45027918
25042,0.27688754
25043,0.058099408
25044,0.06383276
25045,0.06071566
25046,0.09190147
25047,0.040871426
25048,0.067333706
25049,0.9194285
25050,0.05990692
25051,0.05691637
25052,0.09324394
25053,0.08536708
25054,0.062028408
25055,0.09795016
25056,0.08062779
25057,0.08013195
25058,0.061401036
25059,0.0073206583
25060,0.005256624
25061,0.089833155
25062,0.083850265
25063,0.107523955
25064,0.5507037
25065,0.49266902
25066,0.28260532
25067,0.7580041
25068,0.43857682
25069,0.49996206
25070,0.267315
25071,0.054934096
25072,0.06342485
25073,0.094738625
25074,0.041915413
25075,0.062941946
25076,0.056374095
25077,0.46841025
25078,0.27940646
25079,0.44184703
25080,0.07543089
25081,0.09846643
25082,0.097706415
25083,0.078207664
25084,0.25695083
25085,0.26353446
25086,0.05789547
25087,0.036679976
25088,0.073957354
25089,0.9476758
25090,0.6250246
25091,0.6235754
25092,0.44058794
25093,0.26244932
25094,0.10348549
25095,0.28747874
25096,0.032034118
25097,0.06457574
25098,0.052251764
25099,0.06201318
25100,0.06247717
25101,0.08693936
25102,0.088345595
25103,0.09777224
25104,0.04293158
25105,0.26542282
25106,0.048559606
25107,0.04861641
25108,0.04671471
25109,0.3915133
25110,0.027114233
25111,0.009533003
25112,0.11084657
25113,0.31586707
25114,0.07214915
25115,0.07685945
25116,0.26826006
25117,0.1272514
25118,0.11385757
25119,0.10868333
25120,0.031218324
25121,0.065913424
25122,0.050138894
25123,0.051176835
25124,0.06380122
25125,0.094072275
25126,0.10320143
25127,0.044567067
25128,0.054076016
25129,0.26751506
25130,0.04434697
25131,0.124007225
25132,0.058164172
25133,0.10043494
25134,0.11174601
25135,0.040413328
25136,0.06786405
25137,0.060101125
25138,0.078583375
25139,0.080976926
25140,0.5413659
25141,0.57076997
25142,0.124259
25143,0.08674062
25144,0.065872245
25145,0.05164019
25146,0.05330719
25147,0.061392494
25148,0.047525987
25149,0.08926898
25150,0.27880427
25151,0.041687824
25152,0.04751672
25153,0.045179162
25154,0.04391184
25155,0.027189158
25156,0.02387053
25157,0.069064595
25158,0.10705239
25159,0.42707634
25160,0.0645535
25161,0.0553612
25162,0.08658608
25163,0.036130864
25164,0.10642021
25165,0.5754895
25166,0.11924398
25167,0.033861462
25168,0.2664108
25169,0.051954497
25170,0.0600014
25171,0.0506823
25172,0.09189674
25173,0.09949618
25174,0.042532712
25175,0.049204793
25176,0.04158935
25177,0.2876114
25178,0.04154657
25179,0.03793992
25180,0.036538567
25181,0.07265139
25182,0.05156615
25183,0.033631776
25184,0.03480306
25185,0.04554693
25186,0.050395366
25187,0.5324995
25188,0.05966036
25189,0.04372024
25190,0.054541353
25191,0.07886044
25192,0.082933106
25193,0.24973725
25194,0.045861118
25195,0.25978482
25196,0.06197851
25197,0.06452479
25198,0.05249235
25199,0.06659473
25200,0.06765888
25201,0.2470502
25202,0.059824158
25203,0.06804042
25204,0.036174387
25205,0.07390347
25206,0.048895434
25207,0.018283218
25208,0.49159518
25209,0.5438472
25210,0.11641799
25211,0.048168994
25212,0.046984937
25213,0.04806304
25214,0.045406114
25215,0.24963382
25216,0.0792496
25217,0.079648755
25218,0.9605836
25219,0.06801333
25220,0.08122919
25221,0.08301009
25222,0.07221571
25223,0.065050416
25224,0.04530565
25225,0.030566622
25226,0.06555223
25227,0.7657229
25228,0.08705599
25229,0.24856876
25230,0.056937236
25231,0.06695386
25232,0.059103474
25233,0.058417164
25234,0.02264574
25235,0.05693522
25236,0.050591733
25237,0.031415332
25238,0.04597344
25239,0.05433739
25240,0.049083393
25241,0.043547068
25242,0.0816981
25243,0.073999345
25244,0.06649583
25245,0.08248436
25246,0.06164424
25247,0.06834836
25248,0.066610985
25249,0.029962245
25250,0.0668405
25251,0.8028494
25252,0.08445534
25253,0.05544787
25254,0.05210974
25255,0.065212525
25256,0.04836268
25257,0.050759315
25258,0.02553997
25259,0.020804306
25260,0.2731096
25261,0.035772327
25262,0.034202855
25263,0.07528944
25264,0.086618796
25265,0.0635457
25266,0.06263063
25267,0.072157055
25268,0.06852497
25269,0.030335741
25270,0.07096399
25271,0.3962161
25272,0.05946211
25273,0.055159885
25274,0.05973525
25275,0.056603115
25276,0.08176397
25277,0.023760475
25278,0.010148383
25279,0.02363224
25280,0.2677551
25281,0.03298425
25282,0.021460406
25283,0.01592811
25284,0.043557394
25285,0.093110494
25286,0.07834392
25287,0.07866424
25288,0.0485133
25289,0.051514957
25290,0.026577
25291,0.031780608
25292,0.061522797
25293,0.29258373
25294,0.25583577
25295,0.022699673
25296,0.022860933
25297,0.018827716
25298,0.028737564
25299,0.03933521
25300,0.044442747
25301,0.033511356
25302,0.03134528
25303,0.03844702
25304,0.018655865
25305,0.019320108
25306,0.037657317
25307,0.030907515
25308,0.04112146
25309,0.085610345
25310,0.076246895
25311,0.0808635
25312,0.04624625
25313,0.04376334
25314,0.053318206
25315,0.4772157
25316,0.009719412
25317,0.016045285
25318,0.03517246
25319,0.027636481
25320,0.03440232
25321,0.044018444
25322,0.038290832
25323,0.022329973
25324,0.08326464
25325,0.04946268
25326,0.031131214
25327,0.05764679
25328,0.123109564
25329,0.03962226
25330,0.057632796
25331,0.037889794
25332,0.01668269
25333,0.027124096
25334,0.036474355
25335,0.038120788
25336,0.038708307
25337,0.031388666
25338,0.04183751
25339,0.026989184
25340,0.030338924
25341,0.06764154
25342,0.09221451
25343,0.056749847
25344,0.509597
25345,0.14531775
25346,0.06445593
25347,0.040162772
25348,0.028421631
25349,0.0071382066
25350,0.016504774
25351,0.023104407
25352,0.042658515
25353,0.019551672
25354,0.06805247
25355,0.0852007
25356,0.06314572
25357,0.04217591
25358,0.04510727
25359,0.032844365
25360,0.021897687
25361,0.010303572
25362,0.025130462
25363,0.024389273
25364,0.024764715
25365,0.071043625
25366,0.064632244
25367,0.092206605
25368,0.06284493
25369,0.09922895
25370,0.013836936
25371,0.012409519
25372,0.0116751
25373,0.01480233
25374,0.018298538
25375,0.019134881
25376,0.024086608
25377,0.02859417
25378,0.018223694
25379,0.043896552
25380,0.04207118
25381,0.042407982
25382,0.09128216
25383,0.27740803
25384,0.23329726
25385,0.039500527
25386,0.23338905
25387,0.023578662
25388,0.065177605
25389,0.059474185
25390,0.09038524
25391,0.08033392
25392,0.06399197
25393,0.052698165
25394,0.03641391
25395,0.06767998
25396,0.07944691
25397,0.06798226
25398,0.060824875
25399,0.05957165
25400,0.04233152
25401,0.07452881
25402,0.09963922
25403,0.06290242
25404,0.25647843
25405,0.07014357
25406,0.062600456
25407,0.27448767
25408,0.046214696
25409,0.59230876
25410,0.09076205
25411,0.2723241
25412,0.066954374
25413,0.062245544
25414,0.062377587
25415,0.059267975
25416,0.03471438
25417,0.2662676
25418,0.60574114
25419,0.09560798
25420,0.06266821
25421,0.06514668
25422,0.054625414
25423,0.028902289
25424,0.03292832
25425,0.04143552
25426,0.040004887
25427,0.031199368
25428,0.24889009
25429,0.3519551
25430,0.42915007
25431,0.36491436
25432,0.0639944
25433,0.06615154
25434,0.06250291
25435,0.05806232
25436,0.060687028
25437,0.03403111
25438,0.033847295
25439,0.07951745
25440,0.051995337
25441,0.106817566
25442,0.4020224
25443,0.10064352
25444,0.29109445
25445,0.5464135
25446,0.07474457
25447,0.072907895
25448,0.45927098
25449,0.055835087
25450,0.27944994
25451,0.06726381
25452,0.03882944
25453,0.039158165
25454,0.076143034
25455,0.09561284
25456,0.12023799
25457,0.069924556
25458,0.068204075
25459,0.07541798
25460,0.3016701
25461,0.05818913
25462,0.059101354
25463,0.040581714
25464,0.06278516
25465,0.06433342
25466,0.03431979
25467,0.054259837
25468,0.07864574
25469,0.06719712
25470,0.11278104
25471,0.07359704
25472,0.058519173
25473,0.07342101
25474,0.0808207
25475,0.42094505
25476,0.06289785
25477,0.08136031
25478,0.26934248
25479,0.29056892
25480,0.056733187
25481,0.05380437
25482,0.046155535
25483,0.04991119
25484,0.06872373
25485,0.08562733
25486,0.08914363
25487,0.2867996
25488,0.4658227
25489,0.04096091
25490,0.5215241
25491,0.04711653
25492,0.03771977
25493,0.049260043
25494,0.06310845
25495,0.28366563
25496,0.07273946
25497,0.034262627
25498,0.058308654
25499,0.05274145
25500,0.059436608
25501,0.087444976
25502,0.08854074
25503,0.2799452
25504,0.03448509
25505,0.043226983
25506,0.044951756
25507,0.04083889
25508,0.08550534
25509,0.07448004
25510,0.034437615
25511,0.05785773
25512,0.070590846
25513,0.1108178
25514,0.25741687
25515,0.04948123
25516,0.034084905
25517,0.02351599
25518,0.023268726
25519,0.026645273
25520,0.07794702
25521,0.07770069
25522,0.073446855
25523,0.44175512
25524,0.047141414
25525,0.08994377
25526,0.086324275
25527,0.053551212
25528,0.035544395
25529,0.03402776
25530,0.07266755
25531,0.048328664
25532,0.046524543
25533,0.26777783
25534,0.46828538
25535,0.063825876
25536,0.06613543
25537,0.07020273
25538,0.055787653
25539,0.05941352
25540,0.0817162
25541,0.028811606
25542,0.04840356
25543,0.25793743
25544,0.02025756
25545,0.024857057
25546,0.022492485
25547,0.05377433
25548,0.29191864
25549,0.07770069
25550,0.44104558
25551,0.5633195
25552,0.5209544
25553,0.058768097
25554,0.04822391
25555,0.039734833
25556,0.032770768
25557,0.055824377
25558,0.07836456
25559,0.07072413
25560,0.5104237
25561,0.062309727
25562,0.074450925
25563,0.056544203
25564,0.052703995
25565,0.031127071
25566,0.048649546
25567,0.0232084
25568,0.039461266
25569,0.037248775
25570,0.04729956
25571,0.075088404
25572,0.100314505
25573,0.09910221
25574,0.4758556
25575,0.5239417
25576,0.08544317
25577,0.074117064
25578,0.07774046
25579,0.07658205
25580,0.07593181
25581,0.03964213
25582,0.07633772
25583,0.08365191
25584,0.055090602
25585,0.06351091
25586,0.07256678
25587,0.05416155
25588,0.07913058
25589,0.25609785
25590,0.047463022
25591,0.039386816
25592,0.046226807
25593,0.052289255
25594,0.020716839
25595,0.041399162
25596,0.03450303
25597,0.08474597
25598,0.08314211
25599,0.11286412
25600,0.13529918
25601,0.56352246
25602,0.2878137
25603,0.22987823
25604,0.0768612
25605,0.07638061
25606,0.066767246
25607,0.040799677
25608,0.072750665
25609,0.06322526
25610,0.058340363
25611,0.0511338
25612,0.052269977
25613,0.030977951
25614,0.04304907
25615,0.0769631
25616,0.04364582
25617,0.028715052
25618,0.034112737
25619,0.068107195
25620,0.06922533
25621,0.29200417
25622,0.6600097
25623,0.11689884
25624,0.25921577
25625,0.08744772
25626,0.09684475
25627,0.078991205
25628,0.076238364
25629,0.067474544
25630,0.078856915
25631,0.06883968
25632,0.05312783
25633,0.07168826
25634,0.053735975
25635,0.080410995
25636,0.04616669
25637,0.038699638
25638,0.049910404
25639,0.2843056
25640,0.08272458
25641,0.07427343
25642,0.133253
25643,0.60553145
25644,0.10982816
25645,0.07915309
25646,0.5108674
25647,0.09272651
25648,0.2636819
25649,0.29403418
25650,0.07149108
25651,0.039713185
25652,0.038936555
25653,0.06709818
25654,0.07771111
25655,0.07659945
25656,0.27295887
25657,0.08322837
25658,0.033018555
25659,0.037790496
25660,0.037188325
25661,0.03414269
25662,0.11828843
25663,0.11239338
25664,0.08642412
25665,0.09221487
25666,0.2637477
25667,0.09961257
25668,0.10311032
25669,0.13370715
25670,0.16815554
25671,0.92466915
25672,0.10990789
25673,0.07021761
25674,0.05068472
25675,0.27677977
25676,0.7588367
25677,0.080410995
25678,0.08064708
25679,0.48773834
25680,0.07919955
25681,0.030172419
25682,0.019841252
25683,0.028886758
25684,0.06259409
25685,0.5248387
25686,0.5270133
25687,0.11706893
25688,0.27553955
25689,0.09078787
25690,0.26745754
25691,0.10088708
25692,0.13765211
25693,0.16266368
25694,0.3779911
25695,0.09994003
25696,0.060438443
25697,0.059150897
25698,0.054281063
25699,0.2873883
25700,0.91321933
25701,0.07368015
25702,0.5427304
25703,0.035446648
25704,0.2626317
25705,0.051588207
25706,0.06460409
25707,0.08142371
25708,0.048518077
25709,0.11267335
25710,0.4631618
25711,0.25375196
25712,0.08983087
25713,0.25823888
25714,0.12024963
25715,0.26701358
25716,0.44171348
25717,0.5265537
25718,0.03741124
25719,0.2862311
25720,0.28526762
25721,0.096460596
25722,0.92764884
25723,0.9127504
25724,0.59229654
25725,0.08429544
25726,0.08387235
25727,0.06703171
25728,0.0906748
25729,0.078444846
25730,0.040687148
25731,0.042658463
25732,0.03484723
25733,0.05571714
25734,0.029935883
25735,0.03380819
25736,0.11993562
25737,0.115780726
25738,0.24097086
25739,0.09811329
25740,0.114609204
25741,0.12800214
25742,0.25940275
25743,0.5290066
25744,0.27665573
25745,0.037883922
25746,0.05583352
25747,0.29217488
25748,0.052683618
25749,0.107568316
25750,0.78057396
25751,0.69335926
25752,0.57730883
25753,0.08096877
25754,0.030051917
25755,0.07700284
25756,0.4072178
25757,0.037116274
25758,0.022049882
25759,0.022284076
25760,0.029014416
25761,0.06743579
25762,0.016548485
25763,0.08916946
25764,0.068714164
25765,0.059332144
25766,0.056807123
25767,0.49287793
25768,0.073383346
25769,0.118322805
25770,0.121734396
25771,0.08702825
25772,0.087446794
25773,0.06715777
25774,0.26206627
25775,0.5331557
25776,0.11512538
25777,0.08879657
25778,0.08587363
25779,0.9886792
25780,0.91810447
25781,0.8218685
25782,0.062297672
25783,0.07190193
25784,0.07459844
25785,0.063087784
25786,0.4572536
25787,0.09817496
25788,0.278343
25789,0.04805269
25790,0.04562454
25791,0.06902221
25792,0.048682913
25793,0.057154227
25794,0.057505585
25795,0.55566335
25796,0.50877833
25797,0.27865547
25798,0.11668562
25799,0.10089566
25800,0.089373365
25801,0.1032663
25802,0.10848272
25803,0.06477223
25804,0.11492928
25805,0.11551232
25806,0.08105299
25807,0.09928423
25808,0.04375114
25809,0.8700724
25810,0.8854816
25811,0.7635806
25812,0.060028028
25813,0.06377035
25814,0.53535694
25815,0.06518418
25816,0.42954388
25817,0.045401305
25818,0.017899003
25819,0.059334762
25820,0.026249466
25821,0.0619617
25822,0.061100826
25823,0.8209686
25824,0.8185457
25825,0.12327515
25826,0.11015507
25827,0.085830554
25828,0.15904246
25829,0.1255435
25830,0.58892
25831,0.25222006
25832,0.072379515
25833,0.08404552
25834,0.07576789
25835,0.093217306
25836,0.09071234
25837,0.083158255
25838,0.26152816
25839,0.2669979
25840,0.16680202
25841,0.06233906
25842,0.07578709
25843,0.073348045
25844,0.059017815
25845,0.2612547
25846,0.045437485
25847,0.044825334
25848,0.026268132
25849,0.027407303
25850,0.059117902
25851,0.0753702
25852,0.8773023
25853,0.7280841
25854,0.2779154
25855,0.13227229
25856,0.08693991
25857,0.15282325
25858,0.12827781
25859,0.55100536
25860,0.25679398
25861,0.082940646
25862,0.08170331
25863,0.09724532
25864,0.11180479
25865,0.26120874
25866,0.927438
25867,0.2690067
25868,0.26418298
25869,0.9659143
25870,0.07356338
25871,0.07092834
25872,0.2750058
25873,0.26279864
25874,0.0481454
25875,0.052706417
25876,0.24974835
25877,0.027679209
25878,0.02609326
25879,0.014615774
25880,0.08003451
25881,0.07980912
25882,0.09660116
25883,0.52795553
25884,0.2610137
25885,0.6866437
25886,0.27061886
25887,0.14900653
25888,0.15464574
25889,0.61922395
25890,0.08270637
25891,0.09277139
25892,0.10202927
25893,0.062771834
25894,0.06265524
25895,0.4795056
25896,0.25936848
25897,0.03924224
25898,0.5058379
25899,0.2630457
25900,0.046307396
25901,0.04960755
25902,0.09421379
25903,0.07190132
25904,0.045643106
25905,0.045006864
25906,0.014615774
25907,0.05837792
25908,0.07521877
25909,0.11403492
25910,0.12331834
25911,0.70279515
25912,0.7240419
25913,0.5635362
25914,0.54728436
25915,0.631571
25916,0.13039322
25917,0.100044616
25918,0.05478775
25919,0.06572271
25920,0.07085095
25921,0.26012653
25922,0.09175468
25923,0.04317705
25924,0.07420223
25925,0.06273337
25926,0.05273771
25927,0.046669163
25928,0.048956998
25929,0.09130199
25930,0.060374316
25931,0.045706578
25932,0.045271464
25933,0.05795142
25934,0.018695338
25935,0.0065154163
25936,0.08162812
25937,0.09950095
25938,0.11648269
25939,0.24487169
25940,0.1423488
25941,0.524454
25942,0.7263941
25943,0.7643385
25944,0.2780755
25945,0.2706226
25946,0.054996666
25947,0.067234665
25948,0.059341658
25949,0.093333766
25950,0.040250182
25951,0.067183815
25952,0.9049422
25953,0.05353999
25954,0.060054097
25955,0.25759012
25956,0.0814803
25957,0.21238124
25958,0.08201264
25959,0.063973494
25960,0.009949056
25961,0.07659466
25962,0.09903848
25963,0.10974612
25964,0.5588811
25965,0.5152876
25966,0.2726589
25967,0.7064215
25968,0.50903815
25969,0.49732968
25970,0.088717364
25971,0.055026535
25972,0.06738974
25973,0.06235094
25974,0.086902946
25975,0.029401064
25976,0.06369156
25977,0.049707536
25978,0.4879132
25979,0.27222985
25980,0.39234638
25981,0.08004846
25982,0.11540558
25983,0.098056
25984,0.084039934
25985,0.0889548
25986,0.061356083
25987,0.06075098
25988,0.02635465
25989,0.05015595
25990,0.075391054
25991,0.94669014
25992,0.61814994
25993,0.6144125
25994,0.4546575
25995,0.25848135
25996,0.10613068
25997,0.27650082
25998,0.05659187
25999,0.0620912
26000,0.09369124
26001,0.096450314
26002,0.08932367
26003,0.04760504
26004,0.2825969
26005,0.039464086
26006,0.048770245
26007,0.049824674
26008,0.35420367
26009,0.027151866
26010,0.111171156
26011,0.3139273
26012,0.07344843
26013,0.07536835
26014,0.27432713
26015,0.13946724
26016,0.10090174
26017,0.109867014
26018,0.079104975
26019,0.050608322
26020,0.052182026
26021,0.060899846
26022,0.08264709
26023,0.03995529
26024,0.045641392
26025,0.27719912
26026,0.04872664
26027,0.051526412
26028,0.11949444
26029,0.022723572
26030,0.07228644
26031,0.11284542
26032,0.03660219
26033,0.08428394
26034,0.07916626
26035,0.09517681
26036,0.07973993
26037,0.5488232
26038,0.5576005
26039,0.12439664
26040,0.069433786
26041,0.048114114
26042,0.05346784
26043,0.064771265
26044,0.040220227
26045,0.092125595
26046,0.28238317
26047,0.043759555
26048,0.043394692
26049,0.050358996
26050,0.037054498
26051,0.021522071
26052,0.024013309
26053,0.07040349
26054,0.11037978
26055,0.41434762
26056,0.052317824
26057,0.05373479
26058,0.085505076
26059,0.03629156
26060,0.11045655
26061,0.561663
26062,0.12089537
26063,0.031563584
26064,0.0729784
26065,0.26131433
26066,0.052012905
26067,0.059276514
26068,0.05054616
26069,0.08886342
26070,0.09787131
26071,0.044649817
26072,0.05228393
26073,0.052061412
26074,0.032366198
26075,0.044489156
26076,0.020471215
26077,0.022333497
26078,0.03807167
26079,0.07775835
26080,0.060190592
26081,0.036315896
26082,0.039982285
26083,0.05439678
26084,0.047059827
26085,0.51735157
26086,0.048711896
26087,0.048389588
26088,0.05560464
26089,0.08300309
26090,0.07493339
26091,0.047248535
26092,0.27706653
26093,0.06434477
26094,0.062394768
26095,0.045180924
26096,0.047796898
26097,0.062554635
26098,0.06820944
26099,0.07985458
26100,0.0570716
26101,0.055732593
26102,0.25373518
26103,0.0320621
26104,0.106097765
26105,0.050403226
26106,0.020140752
26107,0.27290496
26108,0.6670789
26109,0.117237106
26110,0.05025581
26111,0.035793647
26112,0.051572897
26113,0.050310105
26114,0.04440172
26115,0.2473152
26116,0.07632104
26117,0.075993575
26118,0.8359577
26119,0.0833883
26120,0.0932129
26121,0.05936904
26122,0.06421811
26123,0.04952848
26124,0.030111458
26125,0.0719327
26126,0.3126237
26127,0.08559888
26128,0.27384236
26129,0.052303176
26130,0.054312408
26131,0.07355498
26132,0.06588051
26133,0.055062942
26134,0.01698499
26135,0.015912518
26136,0.046285037
26137,0.05157425
26138,0.036738466
26139,0.032658234
26140,0.050177976
26141,0.08254847
26142,0.071745075
26143,0.07244207
26144,0.08361776
26145,0.07097563
26146,0.0665534
26147,0.06982486
26148,0.028216604
26149,0.062495723
26150,0.6975816
26151,0.08595513
26152,0.058418978
26153,0.051230147
26154,0.064038016
26155,0.053104963
26156,0.06686187
26157,0.02165496
26158,0.020594405
26159,0.27194858
26160,0.033526767
26161,0.039372917
26162,0.030926961
26163,0.04998921
26164,0.04937184
26165,0.08381185
26166,0.07402523
26167,0.089010775
26168,0.061716095
26169,0.059564225
26170,0.07066113
26171,0.06697399
26172,0.029084513
26173,0.057924572
26174,0.45947704
26175,0.058853358
26176,0.053830754
26177,0.064038016
26178,0.02830946
26179,0.02009775
26180,0.023792915
26181,0.039395694
26182,0.030248936
26183,0.020422874
26184,0.02141555
26185,0.04088925
26186,0.08689662
26187,0.08031804
26188,0.08342776
26189,0.049590744
26190,0.04904336
26191,0.026509408
26192,0.027843647
26193,0.061643995
26194,0.10266912
26195,0.24860686
26196,0.07230346
26197,0.019893287
26198,0.01809864
26199,0.020312801
26200,0.031387433
26201,0.038810905
26202,0.030561775
26203,0.033061072
26204,0.026046826
26205,0.020469941
26206,0.015980473
26207,0.049392268
26208,0.08705143
26209,0.08382457
26210,0.080681585
26211,0.052335475
26212,0.11320203
26213,0.2731398
26214,0.029885514
26215,0.021250797
26216,0.013124714
26217,0.020807277
26218,0.03621673
26219,0.036061905
26220,0.03514025
26221,0.04939176
26222,0.020045541
26223,0.021388704
26224,0.09618977
26225,0.09124926
26226,0.092811815
26227,0.054577798
26228,0.033876937
26229,0.05955665
26230,0.056331195
26231,0.04831626
26232,0.06431792
26233,0.032142173
26234,0.015993342
26235,0.010749892
26236,0.033212293
26237,0.034215655
26238,0.044467174
26239,0.033615593
26240,0.04919325
26241,0.020287385
26242,0.018070636
26243,0.06676053
26244,0.08503921
26245,0.08476276
26246,0.061183367
26247,0.056512512
26248,0.3042678
26249,0.042118333
26250,0.058498856
26251,0.029202089
26252,0.0363933
26253,0.028138667
26254,0.011958061
26255,0.041230824
26256,0.020738112
26257,0.07069741
26258,0.09415629
26259,0.0628655
26260,0.033116207
26261,0.039631583
26262,0.036598295
26263,0.017184114
26264,0.032186277
26265,0.011169408
26266,0.017330185
26267,0.021149037
26268,0.027294876
26269,0.07071153
26270,0.08654338
26271,0.073635146
26272,0.099535406
26273,0.018359387
26274,0.020041933
26275,0.013381514
26276,0.012314387
26277,0.018945761
26278,0.015170311
26279,0.024925772
26280,0.031856075
26281,0.041989103
26282,0.035997573
26283,0.05422603
26284,0.04605033
26285,0.0951364
26286,0.26802564
26287,0.035727587
26288,0.067518055
26289,0.100716464
26290,0.114141986
26291,0.024409886
26292,0.02429504
26293,0.016536837
26294,0.02937569
26295,0.058850788
26296,0.060897056
26297,0.03091851
26298,0.060726963
26299,0.06649902
26300,0.057477504
26301,0.05921958
26302,0.06473011
26303,0.06288079
26304,0.08538997
26305,0.056514677
26306,0.36780894
26307,0.06187478
26308,0.06124093
26309,0.061678436
26310,0.26781416
26311,0.060650617
26312,0.082276136
26313,0.08535213
26314,0.06159821
26315,0.06986872
26316,0.060946528
26317,0.057672817
26318,0.030680906
26319,0.03307488
26320,0.033486627
26321,0.062892094
26322,0.0641173
26323,0.6376887
26324,0.09814165
26325,0.06379018
26326,0.07727118
26327,0.063219875
26328,0.06007882
26329,0.06028494
26330,0.03830953
26331,0.028690444
26332,0.037205804
26333,0.05866126
26334,0.25282648
26335,0.44431117
26336,0.42439052
26337,0.06414351
26338,0.06070265
26339,0.05754226
26340,0.035275582
26341,0.037282187
26342,0.060666244
26343,0.052901343
26344,0.39901057
26345,0.09196337
26346,0.096474975
26347,0.4637661
26348,0.06293615
26349,0.07205877
26350,0.47392392
26351,0.057606224
26352,0.053884044
26353,0.25983214
26354,0.071525216
26355,0.03488608
26356,0.04179587
26357,0.069286436
26358,0.077956334
26359,0.10130537
26360,0.10666822
26361,0.07082264
26362,0.074406154
26363,0.071346864
26364,0.29492158
26365,0.056098364
26366,0.05683877
26367,0.05783049
26368,0.06899368
26369,0.06499736
26370,0.055100292
26371,0.0713112
26372,0.06704699
26373,0.090182565
26374,0.069945246
26375,0.09394208
26376,0.05352384
26377,0.053326506
26378,0.046521243
26379,0.03875414
26380,0.07306914
26381,0.41200364
26382,0.05085056
26383,0.079580374
26384,0.072555915
26385,0.28866774
26386,0.059676208
26387,0.055058524
26388,0.04327261
26389,0.03771584
26390,0.037180122
26391,0.0630353
26392,0.07495793
26393,0.094412744
26394,0.087733306
26395,0.29131332
26396,0.45938563
26397,0.046215992
26398,0.24387747
26399,0.04428835
26400,0.078089744
26401,0.033464182
26402,0.06757215
26403,0.27363425
26404,0.07295006
26405,0.024244534
26406,0.059568174
26407,0.050908234
26408,0.08547864
26409,0.096835166
26410,0.42609742
26411,0.047039453
26412,0.043336533
26413,0.04571085
26414,0.07372536
26415,0.0764686
26416,0.030654812
26417,0.065141544
26418,0.062378634
26419,0.07529437
26420,0.07878823
26421,0.053538434
26422,0.051383663
26423,0.050649382
26424,0.033076126
26425,0.02802541
26426,0.024358027
26427,0.016894741
26428,0.06896958
26429,0.06354605
26430,0.40909865
26431,0.050526146
26432,0.09564096
26433,0.04954219
26434,0.053092815
26435,0.029691542
26436,0.033413652
26437,0.07316662
26438,0.04539816
26439,0.043961417
26440,0.04275438
26441,0.07174053
26442,0.570557
26443,0.06661937
26444,0.061257977
26445,0.07837433
26446,0.07929528
26447,0.04665363
26448,0.056003083
26449,0.06861334
26450,0.03018907
26451,0.04872766
26452,0.24837406
26453,0.02435817
26454,0.018399892
26455,0.05947307
26456,0.26735643
26457,0.068039395
26458,0.46509525
26459,0.6092036
26460,0.6293298
26461,0.060785178
26462,0.043456003
26463,0.03584493
26464,0.030025862
26465,0.03672039
26466,0.04586961
26467,0.0774953
26468,0.074166805
26469,0.59273785
26470,0.057793416
26471,0.063388266
26472,0.07163489
26473,0.06114729
26474,0.060544666
26475,0.0337472
26476,0.052493867
26477,0.058841772
26478,0.06361925
26479,0.036467914
26480,0.014669311
26481,0.030143801
26482,0.05359572
26483,0.054964997
26484,0.080695696
26485,0.10593454
26486,0.09779072
26487,0.47095847
26488,0.53002596
26489,0.07167556
26490,0.08968817
26491,0.07594899
26492,0.09769019
26493,0.044836365
26494,0.06855325
26495,0.061411638
26496,0.06504742
26497,0.055024914
26498,0.077674285
26499,0.060522646
26500,0.058082182
26501,0.039582595
26502,0.25990623
26503,0.046098888
26504,0.039746
26505,0.052791964
26506,0.046065647
26507,0.047642127
26508,0.020108309
26509,0.038740207
26510,0.037457038
26511,0.08274385
26512,0.08366685
26513,0.10487531
26514,0.13120355
26515,0.56340325
26516,0.2786546
26517,0.24892238
26518,0.081330694
26519,0.07608032
26520,0.06351569
26521,0.037292786
26522,0.06622422
26523,0.06957381
26524,0.06297521
26525,0.061822254
26526,0.053555902
26527,0.056832064
26528,0.03226997
26529,0.058238324
26530,0.04648732
26531,0.04034897
26532,0.024657669
26533,0.06953487
26534,0.06903235
26535,0.28758228
26536,0.64907634
26537,0.10795784
26538,0.110839605
26539,0.090897694
26540,0.09721983
26541,0.0728748
26542,0.08178372
26543,0.063467294
26544,0.037951652
26545,0.074632846
26546,0.5003184
26547,0.061747886
26548,0.07286393
26549,0.047281917
26550,0.080771975
26551,0.04769554
26552,0.04721435
26553,0.03348228
26554,0.04542686
26555,0.032179892
26556,0.2791498
26557,0.06766229
26558,0.07374225
26559,0.11504357
26560,0.60846627
26561,0.13508692
26562,0.085728526
26563,0.5055932
26564,0.09603328
26565,0.26502022
26566,0.28957367
26567,0.071004294
26568,0.036083613
26569,0.04009694
26570,0.0690316
26571,0.0752547
26572,0.07438989
26573,0.07668864
26574,0.08016459
26575,0.08084186
26576,0.040558096
26577,0.023528226
26578,0.028882086
26579,0.038689032
26580,0.09628248
26581,0.1176026
26582,0.10892604
26583,0.09260288
26584,0.24804823
26585,0.099026754
26586,0.11122392
26587,0.12198718
26588,0.16808382
26589,0.5593869
26590,0.108084716
26591,0.060016315
26592,0.056111187
26593,0.098486066
26594,0.86449355
26595,0.081617385
26596,0.54024905
26597,0.08432176
26598,0.03645182
26599,0.030670827
26600,0.025129782
26601,0.041485216
26602,0.05984447
26603,0.5502457
26604,0.5097356
26605,0.079303704
26606,0.1031911
26607,0.096012615
26608,0.09899634
26609,0.24647675
26610,0.12757844
26611,0.16754684
26612,0.47027802
26613,0.098155126
26614,0.05577217
26615,0.046214174
26616,0.05560582
26617,0.09471803
26618,0.85814327
26619,0.08100806
26620,0.55919784
26621,0.03395624
26622,0.26201847
26623,0.071372434
26624,0.061628938
26625,0.039002046
26626,0.028783005
26627,0.11172729
26628,0.48305193
26629,0.24945128
26630,0.08722159
26631,0.25603405
26632,0.11439533
26633,0.142473
26634,0.53128064
26635,0.53249425
26636,0.035602454
26637,0.13549449
26638,0.28137675
26639,0.09004202
26640,0.8656979
26641,0.83043665
26642,0.5387527
26643,0.07229505
26644,0.0801016
26645,0.075493194
26646,0.062165074
26647,0.028252697
26648,0.06133595
26649,0.061383326
26650,0.052901343
26651,0.04704229
26652,0.02260152
26653,0.11828225
26654,0.12408614
26655,0.088192634
26656,0.09413396
26657,0.123920456
26658,0.12631932
26659,0.2554014
26660,0.28078577
26661,0.2810038
26662,0.039061133
26663,0.057929285
26664,0.2832779
26665,0.055972476
26666,0.10755603
26667,0.77936035
26668,0.83317006
26669,0.5894952
26670,0.079327755
26671,0.081830904
26672,0.029958086
26673,0.07157657
26674,0.4210435
26675,0.03320781
26676,0.026975036
26677,0.01788432
26678,0.073732615
26679,0.074853726
26680,0.039685063
26681,0.056994095
26682,0.52826744
26683,0.08932931
26684,0.12350388
26685,0.111934505
26686,0.08927747
26687,0.108452246
26688,0.07987408
26689,0.25110173
26690,0.50620544
26691,0.08543387
26692,0.28152287
26693,0.08674344
26694,0.09321323
26695,0.965867
26696,0.84039074
26697,0.77412504
26698,0.26784167
26699,0.07898849
26700,0.45444623
26701,0.106291555
26702,0.09283145
26703,0.05705589
26704,0.040647585
26705,0.016330602
26706,0.06844418
26707,0.043648377
26708,0.059635684
26709,0.07275361
26710,0.51250046
26711,0.55509937
26712,0.26750976
26713,0.11646441
26714,0.08409326
26715,0.0889396
26716,0.104535535
26717,0.102759525
26718,0.068122044
26719,0.11009016
26720,0.11776705
26721,0.086514905
26722,0.10139428
26723,0.043999847
26724,0.8335634
26725,0.8777331
26726,0.8488353
26727,0.064674385
26728,0.06556256
26729,0.26000333
26730,0.05911605
26731,0.41707832
26732,0.10243435
26733,0.04761148
26734,0.027539985
26735,0.043511152
26736,0.025590122
26737,0.05706175
26738,0.060170986
26739,0.8901593
26740,0.88046235
26741,0.115256846
26742,0.10918589
26743,0.09888039
26744,0.15851344
26745,0.11613612
26746,0.59146565
26747,0.24649146
26748,0.06107857
26749,0.07714327
26750,0.08078761
26751,0.09354947
26752,0.09837904
26753,0.083535254
26754,0.8727065
26755,0.27645296
26756,0.2755597
26757,0.06643369
26758,0.07349958
26759,0.076184295
26760,0.07096854
26761,0.061438143
26762,0.26387197
26763,0.047490977
26764,0.050192676
26765,0.019700406
26766,0.054356005
26767,0.02331921
26768,0.058938142
26769,0.06370618
26770,0.8187446
26771,0.6930767
26772,0.26873675
26773,0.12867786
26774,0.08506489
26775,0.16143386
26776,0.12712783
26777,0.5568961
26778,0.08156442
26779,0.07592173
26780,0.076953046
26781,0.10099888
26782,0.09614619
26783,0.09199058
26784,0.8481805
26785,0.5322337
26786,0.16253693
26787,0.99123585
26788,0.07495723
26789,0.07053623
26790,0.27645975
26791,0.25941
26792,0.054994345
26793,0.2483093
26794,0.029803807
26795,0.01593281
26796,0.05724503
26797,0.073388666
26798,0.09300323
26799,0.5197839
26800,0.2599673
26801,0.68220484
26802,0.27422675
26803,0.14901346
26804,0.1563219
26805,0.6309092
26806,0.09038488
26807,0.096034706
26808,0.096183546
26809,0.06474517
26810,0.059502102
26811,0.45823497
26812,0.09155231
26813,0.04450731
26814,0.5124094
26815,0.51772326
26816,0.054284323
26817,0.092753895
26818,0.07738372
26819,0.06312776
26820,0.0412605
26821,0.02920934
26822,0.077755235
26823,0.07187651
26824,0.1141979
26825,0.114103176
26826,0.7018982
26827,0.65259886
26828,0.57848096
26829,0.5457334
26830,0.6249616
26831,0.13006894
26832,0.053516693
26833,0.06234434
26834,0.06475977
26835,0.16210341
26836,0.09077194
26837,0.04259464
26838,0.07766721
26839,0.06557708
26840,0.053933162
26841,0.05278613
26842,0.04772651
26843,0.08938648
26844,0.06312776
26845,0.042891357
26846,0.055357315
26847,0.01853815
26848,0.011878025
26849,0.07603356
26850,0.09315656
26851,0.12262568
26852,0.5855633
26853,0.13949156
26854,0.5437782
26855,0.754428
26856,0.69095767
26857,0.301464
26858,0.25891516
26859,0.066276275
26860,0.0897147
26861,0.03982393
26862,0.9337793
26863,0.05366643
26864,0.06068553
26865,0.10216469
26866,0.07908629
26867,0.06555337
26868,0.10913253
26869,0.088166304
26870,0.070017576
26871,0.01048872
26872,0.07772941
26873,0.09145446
26874,0.11171137
26875,0.53225434
26876,0.49268082
26877,0.27366093
26878,0.7582576
26879,0.24623974
26880,0.51581824
26881,0.08212231
26882,0.052567925
26883,0.06617694
26884,0.08016357
26885,0.04504667
26886,0.041077193
26887,0.06741076
26888,0.052741848
26889,0.48329315
26890,0.05853168
26891,0.4698628
26892,0.076072365
26893,0.10137849
26894,0.099602215
26895,0.081816055
26896,0.26836625
26897,0.26665124
26898,0.054472595
26899,0.06097967
26900,0.069319956
26901,0.8921207
26902,0.6075335
26903,0.63767254
26904,0.43503034
26905,0.25937647
26906,0.10552327
26907,0.27933905
26908,0.035299145
26909,0.06287535
26910,0.05995973
26911,0.064950965
26912,0.081988
26913,0.08907694
26914,0.10011245
26915,0.040153347
26916,0.0686535
26917,0.04052134
26918,0.04327016
26919,0.4178809
26920,0.024670996
26921,0.055681717
26922,0.11140909
26923,0.107018605
26924,0.074952334
26925,0.25453472
26926,0.12424909
26927,0.102536984
26928,0.113743655
26929,0.035332426
26930,0.086417094
26931,0.051118992
26932,0.049792126
26933,0.068829335
26934,0.08833424
26935,0.09085984
26936,0.04476607
26937,0.042120356
26938,0.26889497
26939,0.047993824
26940,0.043349307
26941,0.2647538
26942,0.056434765
26943,0.07045086
26944,0.10728702
26945,0.033986937
26946,0.07047994
26947,0.07917477
26948,0.07999465
26949,0.5345526
26950,0.57246226
26951,0.119804874
26952,0.07799651
26953,0.079160005
26954,0.053122263
26955,0.052873235
26956,0.05933436
26957,0.088949725
26958,0.09150086
26959,0.052253213
26960,0.044940133
26961,0.04752251
26962,0.04189721
26963,0.051804673
26964,0.02355531
26965,0.014351919
26966,0.070447214
26967,0.11932514
26968,0.4206708
26969,0.06265652
26970,0.057594776
26971,0.078839585
26972,0.054844264
26973,0.113678314
26974,0.54695946
26975,0.119551495
26976,0.029300462
26977,0.2550448
26978,0.061825946
26979,0.051387083
26980,0.051737987
26981,0.101807594
26982,0.09150086
26983,0.04313401
26984,0.048821524
26985,0.04919334
26986,0.050732262
26987,0.030828988
26988,0.034610797
26989,0.08996657
26990,0.05059759
26991,0.034434408
26992,0.049981833
26993,0.052507408
26994,0.045833085
26995,0.5086935
26996,0.04884978
26997,0.048821565
26998,0.05005999
26999,0.07663063
27000,0.08239635
27001,0.27453205
27002,0.042848002
27003,0.24386105
27004,0.058724757
27005,0.06514882
27006,0.048013713
27007,0.056005076
27008,0.0682713
27009,0.06666784
27010,0.39841595
27011,0.054105125
27012,0.059010893
27013,0.25470322
27014,0.033427645
27015,0.08656817
27016,0.050424185
27017,0.024863105
27018,0.27318558
27019,0.60207814
27020,0.117059425
27021,0.050073635
27022,0.030304803
27023,0.045942128
27024,0.04946736
27025,0.045569833
27026,0.039726645
27027,0.0763626
27028,0.077576846
27029,0.8910384
27030,0.079173595
27031,0.07729228
27032,0.06558915
27033,0.06157069
27034,0.04403916
27035,0.02951445
27036,0.08105811
27037,0.3144599
27038,0.08289714
27039,0.2694863
27040,0.05634372
27041,0.06432518
27042,0.060783446
27043,0.053661432
27044,0.01650806
27045,0.045728922
27046,0.046934113
27047,0.03532384
27048,0.0311818
27049,0.05390238
27050,0.085547194
27051,0.076011166
27052,0.075732805
27053,0.06102454
27054,0.062788725
27055,0.06849687
27056,0.025232712
27057,0.057134792
27058,0.5727942
27059,0.08634198
27060,0.05588065
27061,0.05385994
27062,0.063678496
27063,0.054832373
27064,0.05375835
27065,0.02076934
27066,0.023453724
27067,0.04565821
27068,0.033337984
27069,0.037176363
27070,0.04823145
27071,0.07319136
27072,0.082036376
27073,0.058895934
27074,0.067359306
27075,0.06649746
27076,0.029520217
27077,0.06391243
27078,0.41650888
27079,0.058989808
27080,0.05346054
27081,0.056814946
27082,0.05885917
27083,0.024784174
27084,0.020089375
27085,0.04542141
27086,0.045348264
27087,0.020480232
27088,0.028481679
27089,0.02131509
27090,0.04572407
27091,0.27844787
27092,0.0863606
27093,0.083937004
27094,0.05200894
27095,0.052984893
27096,0.029859578
27097,0.059596155
27098,0.27644742
27099,0.2863474
27100,0.027314903
27101,0.02508233
27102,0.02605264
27103,0.03611183
27104,0.039351556
27105,0.033685513
27106,0.029880613
27107,0.041120548
27108,0.022183426
27109,0.020409644
27110,0.025513358
27111,0.04053429
27112,0.08679789
27113,0.07915761
27114,0.083921425
27115,0.027622377
27116,0.05736453
27117,0.11356627
27118,0.2806992
27119,0.04446861
27120,0.031561345
27121,0.031949878
27122,0.016072081
27123,0.026843311
27124,0.038348533
27125,0.041867234
27126,0.01761769
27127,0.06581718
27128,0.0729101
27129,0.092881024
27130,0.04545993
27131,0.021543166
27132,0.057015203
27133,0.055782396
27134,0.046974383
27135,0.056573205
27136,0.019996217
27137,0.015289098
27138,0.031165428
27139,0.02804242
27140,0.04626217
27141,0.033149794
27142,0.03432741
27143,0.022369543
27144,0.020904165
27145,0.08566796
27146,0.09097523
27147,0.051720224
27148,0.061575692
27149,0.052961085
27150,0.27497295
27151,0.038407605
27152,0.03234371
27153,0.027316498
27154,0.030858751
27155,0.030328983
27156,0.015364898
27157,0.024232555
27158,0.019458776
27159,0.013828936
27160,0.04594378
27161,0.027515173
27162,0.06218032
27163,0.07056495
27164,0.082806736
27165,0.06861154
27166,0.03555309
27167,0.03837174
27168,0.03615248
27169,0.030032357
27170,0.012653617
27171,0.014662194
27172,0.02208703
27173,0.046606626
27174,0.023725903
27175,0.06875027
27176,0.06572356
27177,0.076584086
27178,0.11971134
27179,0.01425472
27180,0.025100552
27181,0.011345967
27182,0.013259536
27183,0.010332832
27184,0.020548394
27185,0.016337799
27186,0.03099768
27187,0.041473806
27188,0.037348237
27189,0.037887543
27190,0.07792762
27191,0.072026245
27192,0.24820016
27193,0.08588708
27194,0.13037279
27195,0.015329527
27196,0.028563743
27197,0.053662155
27198,0.04468465
27199,0.033484496
27200,0.056459717
27201,0.040986873
27202,0.030707005
27203,0.100643694
27204,0.08831797
27205,0.056902334
27206,0.05559199
27207,0.08726534
27208,0.05646119
27209,0.07787669
27210,0.09216095
27211,0.06855143
27212,0.40944284
27213,0.059181985
27214,0.3801956
27215,0.07141096
27216,0.090249114
27217,0.092360966
27218,0.060332686
27219,0.057980902
27220,0.055459503
27221,0.030382674
27222,0.03464444
27223,0.051140636
27224,0.059225913
27225,0.71178627
27226,0.09394017
27227,0.05772118
27228,0.05409407
27229,0.038148854
27230,0.030441675
27231,0.034073085
27232,0.035058968
27233,0.04002761
27234,0.06921606
27235,0.050800234
27236,0.45583257
27237,0.3932034
27238,0.06037434
27239,0.056344476
27240,0.057943393
27241,0.05777149
27242,0.040015005
27243,0.032808337
27244,0.06168287
27245,0.116994895
27246,0.424105
27247,0.25340545
27248,0.08393386
27249,0.53545743
27250,0.06714991
27251,0.5286174
27252,0.05558947
27253,0.26801005
27254,0.06446135
27255,0.033608723
27256,0.037618034
27257,0.07148411
27258,0.067141645
27259,0.09211737
27260,0.10180701
27261,0.07566782
27262,0.07721156
27263,0.41643077
27264,0.05308417
27265,0.04959335
27266,0.041217953
27267,0.06848326
27268,0.06758787
27269,0.027255327
27270,0.05611412
27271,0.083108924
27272,0.07387465
27273,0.09970764
27274,0.07445161
27275,0.08465273
27276,0.09460054
27277,0.054568857
27278,0.051801577
27279,0.04781095
27280,0.073060736
27281,0.41623956
27282,0.061103992
27283,0.07250322
27284,0.08052935
27285,0.28552744
27286,0.044614863
27287,0.05854986
27288,0.0543911
27289,0.034256574
27290,0.04167836
27291,0.065555386
27292,0.06604652
27293,0.08881309
27294,0.09670303
27295,0.08819429
27296,0.44430178
27297,0.042393513
27298,0.57958955
27299,0.04315048
27300,0.0760431
27301,0.028757062
27302,0.048480023
27303,0.055754334
27304,0.47265086
27305,0.07658595
27306,0.036430612
27307,0.058033373
27308,0.054140344
27309,0.09016943
27310,0.10060887
27311,0.5360668
27312,0.043060288
27313,0.041342422
27314,0.05178401
27315,0.04159946
27316,0.06412974
27317,0.075704925
27318,0.062026136
27319,0.03062543
27320,0.0560526
27321,0.08680733
27322,0.08052284
27323,0.06129759
27324,0.04955416
27325,0.033225775
27326,0.014120088
27327,0.023083005
27328,0.018514179
27329,0.071741305
27330,0.084432274
27331,0.4355063
27332,0.0515455
27333,0.10145208
27334,0.048057735
27335,0.06667642
27336,0.028871926
27337,0.029255511
27338,0.06640758
27339,0.045855936
27340,0.04526542
27341,0.0720452
27342,0.28162438
27343,0.06385076
27344,0.0621648
27345,0.0870951
27346,0.07110399
27347,0.060305692
27348,0.055494413
27349,0.07428472
27350,0.028947698
27351,0.05146032
27352,0.052256934
27353,0.02847622
27354,0.042087786
27355,0.063156545
27356,0.28542125
27357,0.06650429
27358,0.43501925
27359,0.5984635
27360,0.26691246
27361,0.05478301
27362,0.056723624
27363,0.0351009
27364,0.0351009
27365,0.04272545
27366,0.03864891
27367,0.07610629
27368,0.07285419
27369,0.4251328
27370,0.06410278
27371,0.07350475
27372,0.08267436
27373,0.08382112
27374,0.057962213
27375,0.054616153
27376,0.028947698
27377,0.050899822
27378,0.054139882
27379,0.0334387
27380,0.024901893
27381,0.026801443
27382,0.042202573
27383,0.0587159
27384,0.08263018
27385,0.10315115
27386,0.100245975
27387,0.2921614
27388,0.52357477
27389,0.07647373
27390,0.086446285
27391,0.074296325
27392,0.07670895
27393,0.08107672
27394,0.039292302
27395,0.04487421
27396,0.07141809
27397,0.07383203
27398,0.067398675
27399,0.05967623
27400,0.07400399
27401,0.048192747
27402,0.07119752
27403,0.051277284
27404,0.037701983
27405,0.043189507
27406,0.04969333
27407,0.03345044
27408,0.048259504
27409,0.047264088
27410,0.02082757
27411,0.03764053
27412,0.04442633
27413,0.081178755
27414,0.078647055
27415,0.10180423
27416,0.14401062
27417,0.53579164
27418,0.2963759
27419,0.24274063
27420,0.07905773
27421,0.0746112
27422,0.06626515
27423,0.0451136
27424,0.076248534
27425,0.061260443
27426,0.0633792
27427,0.062460385
27428,0.056194317
27429,0.04927588
27430,0.055288322
27431,0.031605616
27432,0.04679637
27433,0.033424083
27434,0.051422153
27435,0.0372953
27436,0.02812796
27437,0.09303282
27438,0.076160714
27439,0.12173976
27440,0.61753035
27441,0.11005884
27442,0.114612125
27443,0.079766594
27444,0.10017035
27445,0.073326476
27446,0.07400941
27447,0.06852642
27448,0.26590142
27449,0.058720313
27450,0.07243501
27451,0.04559915
27452,0.07619518
27453,0.05292568
27454,0.03550138
27455,0.038785808
27456,0.030399058
27457,0.28597468
27458,0.07682277
27459,0.07218349
27460,0.13440683
27461,0.6091025
27462,0.08734436
27463,0.0725761
27464,0.4809663
27465,0.09500953
27466,0.07842509
27467,0.29820967
27468,0.06793295
27469,0.052308045
27470,0.044115208
27471,0.06895131
27472,0.07461761
27473,0.07827691
27474,0.06876919
27475,0.08002344
27476,0.082854666
27477,0.05976921
27478,0.0346413
27479,0.033677544
27480,0.036133196
27481,0.09932372
27482,0.08715765
27483,0.10127448
27484,0.08839195
27485,0.25442097
27486,0.096727684
27487,0.09676265
27488,0.14651205
27489,0.16968553
27490,0.52226007
27491,0.108933754
27492,0.060255967
27493,0.057035215
27494,0.046698317
27495,0.09245258
27496,0.80414104
27497,0.082945466
27498,0.07631925
27499,0.49649343
27500,0.08487175
27501,0.03807021
27502,0.0446646
27503,0.55003846
27504,0.50096846
27505,0.08288939
27506,0.10597481
27507,0.094871506
27508,0.09516318
27509,0.12828147
27510,0.1722646
27511,0.4660357
27512,0.103006035
27513,0.037781607
27514,0.05207087
27515,0.06260172
27516,0.051002216
27517,0.048131905
27518,0.099186145
27519,0.95445585
27520,0.07520305
27521,0.5385916
27522,0.03607106
27523,0.030192144
27524,0.44512802
27525,0.057025857
27526,0.059880063
27527,0.051489998
27528,0.029494809
27529,0.46600705
27530,0.517473
27531,0.08806296
27532,0.2553453
27533,0.11674764
27534,0.26859492
27535,0.44728917
27536,0.42513624
27537,0.037380338
27538,0.28974992
27539,0.28486216
27540,0.27781287
27541,1.0492464
27542,0.91057396
27543,0.59271175
27544,0.07724516
27545,0.23836845
27546,0.06642299
27547,0.08047446
27548,0.035457984
27549,0.058602188
27550,0.05329397
27551,0.10090754
27552,0.109691165
27553,0.08806296
27554,0.09431102
27555,0.1166204
27556,0.12301869
27557,0.2654093
27558,0.29637265
27559,0.28078923
27560,0.040477354
27561,0.0634149
27562,0.2870648
27563,0.09463463
27564,0.78800184
27565,0.8698558
27566,0.6157748
27567,0.07463467
27568,0.08239369
27569,0.036048755
27570,0.2546861
27571,0.42922142
27572,0.03568319
27573,0.02481831
27574,0.026920436
27575,0.084605165
27576,0.07246147
27577,0.07814808
27578,0.05728453
27579,0.4901785
27580,0.071737304
27581,0.11315565
27582,0.11198126
27583,0.08547058
27584,0.08247272
27585,0.06521001
27586,0.24157767
27587,0.6004585
27588,0.0843371
27589,0.29360658
27590,0.09172203
27591,0.08677689
27592,0.9605882
27593,0.8226811
27594,0.7904467
27595,0.065764986
27596,0.2660617
27597,0.068211086
27598,0.06610154
27599,0.47633386
27600,0.098877035
27601,0.27963832
27602,0.051992856
27603,0.04478223
27604,0.019636707
27605,0.074325055
27606,0.04885393
27607,0.05762746
27608,0.056320593
27609,0.5914557
27610,0.50932825
27611,0.27217767
27612,0.11655682
27613,0.08536932
27614,0.097288236
27615,0.10820594
27616,0.10202478
27617,0.07682869
27618,0.06793596
27619,0.11285943
27620,0.115987554
27621,0.09190698
27622,0.10371822
27623,0.8790427
27624,0.8895353
27625,0.7811187
27626,0.06823545
27627,0.06485942
27628,0.279131
27629,0.063397735
27630,0.48375928
27631,0.103967994
27632,0.03982932
27633,0.020779962
27634,0.043027554
27635,0.037474032
27636,0.058953423
27637,0.063043885
27638,0.8775001
27639,0.88781244
27640,0.11021903
27641,0.1298433
27642,0.08722087
27643,0.15202056
27644,0.12116715
27645,0.61565536
27646,0.28023696
27647,0.06275201
27648,0.07377835
27649,0.08509079
27650,0.09276979
27651,0.09086276
27652,0.08423537
27653,0.8646441
27654,0.26599845
27655,0.2615396
27656,0.066335596
27657,0.07432102
27658,0.08016937
27659,0.07128836
27660,0.059530795
27661,0.2574762
27662,0.047818583
27663,0.05243532
27664,0.071875736
27665,0.058689974
27666,0.8549201
27667,0.7357795
27668,0.26633078
27669,0.14276119
27670,0.08925236
27671,0.16370457
27672,0.123790905
27673,0.57941306
27674,0.07356311
27675,0.0790689
27676,0.08177481
27677,0.10499337
27678,0.109997205
27679,0.08593907
27680,0.95653164
27681,0.27370545
27682,0.15378658
27683,1.063431
27684,0.07315596
27685,0.06988628
27686,0.07946664
27687,0.26009429
27688,0.045820493
27689,0.050166562
27690,0.056084033
27691,0.021985719
27692,0.02631696
27693,0.056091897
27694,0.08454412
27695,0.09528042
27696,0.5295155
27697,0.16199867
27698,0.2677715
27699,0.2700326
27700,0.14685549
27701,0.16160004
27702,0.6812838
27703,0.098402314
27704,0.10304357
27705,0.06889375
27706,0.06446707
27707,0.6526031
27708,0.2577521
27709,0.038317952
27710,0.5914285
27711,0.53100294
27712,0.05255866
27713,0.21627118
27714,0.0960066
27715,0.077378154
27716,0.062649384
27717,0.038756385
27718,0.04103052
27719,0.030293724
27720,0.013744719
27721,0.06735547
27722,0.07421019
27723,0.11375583
27724,0.116717756
27725,0.6944126
27726,0.7107415
27727,0.5676265
27728,0.5358338
27729,0.62655216
27730,0.12450082
27731,0.04764862
27732,0.06374626
27733,0.25406724
27734,0.1651284
27735,0.091288485
27736,0.03488989
27737,0.06757274
27738,0.06208789
27739,0.058010638
27740,0.04657464
27741,0.0883775
27742,0.06060648
27743,0.057707123
27744,0.04286676
27745,0.0566435
27746,0.011799242
27747,0.012397164
27748,0.077247195
27749,0.09147118
27750,0.11165014
27751,0.52909684
27752,0.1410054
27753,0.5305334
27754,0.7701521
27755,0.7145157
27756,0.28665376
27757,0.2568525
27758,0.06653821
27759,0.069223076
27760,0.093077876
27761,0.044138595
27762,0.065268114
27763,0.9323852
27764,0.05069381
27765,0.073044166
27766,0.091103286
27767,0.07836357
27768,0.06445919
27769,0.10429671
27770,0.08184088
27771,0.08277905
27772,0.060580295
27773,0.005036805
27774,0.08106494
27775,0.09313652
27776,0.11405726
27777,0.5587623
27778,0.54179025
27779,0.2808525
27780,0.78579724
27781,0.56712824
27782,0.55308306
27783,0.08610151
27784,0.052539513
27785,0.06751239
27786,0.06592406
27787,0.090959646
27788,0.04347561
27789,0.04453753
27790,0.065201566
27791,0.068336606
27792,0.54908895
27793,0.05654983
27794,0.51500654
27795,0.25895482
27796,0.102717854
27797,0.09854202
27798,0.056784663
27799,0.089334875
27800,0.055361744
27801,0.015511953
27802,0.045776382
27803,0.06949869
27804,0.9605075
27805,0.6171456
27806,0.6227106
27807,0.24411443
27808,0.27655903
27809,0.10517538
27810,0.27523312
27811,0.033283208
27812,0.03602636
27813,0.061613955
27814,0.056605272
27815,0.085266344
27816,0.08863246
27817,0.09548881
27818,0.042038873
27819,0.27114224
27820,0.052446526
27821,0.03827121
27822,0.5074686
27823,0.022508048
27824,0.113798216
27825,0.30457547
27826,0.08639769
27827,0.07492688
27828,0.26208818
27829,0.1295006
27830,0.101235
27831,0.278176
27832,0.027221715
27833,0.070241444
27834,0.05006827
27835,0.046815995
27836,0.06159709
27837,0.0873836
27838,0.09295087
27839,0.04519092
27840,0.043190975
27841,0.27906582
27842,0.0477829
27843,0.12138874
27844,0.089946106
27845,0.121067986
27846,0.035795104
27847,0.07137164
27848,0.07951391
27849,0.08279045
27850,0.0875702
27851,0.5683582
27852,0.6546
27853,0.115805045
27854,0.044705078
27855,0.06100124
27856,0.08840466
27857,0.09257791
27858,0.046566952
27859,0.045947436
27860,0.040134426
27861,0.04373571
27862,0.04430612
27863,0.028182147
27864,0.028045159
27865,0.07500075
27866,0.10623274
27867,0.52125293
27868,0.051159687
27869,0.05832494
27870,0.24856928
27871,0.05235251
27872,0.11142987
27873,0.62432337
27874,0.11850483
27875,0.030251313
27876,0.07324341
27877,0.2692497
27878,0.06527894
27879,0.051630575
27880,0.05365724
27881,0.08752975
27882,0.09760448
27883,0.04460768
27884,0.04691505
27885,0.0501151
27886,0.04081533
27887,0.024451789
27888,0.03187201
27889,0.086769424
27890,0.061887994
27891,0.030723916
27892,0.0374213
27893,0.0464368
27894,0.052542757
27895,0.53041935
27896,0.052892596
27897,0.04304721
27898,0.05038357
27899,0.08049861
27900,0.08530712
27901,0.069765575
27902,0.04271629
27903,0.257764
27904,0.061355207
27905,0.0648824
27906,0.047605783
27907,0.03702992
27908,0.0625487
27909,0.06828547
27910,0.4866568
27911,0.05209166
27912,0.05735762
27913,0.23936105
27914,0.03375364
27915,0.0835963
27916,0.049104538
27917,0.017634451
27918,0.2792623
27919,0.52599746
27920,0.12039394
27921,0.047445547
27922,0.036314577
27923,0.041545097
27924,0.048570186
27925,0.04297243
27926,0.25779167
27927,0.07930013
27928,0.0784391
27929,0.94054514
27930,0.06672315
27931,0.07853726
27932,0.06159715
27933,0.06772167
27934,0.053693783
27935,0.028981697
27936,0.06615846
27937,0.30041513
27938,0.08519937
27939,0.2576779
27940,0.05824105
27941,0.052964572
27942,0.06504745
27943,0.08849082
27944,0.06003034
27945,0.07229267
27946,0.020656299
27947,0.045077596
27948,0.049454316
27949,0.036835257
27950,0.0314147
27951,0.047549848
27952,0.04921335
27953,0.0819413
27954,0.06438892
27955,0.071990214
27956,0.08412176
27957,0.059802115
27958,0.064978346
27959,0.06868499
27960,0.069318324
27961,0.6529199
27962,0.08650133
27963,0.058616493
27964,0.056945566
27965,0.06417368
27966,0.054054037
27967,0.05346398
27968,0.026806027
27969,0.01746453
27970,0.0483448
27971,0.026940847
27972,0.030680595
27973,0.08774658
27974,0.07092704
27975,0.08586952
27976,0.06242849
27977,0.06048696
27978,0.07018643
27979,0.06840185
27980,0.030633865
27981,0.0689767
27982,0.48620757
27983,0.057544813
27984,0.055303216
27985,0.060362987
27986,0.053446513
27987,0.022754444
27988,0.01734075
27989,0.2670007
27990,0.03506197
27991,0.020072768
27992,0.018119948
27993,0.024861056
27994,0.03796838
27995,0.2750165
27996,0.07874064
27997,0.07852789
27998,0.04848112
27999,0.04979576
28000,0.030126773
28001,0.029260462
28002,0.23528482
28003,0.124052785
28004,0.25899544
28005,0.021865327
28006,0.02049708
28007,0.017353522
28008,0.03715996
28009,0.02836317
28010,0.032102216
28011,0.024869252
28012,0.022802562
28013,0.045719806
28014,0.08834901
28015,0.0835465
28016,0.08610697
28017,0.030358404
28018,0.05821128
28019,0.12513313
28020,0.48721164
28021,0.042832404
28022,0.024421366
28023,0.012484048
28024,0.024083877
28025,0.039158702
28026,0.027814697
28027,0.039675154
28028,0.021161536
28029,0.022802562
28030,0.0656344
28031,0.08515098
28032,0.08810257
28033,0.048216987
28034,0.029851751
28035,0.054106418
28036,0.052963294
28037,0.050599646
28038,0.014639437
28039,0.01713864
28040,0.038322184
28041,0.037779573
28042,0.043611504
28043,0.04014584
28044,0.043832198
28045,0.017773747
28046,0.017923923
28047,0.08516434
28048,0.07880367
28049,0.04904511
28050,0.057517897
28051,0.059508916
28052,0.47851655
28053,0.04375257
28054,0.05259933
28055,0.03510674
28056,0.025611404
28057,0.024135893
28058,0.010609343
28059,0.041234497
28060,0.02187975
28061,0.070956945
28062,0.27853245
28063,0.07480819
28064,0.03699109
28065,0.03852474
28066,0.026658617
28067,0.027610064
28068,0.012331124
28069,0.021888662
28070,0.022466531
28071,0.068774484
28072,0.06865834
28073,0.08982185
28074,0.06777139
28075,0.27866462
28076,0.016185058
28077,0.013895878
28078,0.018361092
28079,0.017680192
28080,0.019775754
28081,0.017734062
28082,0.02430042
28083,0.024327356
28084,0.02042633
28085,0.04068892
28086,0.04402986
28087,0.08859671
28088,0.27853245
28089,0.067382894
28090,0.073052265
28091,0.04570313
28092,0.10593377
28093,0.011723864
28094,0.031082205
28095,0.03536317
28096,0.032997694
28097,0.052305203
28098,0.07835724
28099,0.06878099
28100,0.06604111
28101,0.03130978
28102,0.036946416
28103,0.07819054
28104,0.06539784
28105,0.058244422
28106,0.060347218
28107,0.0631921
28108,0.2771426
28109,0.061403755
28110,0.09535489
28111,0.2751176
28112,0.39437848
28113,0.0647805
28114,0.064648755
28115,0.05768861
28116,0.28250372
28117,0.050500605
28118,0.29743826
28119,0.09232119
28120,0.28074571
28121,0.06827785
28122,0.058490768
28123,0.028538542
28124,0.0330609
28125,0.036548555
28126,0.26121217
28127,0.043466397
28128,0.61960334
28129,0.30562985
28130,0.06318328
28131,0.05934007
28132,0.058349002
28133,0.07219375
28134,0.06050055
28135,0.03255403
28136,0.02843871
28137,0.034637786
28138,0.032783158
28139,0.062261257
28140,0.052550774
28141,0.25618902
28142,0.40158972
28143,0.43305963
28144,0.06485655
28145,0.066605344
28146,0.06386979
28147,0.07159074
28148,0.05947869
28149,0.032806333
28150,0.032679755
28151,0.06094115
28152,0.052604575
28153,0.10508153
28154,0.42114663
28155,0.090196446
28156,0.11264637
28157,0.5161834
28158,0.060018174
28159,0.089603744
28160,0.41055545
28161,0.055049624
28162,0.051558252
28163,0.58674496
28164,0.062423464
28165,0.044036254
28166,0.05235142
28167,0.06764067
28168,0.08191027
28169,0.10921412
28170,0.09767434
28171,0.06651373
28172,0.08165315
28173,0.071214564
28174,0.29856867
28175,0.05633236
28176,0.04894097
28177,0.043876056
28178,0.06717972
28179,0.06708798
28180,0.038375083
28181,0.031655554
28182,0.054938007
28183,0.049906574
28184,0.0757411
28185,0.07376764
28186,0.113840215
28187,0.05069315
28188,0.27193648
28189,0.07417503
28190,0.10140849
28191,0.057808094
28192,0.055494502
28193,0.045527898
28194,0.032257255
28195,0.48799855
28196,0.2708907
28197,0.07152891
28198,0.10672709
28199,0.2951423
28200,0.05362528
28201,0.0637135
28202,0.035695124
28203,0.06965828
28204,0.06522377
28205,0.05021529
28206,0.08785876
28207,0.081210226
28208,0.09881748
28209,0.47276387
28210,0.5601207
28211,0.043789823
28212,0.07877674
28213,0.030203365
28214,0.05618958
28215,0.06456984
28216,0.4377787
28217,0.07324025
28218,0.027665054
28219,0.06827791
28220,0.056149915
28221,0.05917893
28222,0.08463281
28223,0.07957553
28224,0.49187416
28225,0.045015134
28226,0.24866003
28227,0.053104687
28228,0.045387704
28229,0.07099449
28230,0.077406615
28231,0.032664455
28232,0.062299658
28233,0.06879672
28234,0.08605733
28235,0.0525493
28236,0.051124822
28237,0.014443151
28238,0.021046337
28239,0.018485658
28240,0.07467425
28241,0.07110069
28242,0.4005878
28243,0.06460359
28244,0.091940835
28245,0.0562108
28246,0.046542406
28247,0.032107435
28248,0.03210118
28249,0.07457007
28250,0.047723237
28251,0.046388075
28252,0.07120466
28253,0.52400357
28254,0.06468976
28255,0.0648344
28256,0.07116292
28257,0.07168303
28258,0.054920163
28259,0.0599572
28260,0.08695534
28261,0.031269822
28262,0.06142562
28263,0.051904082
28264,0.05056324
28265,0.026942877
28266,0.015499852
28267,0.025603142
28268,0.06281633
28269,0.2831897
28270,0.0777785
28271,0.4787192
28272,0.5490916
28273,0.56800497
28274,0.05915707
28275,0.046149213
28276,0.04703854
28277,0.039147995
28278,0.04324894
28279,0.0806007
28280,0.07242618
28281,0.5616148
28282,0.06917106
28283,0.06238319
28284,0.07114258
28285,0.06871894
28286,0.05875735
28287,0.05183988
28288,0.031756874
28289,0.051140744
28290,0.057388335
28291,0.04957248
28292,0.023740854
28293,0.042700697
28294,0.031669687
28295,0.068604186
28296,0.28323826
28297,0.109295115
28298,0.11635528
28299,0.29866844
28300,0.49754673
28301,0.0717518
28302,0.0731314
28303,0.07946336
28304,0.084807016
28305,0.040566076
28306,0.06785643
28307,0.06986806
28308,0.05910232
28309,0.06677787
28310,0.0779079
28311,0.06567224
28312,0.084369846
28313,0.054437283
28314,0.033835873
28315,0.0461936
28316,0.048438616
28317,0.019622132
28318,0.0490759
28319,0.04779946
28320,0.028947225
28321,0.03331839
28322,0.07901965
28323,0.078376226
28324,0.10554036
28325,0.13288726
28326,0.59752434
28327,0.3132594
28328,0.25430274
28329,0.08035207
28330,0.08085572
28331,0.064799786
28332,0.03766914
28333,0.067691356
28334,0.07482897
28335,0.061272487
28336,0.061384305
28337,0.06292059
28338,0.055119265
28339,0.04981906
28340,0.03542057
28341,0.04691292
28342,0.032663893
28343,0.040276203
28344,0.025054935
28345,0.033357415
28346,0.06998116
28347,0.07535698
28348,0.28509292
28349,0.6232776
28350,0.117632955
28351,0.11703325
28352,0.09013618
28353,0.096460186
28354,0.07784804
28355,0.076892465
28356,0.07011852
28357,0.037157856
28358,0.06693661
28359,0.38295674
28360,0.0570936
28361,0.07734462
28362,0.056889236
28363,0.08048201
28364,0.0454175
28365,0.057053972
28366,0.030345768
28367,0.03842641
28368,0.054859556
28369,0.37582684
28370,0.06794472
28371,0.074951515
28372,0.113372855
28373,0.5139577
28374,0.1258429
28375,0.07188486
28376,0.51935714
28377,0.09463037
28378,0.08043358
28379,0.29532504
28380,0.0703447
28381,0.036218937
28382,0.038914815
28383,0.08280314
28384,0.06956345
28385,0.07507696
28386,0.07184214
28387,0.078841284
28388,0.08207069
28389,0.035467964
28390,0.043253828
28391,0.03555014
28392,0.03413713
28393,0.038297016
28394,0.08335462
28395,0.11137369
28396,0.092424564
28397,0.110278375
28398,0.50248474
28399,0.1008733
28400,0.10355955
28401,0.1406538
28402,0.16823494
28403,0.63513345
28404,0.1147205
28405,0.055632733
28406,0.047018524
28407,0.09203993
28408,0.7676543
28409,0.079939306
28410,0.077521786
28411,0.46885714
28412,0.28130457
28413,0.031952765
28414,0.045214012
28415,0.051571723
28416,0.51080245
28417,0.52399427
28418,0.109846234
28419,0.098750755
28420,0.10638774
28421,0.099414274
28422,0.093094654
28423,0.1336001
28424,0.16423197
28425,0.3802458
28426,0.09934707
28427,0.061773483
28428,0.05693575
28429,0.057885583
28430,0.060575392
28431,0.09735507
28432,0.78596973
28433,0.0766243
28434,0.5135834
28435,0.032260984
28436,0.043075014
28437,0.27154985
28438,0.021052942
28439,0.04992713
28440,0.057383988
28441,0.040707633
28442,0.04617079
28443,0.08945423
28444,0.46250284
28445,0.25177148
28446,0.09318908
28447,0.27224606
28448,0.13381653
28449,0.26409584
28450,0.5419571
28451,0.41908032
28452,0.2873237
28453,0.37662512
28454,0.10541839
28455,0.87305737
28456,0.86197466
28457,0.5747188
28458,0.08216052
28459,0.083986275
28460,0.25024125
28461,0.07503783
28462,0.08339263
28463,0.033964295
28464,0.063468635
28465,0.054331504
28466,0.04277847
28467,0.03434313
28468,0.09270563
28469,0.103552245
28470,0.24430704
28471,0.0944314
28472,0.12488031
28473,0.11643506
28474,0.1410574
28475,0.30319858
28476,0.28575853
28477,0.035548408
28478,0.057545252
28479,0.28500614
28480,0.059160963
28481,0.08941629
28482,0.8305223
28483,0.86197466
28484,0.6180957
28485,0.083093196
28486,0.07870089
28487,0.035947345
28488,0.18237457
28489,0.39618233
28490,0.03396786
28491,0.022147572
28492,0.028715488
28493,0.021152167
28494,0.06145635
28495,0.018484997
28496,0.0687245
28497,0.08529505
28498,0.059262436
28499,0.058890436
28500,0.492348
28501,0.0735596
28502,0.09491657
28503,0.11779313
28504,0.07617443
28505,0.08246559
28506,0.078626916
28507,0.26417175
28508,0.28086174
28509,0.10628611
28510,0.28965545
28511,0.08830832
28512,0.08105396
28513,0.95957935
28514,0.87698096
28515,0.6753787
28516,0.06266537
28517,0.08480068
28518,0.076034494
28519,0.36549184
28520,0.103522785
28521,0.2751821
28522,0.054197766
28523,0.044885427
28524,0.02068543
28525,0.073470786
28526,0.050781667
28527,0.056024063
28528,0.06445151
28529,0.51348853
28530,0.5306456
28531,0.2713148
28532,0.12953748
28533,0.08103419
28534,0.100359306
28535,0.0969012
28536,0.099067345
28537,0.06788284
28538,0.11460569
28539,0.11080562
28540,0.09133082
28541,0.099835
28542,0.04503882
28543,0.85459965
28544,0.8702682
28545,0.7571284
28546,0.06535172
28547,0.065844804
28548,0.2646159
28549,0.06055762
28550,0.4189332
28551,0.10850193
28552,0.046924286
28553,0.020146625
28554,0.04582355
28555,0.025095467
28556,0.059420917
28557,0.07195287
28558,0.8858413
28559,0.9095141
28560,0.10745152
28561,0.12233895
28562,0.081988536
28563,0.15313585
28564,0.12129584
28565,0.57803667
28566,0.2616856
28567,0.06541223
28568,0.081820674
28569,0.08510605
28570,0.09597372
28571,0.10095175
28572,0.26802197
28573,0.55585945
28574,0.27713132
28575,0.063352
28576,0.06506218
28577,0.07445007
28578,0.078670636
28579,0.06536195
28580,0.26530188
28581,0.048129078
28582,0.061063785
28583,0.060632486
28584,0.05859456
28585,0.86548746
28586,0.7421834
28587,0.26672712
28588,0.27022538
28589,0.081808396
28590,0.14832276
28591,0.12621018
28592,0.55598974
28593,0.17396928
28594,0.06507369
28595,0.08006408
28596,0.077706926
28597,0.27752817
28598,0.09973468
28599,0.26426384
28600,0.27587986
28601,0.27769902
28602,0.26884422
28603,1.0093257
28604,0.075113975
28605,0.07024168
28606,0.06153567
28607,0.261795
28608,0.056858897
28609,0.050901383
28610,0.2735412
28611,0.04677722
28612,0.015439749
28613,0.05758751
28614,0.07891846
28615,0.092077754
28616,0.5313262
28617,0.25819567
28618,0.28757647
28619,0.274046
28620,0.15429142
28621,0.15678224
28622,0.29347733
28623,0.100120746
28624,0.09764944
28625,0.06581259
28626,0.06605391
28627,0.4805909
28628,0.2598263
28629,0.041177485
28630,0.5243453
28631,0.51665133
28632,0.048836533
28633,0.04915191
28634,0.09058779
28635,0.07902313
28636,0.05658367
28637,0.04134001
28638,0.053474795
28639,0.014238592
28640,0.06080578
28641,0.077083044
28642,0.13195625
28643,0.118680604
28644,0.6984652
28645,0.6697402
28646,0.57948434
28647,0.53949904
28648,0.6127863
28649,0.12337152
28650,0.0553607
28651,0.06702932
28652,0.063359596
28653,0.27085182
28654,0.093106866
28655,0.24186489
28656,0.07294824
28657,0.062168077
28658,0.05203812
28659,0.092126004
28660,0.06702911
28661,0.060876846
28662,0.057168864
28663,0.047698144
28664,0.045529366
28665,0.00740346
28666,0.07243758
28667,0.09408788
28668,0.105536416
28669,0.4716434
28670,0.13988163
28671,0.5630826
28672,0.71971184
28673,0.7278667
28674,0.30587068
28675,0.26648003
28676,0.0644573
28677,0.091953434
28678,0.042404953
28679,0.039258163
28680,0.067716345
28681,0.9599574
28682,0.05145483
28683,0.05836873
28684,0.25168625
28685,0.078505896
28686,0.247208
28687,0.094614096
28688,0.09198739
28689,0.084079
28690,0.07063449
28691,0.08109998
28692,0.09140981
28693,0.10606062
28694,0.57796603
28695,0.527997
28696,0.2797025
28697,0.76415974
28698,0.51844263
28699,0.5087168
28700,0.07482348
28701,0.0649406
28702,0.06701816
28703,0.09455686
28704,0.04541611
28705,0.06584434
28706,0.26364794
28707,0.4847059
28708,0.06011696
28709,0.46732125
28710,0.26136076
28711,0.105304725
28712,0.09755326
28713,0.08237694
28714,0.08062796
28715,0.067943856
28716,0.05908009
28717,0.026709724
28718,0.068640366
28719,0.94587195
28720,0.64787227
28721,0.6466109
28722,0.48657542
28723,0.28870276
28724,0.106448434
28725,0.2739931
28726,0.061432976
28727,0.058251955
28728,0.062232476
28729,0.077077694
28730,0.09284197
28731,0.102706745
28732,0.041913167
28733,0.46412784
28734,0.05488068
28735,0.04253006
28736,0.49579018
28737,0.025840178
28738,0.0077855373
28739,0.053505678
28740,0.11084799
28741,0.32828584
28742,0.075568974
28743,0.07662921
28744,0.26591656
28745,0.2647755
28746,0.1078112
28747,0.21717945
28748,0.26587722
28749,0.051257204
28750,0.05062214
28751,0.062637225
28752,0.27703127
28753,0.09367054
28754,0.04733536
28755,0.0418867
28756,0.04362086
28757,0.11356604
28758,0.06946933
28759,0.11582261
28760,0.05044736
28761,0.07160166
28762,0.08709391
28763,0.08394767
28764,0.50278926
28765,0.5717211
28766,0.12344835
28767,0.031313755
28768,0.053037487
28769,0.060830843
28770,0.054263473
28771,0.09074502
28772,0.10361818
28773,0.043192573
28774,0.056385875
28775,0.04691219
28776,0.047310103
28777,0.0456297
28778,0.026019054
28779,0.024994968
28780,0.06656251
28781,0.1097499
28782,0.4028991
28783,0.053564124
28784,0.0846591
28785,0.04165388
28786,0.112697415
28787,0.5795561
28788,0.12319148
28789,0.03076404
28790,0.25965488
28791,0.044802904
28792,0.064091004
28793,0.050467063
28794,0.053763367
28795,0.29062545
28796,0.096388556
28797,0.040872626
28798,0.045605205
28799,0.05074819
28800,0.048366822
28801,0.045603834
28802,0.02436021
28803,0.033847075
28804,0.07688209
28805,0.04729639
28806,0.04757224
28807,0.040384114
28808,0.04730794
28809,0.04628031
28810,0.5001367
28811,0.052259933
28812,0.051725104
28813,0.05078866
28814,0.07724682
28815,0.082122095
28816,0.26163572
28817,0.04155872
28818,0.08278989
28819,0.060230657
28820,0.06608198
28821,0.040292785
28822,0.043270357
28823,0.062970646
28824,0.067906536
28825,0.5405643
28826,0.054737262
28827,0.0592517
28828,0.27611765
28829,0.035362236
28830,0.08934488
28831,0.050872914
28832,0.020896029
28833,0.49231392
28834,0.54026496
28835,0.11746164
28836,0.05352635
28837,0.03222891
28838,0.049397398
28839,0.053111065
28840,0.048142917
28841,0.04977142
28842,0.07635547
28843,0.0831462
28844,0.8101662
28845,0.07333613
28846,0.084573306
28847,0.059455767
28848,0.06505629
28849,0.05065343
28850,0.033352822
28851,0.062462796
28852,0.7371873
28853,0.08801334
28854,0.24118377
28855,0.06246195
28856,0.05753431
28857,0.06103697
28858,0.077958144
28859,0.055787
28860,0.047610354
28861,0.019540021
28862,0.049844455
28863,0.042079333
28864,0.05052443
28865,0.03366462
28866,0.034024324
28867,0.047376614
28868,0.052666206
28869,0.044366233
28870,0.08080335
28871,0.073808484
28872,0.06950887
28873,0.058631085
28874,0.064753085
28875,0.06800337
28876,0.032290712
28877,0.06772298
28878,0.66542536
28879,0.08194305
28880,0.058961112
28881,0.05512032
28882,0.05618627
28883,0.05215097
28884,0.049862955
28885,0.01692661
28886,0.019348752
28887,0.28793532
28888,0.033460204
28889,0.044651154
28890,0.06944442
28891,0.08551499
28892,0.06268185
28893,0.06625039
28894,0.07057944
28895,0.06766582
28896,0.026180206
28897,0.05729591
28898,0.36139992
28899,0.056358285
28900,0.061537284
28901,0.0567262
28902,0.06361355
28903,0.027990673
28904,0.023082599
28905,0.26666802
28906,0.03616159
28907,0.019620143
28908,0.021179175
28909,0.040689178
28910,0.08018581
28911,0.07904181
28912,0.0783467
28913,0.04835284
28914,0.0529819
28915,0.03092893
28916,0.05596655
28917,0.10514326
28918,0.09658429
28919,0.042842984
28920,0.022577645
28921,0.019168494
28922,0.018860215
28923,0.05537999
28924,0.027406571
28925,0.04203747
28926,0.018561374
28927,0.04297064
28928,0.08099324
28929,0.08084929
28930,0.084761515
28931,0.049801372
28932,0.059717167
28933,0.24830665
28934,0.018752871
28935,0.011050269
28936,0.02242409
28937,0.027745543
28938,0.030810775
28939,0.03805366
28940,0.041557226
28941,0.019521633
28942,0.07250986
28943,0.084587395
28944,0.05819537
28945,0.04965277
28946,0.030633561
28947,0.06255713
28948,0.059231076
28949,0.055852354
28950,0.049035195
28951,0.022904335
28952,0.012005728
28953,0.02318795
28954,0.044176195
28955,0.033840742
28956,0.05514761
28957,0.11063762
28958,0.07623008
28959,0.089078285
28960,0.08532084
28961,0.048460532
28962,0.056739308
28963,0.48874837
28964,0.040386587
28965,0.05255359
28966,0.2717619
28967,0.036046065
28968,0.028036397
28969,0.044201236
28970,0.014723754
28971,0.013877166
28972,0.043270595
28973,0.070153624
28974,0.094488814
28975,0.06688235
28976,0.030454002
28977,0.043600436
28978,0.047819834
28979,0.033151116
28980,0.014648127
28981,0.029929483
28982,0.027412968
28983,0.066507116
28984,0.07027986
28985,0.08849823
28986,0.069981515
28987,0.116966344
28988,0.023452863
28989,0.013861482
28990,0.014443862
28991,0.015284361
28992,0.039239623
28993,0.04165602
28994,0.042938735
28995,0.041058883
28996,0.085156396
28997,0.29357615
28998,0.25100338
28999,0.033614434
29000,0.097985044
29001,0.1279742
29002,0.020833021
29003,0.03161279
29004,0.034052208
29005,0.07008828
29006,0.07916758
29007,0.06290242
29008,0.06471771
29009,0.043718014
29010,0.03860899
29011,0.044756044
29012,0.058091883
29013,0.06530487
29014,0.0641806
29015,0.2871954
29016,0.050010428
29017,0.090631716
29018,0.2849822
29019,0.44064897
29020,0.061729584
29021,0.2947984
29022,0.071188286
29023,0.6003876
29024,0.09039062
29025,0.089483745
29026,0.066621214
29027,0.061522953
29028,0.06707745
29029,0.030271662
29030,0.031705298
29031,0.03301876
29032,0.05547329
29033,0.059925888
29034,0.5291868
29035,0.30183485
29036,0.06278941
29037,0.063110806
29038,0.26156393
29039,0.06441512
29040,0.059406172
29041,0.033957813
29042,0.040378455
29043,0.05266524
29044,0.2630658
29045,0.44386834
29046,0.39839047
29047,0.06617915
29048,0.064510286
29049,0.06132719
29050,0.26645678
29051,0.030041788
29052,0.038520504
29053,0.035754822
29054,0.06373916
29055,0.05557378
29056,0.41182998
29057,0.110944614
29058,0.28024983
29059,0.48997414
29060,0.0762215
29061,0.0743235
29062,0.43340954
29063,0.05515126
29064,0.2634284
29065,0.06250049
29066,0.0369144
29067,0.03601346
29068,0.07113352
29069,0.07632788
29070,0.09686523
29071,0.27209836
29072,0.061719712
29073,0.07433236
29074,0.07517795
29075,0.29539344
29076,0.07900696
29077,0.058139432
29078,0.045609616
29079,0.06837108
29080,0.056766633
29081,0.033058077
29082,0.054379653
29083,0.079335146
29084,0.09686523
29085,0.0498605
29086,0.44210407
29087,0.1002726
29088,0.053158455
29089,0.03586464
29090,0.034164153
29091,0.07047761
29092,0.48576334
29093,0.062961735
29094,0.071809016
29095,0.4421839
29096,0.4990265
29097,0.057553604
29098,0.056940332
29099,0.0420899
29100,0.045231383
29101,0.025995703
29102,0.06601799
29103,0.06277706
29104,0.07922493
29105,0.09489853
29106,0.08722404
29107,0.10303366
29108,0.29792833
29109,0.56854874
29110,0.042323202
29111,0.038699426
29112,0.05340234
29113,0.45481008
29114,0.100636646
29115,0.032145593
29116,0.053599235
29117,0.05541191
29118,0.08809443
29119,0.4262596
29120,0.070263684
29121,0.13685106
29122,0.05139497
29123,0.048223093
29124,0.04329258
29125,0.071947075
29126,0.0822594
29127,0.062322292
29128,0.06754548
29129,0.070307575
29130,0.07481253
29131,0.053266186
29132,0.055799678
29133,0.016572967
29134,0.024749402
29135,0.023667673
29136,0.07650897
29137,0.0655822
29138,0.2928952
29139,0.06643633
29140,0.094919585
29141,0.047178734
29142,0.041745473
29143,0.029419187
29144,0.03227283
29145,0.07062991
29146,0.048971694
29147,0.050450463
29148,0.27067804
29149,0.27970207
29150,0.068627074
29151,0.06428043
29152,0.08130443
29153,0.07912676
29154,0.057323895
29155,0.054440018
29156,0.07294187
29157,0.032762222
29158,0.049428497
29159,0.05299344
29160,0.015536216
29161,0.023682466
29162,0.016221099
29163,0.059303667
29164,0.2866538
29165,0.07314043
29166,0.46585163
29167,0.6359399
29168,0.58960485
29169,0.060763616
29170,0.03893395
29171,0.031474676
29172,0.03417112
29173,0.062516116
29174,0.26482636
29175,0.07578426
29176,0.5733975
29177,0.06660342
29178,0.066651724
29179,0.08032998
29180,0.05961592
29181,0.06200953
29182,0.031866264
29183,0.048842017
29184,0.05376499
29185,0.038270302
29186,0.023383582
29187,0.010243102
29188,0.042082362
29189,0.033584815
29190,0.043612346
29191,0.28441268
29192,0.10433565
29193,0.10277029
29194,0.4646208
29195,0.56151795
29196,0.07220701
29197,0.069646135
29198,0.07772222
29199,0.07786182
29200,0.037297547
29201,0.03902251
29202,0.07489419
29203,0.06813405
29204,0.05596528
29205,0.06340522
29206,0.0746243
29207,0.054405123
29208,0.07588481
29209,0.03100421
29210,0.047318265
29211,0.04529215
29212,0.033634115
29213,0.05324158
29214,0.05178838
29215,0.018217552
29216,0.039436873
29217,0.035125107
29218,0.084136926
29219,0.07727893
29220,0.09752063
29221,0.13615634
29222,0.5401849
29223,0.28767228
29224,0.26223072
29225,0.08032918
29226,0.07642939
29227,0.07782691
29228,0.042137627
29229,0.08055457
29230,0.06879039
29231,0.05694059
29232,0.05768234
29233,0.056351285
29234,0.056585625
29235,0.03264297
29236,0.049310964
29237,0.03359979
29238,0.046223458
29239,0.03955735
29240,0.027693067
29241,0.072220154
29242,0.06991406
29243,0.12119736
29244,0.6108734
29245,0.10932785
29246,0.118952565
29247,0.07886394
29248,0.10472519
29249,0.08032075
29250,0.086177945
29251,0.067802474
29252,0.040765774
29253,0.0694539
29254,0.49697924
29255,0.06369744
29256,0.074186556
29257,0.051761113
29258,0.08311231
29259,0.062098224
29260,0.032551643
29261,0.037370387
29262,0.02758452
29263,0.29281422
29264,0.07341116
29265,0.06888128
29266,0.13166897
29267,0.5529183
29268,0.12030334
29269,0.07841879
29270,0.4820959
29271,0.09621528
29272,0.2667704
29273,0.29545447
29274,0.07062161
29275,0.039790604
29276,0.04070808
29277,0.07288851
29278,0.074011445
29279,0.08707243
29280,0.07419885
29281,0.2753141
29282,0.08404836
29283,0.030492775
29284,0.03607894
29285,0.03153478
29286,0.045286775
29287,0.04072498
29288,0.09522304
29289,0.14679478
29290,0.097480156
29291,0.11776088
29292,0.26457176
29293,0.09522919
29294,0.09603947
29295,0.13879429
29296,0.16284522
29297,0.43897894
29298,0.10483727
29299,0.05568279
29300,0.076493815
29301,0.0935178
29302,0.82292867
29303,0.08042485
29304,0.07769317
29305,0.481588
29306,0.2745233
29307,0.029935447
29308,0.053304106
29309,0.05591807
29310,0.5411901
29311,0.4739967
29312,0.11738666
29313,0.09714002
29314,0.108071364
29315,0.099766456
29316,0.11434608
29317,0.12834428
29318,0.17011997
29319,0.4670524
29320,0.10620449
29321,0.058833126
29322,0.059450645
29323,0.06097714
29324,0.06058518
29325,0.089333214
29326,0.9283061
29327,0.07613303
29328,0.5361548
29329,0.037579216
29330,0.03755971
29331,0.267581
29332,0.036003355
29333,0.053879723
29334,0.0532442
29335,0.040125184
29336,0.035512052
29337,0.10335811
29338,0.5216766
29339,0.2453189
29340,0.094855085
29341,0.53610545
29342,0.12075321
29343,0.26775154
29344,0.53080523
29345,0.46320248
29346,0.2851185
29347,0.29131648
29348,0.085760474
29349,0.89878565
29350,0.8490615
29351,0.5621087
29352,0.06953715
29353,0.24618727
29354,0.06156507
29355,0.065487266
29356,0.032468252
29357,0.030881977
29358,0.060258217
29359,0.044271767
29360,0.11365072
29361,0.118791774
29362,0.25554675
29363,0.0976267
29364,0.127456
29365,0.113191955
29366,0.13716651
29367,0.28504154
29368,0.43935224
29369,0.038516246
29370,0.055163722
29371,0.27512065
29372,0.05690339
29373,0.10606191
29374,0.77062136
29375,0.7590611
29376,0.582404
29377,0.07969445
29378,0.07797988
29379,0.03380187
29380,0.071486436
29381,0.40612203
29382,0.036641844
29383,0.029727697
29384,0.03982627
29385,0.08282807
29386,0.08030657
29387,0.060818054
29388,0.06051169
29389,0.5372638
29390,0.07456531
29391,0.11095563
29392,0.10957924
29393,0.093238905
29394,0.08128002
29395,0.07836867
29396,0.55640084
29397,0.2737533
29398,0.08349039
29399,0.27474737
29400,0.09015547
29401,0.08900031
29402,0.9785475
29403,0.89163345
29404,0.7561415
29405,0.0661852
29406,0.27123335
29407,0.07550034
29408,0.06729336
29409,0.46043625
29410,0.100172415
29411,0.28794703
29412,0.058053557
29413,0.05549776
29414,0.01837706
29415,0.074997865
29416,0.04408315
29417,0.06118349
29418,0.06369265
29419,0.5681543
29420,0.5242251
29421,0.2787225
29422,0.107865125
29423,0.08476767
29424,0.08479688
29425,0.10192848
29426,0.106319696
29427,0.069802195
29428,0.06321271
29429,0.29530832
29430,0.11464936
29431,0.090240195
29432,0.09786133
29433,0.04796593
29434,0.79776895
29435,0.78409606
29436,0.71267
29437,0.0784388
29438,0.05056329
29439,0.51783526
29440,0.46218672
29441,0.10719924
29442,0.05097343
29443,0.043734454
29444,0.027955748
29445,0.059938993
29446,0.05547704
29447,0.89125293
29448,0.8309656
29449,0.11183312
29450,0.12375817
29451,0.11151486
29452,0.14751062
29453,0.11608179
29454,0.58532214
29455,0.25605306
29456,0.06020436
29457,0.079515494
29458,0.08525778
29459,0.100268714
29460,0.10443686
29461,0.8460842
29462,0.52128404
29463,0.27019206
29464,0.071093895
29465,0.07275029
29466,0.078479044
29467,0.07715156
29468,0.06375577
29469,0.110221036
29470,0.04982967
29471,0.052683204
29472,0.044022933
29473,0.027679209
29474,0.06021709
29475,0.063615695
29476,0.81075096
29477,0.71265024
29478,0.2798016
29479,0.28624168
29480,0.0869819
29481,0.15268669
29482,0.12515575
29483,0.5405028
29484,0.06469935
29485,0.07935289
29486,0.079980284
29487,0.09754136
29488,0.1032055
29489,0.08278382
29490,0.86350507
29491,0.28326976
29492,0.15016086
29493,1.0064116
29494,0.07058122
29495,0.06909528
29496,0.059498083
29497,0.25056574
29498,0.060128372
29499,0.05042898
29500,0.4244431
29501,0.025050195
29502,0.028403096
29503,0.05508171
29504,0.085817076
29505,0.24420747
29506,0.5421487
29507,0.2687541
29508,0.68976295
29509,0.28174126
29510,0.14716335
29511,0.1556562
29512,0.6240943
29513,0.099643745
29514,0.10230132
29515,0.06794915
29516,0.0644805
29517,0.47767332
29518,0.34683788
29519,0.04162212
29520,0.49694467
29521,0.5273412
29522,0.049450334
29523,0.26218185
29524,0.0734755
29525,0.05893018
29526,0.038180392
29527,0.02568414
29528,0.018648319
29529,0.054910313
29530,0.07456951
29531,0.11285382
29532,0.1168422
29533,0.7235943
29534,0.64011806
29535,0.5612734
29536,0.56834835
29537,0.60462546
29538,0.1247391
29539,0.051852316
29540,0.068608694
29541,0.07961832
29542,0.26834387
29543,0.09341859
29544,0.03845762
29545,0.07052188
29546,0.06538226
29547,0.05988012
29548,0.04985246
29549,0.09099723
29550,0.06183047
29551,0.04145914
29552,0.012923909
29553,0.078763835
29554,0.09077425
29555,0.10829943
29556,0.55944407
29557,0.2744572
29558,0.48908913
29559,0.76230943
29560,0.73184836
29561,0.29012203
29562,0.08322135
29563,0.051785126
29564,0.06681673
29565,0.08851939
29566,0.04190682
29567,0.03953443
29568,0.07108452
29569,0.95220935
29570,0.05320728
29571,0.06275357
29572,0.08900267
29573,0.07793862
29574,0.25620896
29575,0.10880323
29576,0.080821395
29577,0.08397437
29578,0.06457812
29579,0.016082136
29580,0.07874576
29581,0.09366205
29582,0.11618689
29583,0.57457787
29584,0.522087
29585,0.27609396
29586,0.64692044
29587,0.5228185
29588,0.5060865
29589,0.087015845
29590,0.05348292
29591,0.06864119
29592,0.06773928
29593,0.091957204
29594,0.04125775
29595,0.06419031
29596,0.053376514
29597,0.48159802
29598,0.064137295
29599,0.42864773
29600,0.07776455
29601,0.09583446
29602,0.109335214
29603,0.089266576
29604,0.08256641
29605,0.060428075
29606,0.06981526
29607,0.022682957
29608,0.066244856
29609,0.87643087
29610,0.6735731
29611,0.64564246
29612,0.4680427
29613,0.52441376
29614,0.28628504
29615,0.27256674
29616,0.031904373
29617,0.03247506
29618,0.06048582
29619,0.060978632
29620,0.08774347
29621,0.0923506
29622,0.1082377
29623,0.040979806
29624,0.52091247
29625,0.052521087
29626,0.0505478
29627,0.043123815
29628,0.39071974
29629,0.025461137
29630,0.11222536
29631,0.31687692
29632,0.072443634
29633,0.07438023
29634,0.27151194
29635,0.26311135
29636,0.10908624
29637,0.106022276
29638,0.06712253
29639,0.053896256
29640,0.052633613
29641,0.061228417
29642,0.08376807
29643,0.041700844
29644,0.27249417
29645,0.04598073
29646,0.11462123
29647,0.05381521
29648,0.07176373
29649,0.107918
29650,0.03410028
29651,0.08966103
29652,0.07877725
29653,0.07710216
29654,0.27786705
29655,0.5641871
29656,0.12298651
29657,0.030637372
29658,0.053078003
29659,0.063206114
29660,0.09443858
29661,0.09801484
29662,0.050318852
29663,0.047215655
29664,0.047267348
29665,0.049812775
29666,0.044099357
29667,0.02680709
29668,0.024090467
29669,0.06709967
29670,0.11928973
29671,0.41939977
29672,0.054990303
29673,0.07802395
29674,0.0400036
29675,0.1109746
29676,0.56364584
29677,0.12487214
29678,0.03630325
29679,0.25338075
29680,0.052023377
29681,0.061773147
29682,0.052951247
29683,0.05238865
29684,0.2923849
29685,0.09448786
29686,0.05537618
29687,0.046412654
29688,0.04405445
29689,0.04688238
29690,0.027168198
29691,0.03728007
29692,0.08690092
29693,0.04606528
29694,0.033602048
29695,0.039943103
29696,0.05556275
29697,0.050887864
29698,0.52161354
29699,0.051857404
29700,0.048646174
29701,0.047053896
29702,0.054123957
29703,0.077299684
29704,0.08395946
29705,0.2685051
29706,0.044915516
29707,0.08718901
29708,0.06944057
29709,0.062363584
29710,0.047164608
29711,0.05441181
29712,0.067564934
29713,0.064449966
29714,0.49168533
29715,0.061831817
29716,0.065919824
29717,0.033805214
29718,0.08653129
29719,0.067602806
29720,0.018773545
29721,0.28224894
29722,0.5438438
29723,0.11987781
29724,0.05064493
29725,0.035272
29726,0.052081835
29727,0.051308215
29728,0.048818506
29729,0.04955679
29730,0.07577291
29731,0.077607155
29732,0.9766265
29733,0.07478432
29734,0.0673054
29735,0.06060838
29736,0.06562162
29737,0.02444638
29738,0.05521526
29739,0.7228777
29740,0.083361804
29741,0.26142386
29742,0.060856745
29743,0.06004961
29744,0.06804235
29745,0.05845524
29746,0.052568782
29747,0.024638776
29748,0.05758801
29749,0.06216538
29750,0.034582164
29751,0.037352335
29752,0.0534033
29753,0.07957004
29754,0.07532231
29755,0.08516463
29756,0.06298039
29757,0.06530342
29758,0.07023856
29759,0.029718459
29760,0.06872955
29761,0.7963387
29762,0.08432121
29763,0.054914307
29764,0.05705374
29765,0.06288352
29766,0.05031351
29767,0.05103413
29768,0.023446975
29769,0.015764896
29770,0.5528239
29771,0.033472072
29772,0.035969205
29773,0.029372992
29774,0.0308412
29775,0.04972771
29776,0.044933166
29777,0.071110696
29778,0.08296302
29779,0.05721705
29780,0.06426276
29781,0.072062396
29782,0.07086354
29783,0.041825015
29784,0.06640441
29785,0.3974205
29786,0.054773167
29787,0.057274003
29788,0.056952722
29789,0.022772096
29790,0.023869377
29791,0.022708591
29792,0.03997153
29793,0.032303385
29794,0.021374526
29795,0.020602638
29796,0.05027812
29797,0.28659016
29798,0.078268185
29799,0.08128182
29800,0.047198605
29801,0.04982777
29802,0.025427425
29803,0.031482607
29804,0.061195515
29805,0.3060221
29806,0.47281426
29807,0.055270463
29808,0.022760345
29809,0.020014724
29810,0.02042935
29811,0.036002785
29812,0.05916021
29813,0.030848054
29814,0.04189807
29815,0.02229289
29816,0.0440596
29817,0.094707005
29818,0.083563365
29819,0.08344786
29820,0.04779082
29821,0.059544165
29822,0.11881299
29823,0.29677042
29824,0.06156689
29825,0.03715443
29826,0.016026592
29827,0.020867903
29828,0.027775163
29829,0.03144997
29830,0.04189673
29831,0.020749785
29832,0.02199179
29833,0.08087425
29834,0.08674413
29835,0.052046265
29836,0.046459656
29837,0.03488897
29838,0.06093373
29839,0.06282384
29840,0.05442817
29841,0.057629313
29842,0.013608034
29843,0.020950865
29844,0.033588547
29845,0.032039925
29846,0.056552235
29847,0.03195468
29848,0.0446683
29849,0.02073955
29850,0.070006855
29851,0.082594946
29852,0.09283738
29853,0.052150417
29854,0.5190097
29855,0.044281352
29856,0.057555262
29857,0.03446275
29858,0.029225366
29859,0.013592492
29860,0.0150984675
29861,0.029925235
29862,0.07549359
29863,0.08256973
29864,0.064952515
29865,0.043610014
29866,0.031365797
29867,0.025798975
29868,8.317347e-05
29869,0.025295442
29870,0.018261593
29871,0.066296846
29872,0.080435075
29873,0.28731555
29874,0.013801001
29875,0.019569462
29876,0.013788544
29877,0.01705321
29878,0.016940955
29879,0.02601095
29880,0.022004465
29881,0.017823901
29882,0.04630773
29883,0.04153619
29884,0.04480843
29885,0.0961671
29886,0.3813063
29887,0.23613374
29888,0.04013234
29889,0.10585826
29890,0.019901736
29891,0.017864073
29892,0.03141614
29893,0.032505605
29894,0.031182481
29895,0.06316345
29896,0.057179242
29897,0.061056837
29898,0.06823457
29899,0.045845203
29900,0.0914364
29901,0.06142711
29902,0.113049336
29903,0.07464581
29904,0.092986725
29905,0.27654895
29906,0.44723395
29907,0.063592955
29908,0.29752105
29909,0.062868565
29910,0.27179426
29911,0.098202534
29912,0.2761879
29913,0.059887115
29914,0.06274017
29915,0.060913377
29916,0.064850554
29917,0.034405686
29918,0.03908837
29919,0.26386052
29920,0.0777592
29921,0.59049636
29922,0.2894278
29923,0.059728038
29924,0.25901672
29925,0.067363694
29926,0.03172793
29927,0.037351716
29928,0.05547794
29929,0.27017623
29930,0.42455757
29931,0.44514656
29932,0.06595724
29933,0.06104635
29934,0.0644831
29935,0.065534934
29936,0.056927815
29937,0.030306349
29938,0.03983614
29939,0.035632428
29940,0.06510371
29941,0.060116768
29942,0.09896712
29943,0.4363046
29944,0.26207122
29945,0.48345405
29946,0.53150207
29947,0.064207084
29948,0.44037977
29949,0.05669473
29950,0.07103107
29951,0.06660346
29952,0.04931692
29953,0.034882136
29954,0.070945434
29955,0.08339988
29956,0.1215184
29957,0.09853534
29958,0.075295165
29959,0.07310873
29960,0.072560005
29961,0.2920458
29962,0.05430575
29963,0.04449075
29964,0.06230684
29965,0.06304122
29966,0.03878942
29967,0.061395913
29968,0.073423706
29969,0.25733843
29970,0.069539174
29971,0.073990725
29972,0.097627714
29973,0.055063672
29974,0.034033626
29975,0.40495917
29976,0.06909445
29977,0.05357527
29978,0.09426378
29979,0.0820484
29980,0.29461855
29981,0.056574658
29982,0.055270206
29983,0.037464775
29984,0.030827824
29985,0.06817701
29986,0.063427724
29987,0.057789788
29988,0.058705356
29989,0.08852901
29990,0.085531145
29991,0.27959484
29992,0.28083107
29993,0.04301566
29994,0.5506544
29995,0.046731394
29996,0.033380292
29997,0.27675512
29998,0.10130332
29999,0.029822594
30000,0.052697293
30001,0.2642559
30002,0.05762324
30003,0.085620284
30004,0.3012528
30005,0.4490411
30006,0.047521055
30007,0.04646187
30008,0.04530785
30009,0.071835555
30010,0.08007376
30011,0.06248404
30012,0.03179852
30013,0.056395378
30014,0.086288966
30015,0.0726463
30016,0.05144302
30017,0.054176703
30018,0.05432583
30019,0.053630684
30020,0.032090627
30021,0.016282463
30022,0.017215561
30023,0.024601873
30024,0.0729774
30025,0.07772511
30026,0.28361657
30027,0.05887291
30028,0.09819766
30029,0.05444681
30030,0.03809257
30031,0.02999567
30032,0.03138275
30033,0.06950227
30034,0.04593897
30035,0.050404835
30036,0.5538344
30037,0.4961304
30038,0.06214648
30039,0.066502124
30040,0.07797802
30041,0.058244694
30042,0.052526917
30043,0.076241106
30044,0.030061806
30045,0.059508797
30046,0.05578996
30047,0.24968596
30048,0.018002857
30049,0.020466283
30050,0.024256501
30051,0.2801736
30052,0.071760334
30053,0.2968803
30054,0.2654054
30055,0.58129513
30056,0.06566843
30057,0.041305244
30058,0.036870725
30059,0.033117853
30060,0.04792859
30061,0.26383203
30062,0.07413357
30063,0.5661059
30064,0.061405312
30065,0.067275025
30066,0.07550943
30067,0.062055677
30068,0.057674292
30069,0.032861967
30070,0.03318403
30071,0.05281542
30072,0.037316125
30073,0.019071
30074,0.0504026
30075,0.041037165
30076,0.052845366
30077,0.085008614
30078,0.096671596
30079,0.104238406
30080,0.4872601
30081,0.54674053
30082,0.07204557
30083,0.0722785
30084,0.0800312
30085,0.07634516
30086,0.07551276
30087,0.04024399
30088,0.051076945
30089,0.06896291
30090,0.071668655
30091,0.06870512
30092,0.059407122
30093,0.065123275
30094,0.06311534
30095,0.07111591
30096,0.054283712
30097,0.04891549
30098,0.04963656
30099,0.053484656
30100,0.052946754
30101,0.021052407
30102,0.034787644
30103,0.04093499
30104,0.10180238
30105,0.08229427
30106,0.27399066
30107,0.13398905
30108,0.53726417
30109,0.2975684
30110,0.24338695
30111,0.079457626
30112,0.07630233
30113,0.06649169
30114,0.044824656
30115,0.06928371
30116,0.06269416
30117,0.060620885
30118,0.06255339
30119,0.056721937
30120,0.052309133
30121,0.031448934
30122,0.054194573
30123,0.0329949
30124,0.039639913
30125,0.035316654
30126,0.040521126
30127,0.07729271
30128,0.06794534
30129,0.27900407
30130,0.6047686
30131,0.11524974
30132,0.116229296
30133,0.08181445
30134,0.09795085
30135,0.086060435
30136,0.07884744
30137,0.06519917
30138,0.037182026
30139,0.07074979
30140,0.27262503
30141,0.058530908
30142,0.07868491
30143,0.053893693
30144,0.077319846
30145,0.04807976
30146,0.032873243
30147,0.037970804
30148,0.029625861
30149,0.2772081
30150,0.078074336
30151,0.09307437
30152,0.13679795
30153,0.64765286
30154,0.109931834
30155,0.07100044
30156,0.25464603
30157,0.09405301
30158,0.26332796
30159,0.2936893
30160,0.06541172
30161,0.03590937
30162,0.07577185
30163,0.07408215
30164,0.07355902
30165,0.07659964
30166,0.08154929
30167,0.08840121
30168,0.045303416
30169,0.03197572
30170,0.02665176
30171,0.048703436
30172,0.058348984
30173,0.034817737
30174,0.119748056
30175,0.11482287
30176,0.09519268
30177,0.0994444
30178,0.26926056
30179,0.09811958
30180,0.10440248
30181,0.13556857
30182,0.16667444
30183,0.5063569
30184,0.11229474
30185,0.060388107
30186,0.05064631
30187,0.0943276
30188,0.81410366
30189,0.077320404
30190,0.083614595
30191,0.47132772
30192,0.27135572
30193,0.03491362
30194,0.030499296
30195,0.020882297
30196,0.035281107
30197,0.048993226
30198,0.5390107
30199,0.5422714
30200,0.088833176
30201,0.11356694
30202,0.09717819
30203,0.09581174
30204,0.10383913
30205,0.13205029
30206,0.16799758
30207,0.47008058
30208,0.100892246
30209,0.053907696
30210,0.056547277
30211,0.059361137
30212,0.04703947
30213,0.28323027
30214,0.87859523
30215,0.07756463
30216,0.54887754
30217,0.03867938
30218,0.036108285
30219,0.37778363
30220,0.036610745
30221,0.05811004
30222,0.05975434
30223,0.046107084
30224,0.033863977
30225,0.0913834
30226,0.5189956
30227,0.25857666
30228,0.08835319
30229,0.5401379
30230,0.12727359
30231,0.2616486
30232,0.44753733
30233,0.42801672
30234,0.12493903
30235,0.13503353
30236,0.12091793
30237,0.88755554
30238,0.857342
30239,0.59520054
30240,0.078059755
30241,0.07671844
30242,0.07094872
30243,0.030146556
30244,0.052680228
30245,0.027925363
30246,0.041933972
30247,0.095498934
30248,0.12102663
30249,0.088149846
30250,0.10290836
30251,0.11612783
30252,0.118651465
30253,0.13388668
30254,0.2787974
30255,0.2787621
30256,0.039510842
30257,0.05748927
30258,0.5110981
30259,0.07766118
30260,0.74427867
30261,0.8816496
30262,0.5162229
30263,0.079757445
30264,0.07744113
30265,0.031280324
30266,0.07471209
30267,0.36057875
30268,0.03819818
30269,0.02190686
30270,0.027749414
30271,0.013703497
30272,0.074187405
30273,0.07045844
30274,0.060865607
30275,0.04699472
30276,0.4993844
30277,0.07422216
30278,0.11952592
30279,0.109379545
30280,0.088755086
30281,0.09127117
30282,0.07968538
30283,0.24571845
30284,0.27709344
30285,0.09026938
30286,0.28063148
30287,0.08878007
30288,0.08952074
30289,0.94417375
30290,0.93316996
30291,0.76377
30292,0.26400113
30293,0.07316114
30294,0.06518539
30295,0.37327206
30296,0.09766431
30297,0.11107138
30298,0.052987885
30299,0.047633946
30300,0.014918626
30301,0.07409005
30302,0.044191867
30303,0.053873383
30304,0.05941352
30305,0.5179289
30306,0.54337007
30307,0.26978475
30308,0.12099358
30309,0.07590794
30310,0.07626161
30311,0.09808807
30312,0.102046356
30313,0.06405325
30314,0.120086506
30315,0.11952546
30316,0.08505495
30317,0.09419054
30318,0.04917156
30319,0.7795975
30320,0.78428775
30321,0.7925464
30322,0.06384105
30323,0.066246346
30324,0.5102543
30325,0.06103227
30326,0.42884567
30327,0.10452262
30328,0.030615736
30329,0.044902567
30330,0.030235024
30331,0.05835409
30332,0.059432827
30333,0.8159276
30334,0.901595
30335,0.11281025
30336,0.11938672
30337,0.08505994
30338,0.14742212
30339,0.12779528
30340,0.6229595
30341,0.25406122
30342,0.065489516
30343,0.07904672
30344,0.08386759
30345,0.10605982
30346,0.10434911
30347,0.09899564
30348,0.26133776
30349,0.48453856
30350,0.28003734
30351,0.059888616
30352,0.07550582
30353,0.084171586
30354,0.07060074
30355,0.063759066
30356,0.10540367
30357,0.0500527
30358,0.05157913
30359,0.013703497
30360,0.057662632
30361,0.060248412
30362,0.87052405
30363,0.7443912
30364,0.2695807
30365,0.13277958
30366,0.1069766
30367,0.14355029
30368,0.12053694
30369,0.49013853
30370,0.059286386
30371,0.069313146
30372,0.07999266
30373,0.07997259
30374,0.09354947
30375,0.09923334
30376,0.26312318
30377,0.9051153
30378,0.27769727
30379,0.27583984
30380,0.992332
30381,0.07421193
30382,0.07110023
30383,0.065773
30384,0.24579209
30385,0.05448035
30386,0.046768878
30387,0.3974535
30388,0.009538152
30389,0.019548364
30390,0.03580797
30391,0.08296538
30392,0.24109626
30393,0.5591055
30394,0.26014894
30395,0.68927664
30396,0.2794018
30397,0.14592834
30398,0.15555531
30399,0.61995065
30400,0.09931723
30401,0.095534265
30402,0.06204942
30403,0.059220076
30404,0.5024431
30405,0.25051022
30406,0.03534222
30407,0.5335396
30408,0.27209032
30409,0.05467153
30410,0.054540694
30411,0.09512153
30412,0.07732509
30413,0.06479768
30414,0.039510217
30415,0.024835758
30416,0.016378827
30417,0.05912149
30418,0.076640345
30419,0.11613007
30420,0.11752808
30421,0.6611158
30422,0.7264916
30423,0.5905682
30424,0.28106484
30425,0.62214607
30426,0.12394092
30427,0.05383169
30428,0.062018633
30429,0.060311485
30430,0.47353873
30431,0.08468945
30432,0.040835388
30433,0.0674692
30434,0.06496937
30435,0.04492304
30436,0.054852802
30437,0.09184093
30438,0.062671095
30439,0.047379203
30440,0.053026915
30441,0.05661884
30442,0.010572178
30443,0.07710803
30444,0.09333276
30445,0.10472658
30446,0.5778946
30447,0.26560625
30448,0.4977058
30449,0.72990096
30450,0.6879211
30451,0.53514916
30452,0.28074926
30453,0.058495063
30454,0.06921401
30455,0.06489764
30456,0.09377825
30457,0.04142421
30458,0.060981344
30459,0.90482897
30460,0.05456598
30461,0.055907536
30462,0.2598122
30463,0.07963953
30464,0.23992325
30465,0.10427115
30466,0.08746023
30467,0.08175887
30468,0.05222006
30469,0.07400258
30470,0.10161653
30471,0.10948071
30472,0.59976876
30473,0.5177014
30474,0.2718813
30475,0.69939846
30476,0.5045652
30477,0.50993633
30478,0.08212231
30479,0.05303396
30480,0.057376135
30481,0.06620198
30482,0.094363004
30483,0.032125507
30484,0.06543718
30485,0.05224755
30486,0.47087163
30487,0.05811924
30488,0.41241625
30489,0.07635394
30490,0.09397389
30491,0.09440068
30492,0.08597294
30493,0.08534745
30494,0.067883216
30495,0.05881153
30496,0.02525566
30497,0.07239422
30498,0.84042
30499,0.64982724
30500,0.67402756
30501,0.45271674
30502,0.5211417
30503,0.10673761
30504,0.28343672
30505,0.03179371
30506,0.052415546
30507,0.052462764
30508,0.059648607
30509,0.060155097
30510,0.08293494
30511,0.09410423
30512,0.09364315
30513,0.046266705
30514,0.28170335
30515,0.048979722
30516,0.047125
30517,0.27829903
30518,0.023290982
30519,0.10721133
30520,0.6201228
30521,0.07773816
30522,0.2631702
30523,0.252486
30524,0.105712295
30525,0.11225671
30526,0.079759
30527,0.05492662
30528,0.051321395
30529,0.060164295
30530,0.0868931
30531,0.09376932
30532,0.040415596
30533,0.27606234
30534,0.11114478
30535,0.06090464
30536,0.064807765
30537,0.10643237
30538,0.037878696
30539,0.07367659
30540,0.07796672
30541,0.07963797
30542,0.5310562
30543,0.5647793
30544,0.12943432
30545,0.039003354
30546,0.047776222
30547,0.05946605
30548,0.09237116
30549,0.102119826
30550,0.047265563
30551,0.05145614
30552,0.051735684
30553,0.044545766
30554,0.023882149
30555,0.025921626
30556,0.06720245
30557,0.10173641
30558,0.44631255
30559,0.051830683
30560,0.049555555
30561,0.08384419
30562,0.05170949
30563,0.110773996
30564,0.5724019
30565,0.12496223
30566,0.03409821
30567,0.26282868
30568,0.06426247
30569,0.053040694
30570,0.04808742
30571,0.092886135
30572,0.09620628
30573,0.048595387
30574,0.0443068
30575,0.25640395
30576,0.044221718
30577,0.027941056
30578,0.056999058
30579,0.037907995
30580,0.08709012
30581,0.049291156
30582,0.036648706
30583,0.048994124
30584,0.051196083
30585,0.05738702
30586,0.2978367
30587,0.04814571
30588,0.041336805
30589,0.051966384
30590,0.0767092
30591,0.08152141
30592,0.25999227
30593,0.04214896
30594,0.2589839
30595,0.06953946
30596,0.06570371
30597,0.047239035
30598,0.050589785
30599,0.068713024
30600,0.064672574
30601,0.4761373
30602,0.05949413
30603,0.26413894
30604,0.03485233
30605,0.08871969
30606,0.06340393
30607,0.014450944
30608,0.28765348
30609,0.56954235
30610,0.2896151
30611,0.051602267
30612,0.05083113
30613,0.048283234
30614,0.046496093
30615,0.045686677
30616,0.076466225
30617,0.07713595
30618,0.92823154
30619,0.07447143
30620,0.07476772
30621,0.07991758
30622,0.063029096
30623,0.06575565
30624,0.04711368
30625,0.026069889
30626,0.06698507
30627,0.70664907
30628,0.085770376
30629,0.2540821
30630,0.05385141
30631,0.06495631
30632,0.043664157
30633,0.05446261
30634,0.015584386
30635,0.048808638
30636,0.051879633
30637,0.033022758
30638,0.029615747
30639,0.052429643
30640,0.049606882
30641,0.043072496
30642,0.08514048
30643,0.07352643
30644,0.05515342
30645,0.063618846
30646,0.069562376
30647,0.032965373
30648,0.030390404
30649,0.07080201
30650,0.708299
30651,0.08612932
30652,0.056645375
30653,0.058276176
30654,0.064244
30655,0.05232292
30656,0.057070382
30657,0.017458012
30658,0.018126853
30659,0.28118858
30660,0.03683569
30661,0.034357343
30662,0.027603945
30663,0.04944732
30664,0.049639497
30665,0.045585085
30666,0.07066774
30667,0.08339191
30668,0.28691512
30669,0.07618265
30670,0.06477522
30671,0.40779507
30672,0.058762707
30673,0.0561205
30674,0.057593293
30675,0.06377057
30676,0.059393696
30677,0.019376896
30678,0.010432543
30679,0.022916224
30680,0.25119013
30681,0.03036443
30682,0.014683108
30683,0.02146279
30684,0.016881589
30685,0.04059681
30686,0.28227964
30687,0.08554247
30688,0.08025967
30689,0.04861502
30690,0.05202275
30691,0.029179337
30692,0.031875316
30693,0.062054656
30694,0.31660825
30695,0.1180862
30696,0.019827295
30697,0.021704452
30698,0.02234786
30699,0.033259194
30700,0.024083808
30701,0.041601107
30702,0.020094672
30703,0.024999168
30704,0.040257562
30705,0.07199317
30706,0.083325475
30707,0.07563558
30708,0.062179368
30709,0.1326826
30710,0.27536064
30711,0.06879702
30712,0.034357835
30713,0.021793092
30714,0.013764781
30715,0.024216568
30716,0.035592612
30717,0.030132832
30718,0.029508827
30719,0.031881526
30720,0.03326099
30721,0.024500022
30722,0.07821291
30723,0.04816498
30724,0.061940644
30725,0.06027092
30726,0.05283272
30727,0.050483305
30728,0.028398594
30729,0.016419956
30730,0.011345967
30731,0.032581083
30732,0.031315852
30733,0.052306846
30734,0.029800396
30735,0.02862935
30736,0.06447704
30737,0.08293349
30738,0.088332556
30739,0.036728803
30740,0.3729253
30741,0.04356183
30742,0.04379259
30743,0.03366094
30744,0.028859606
30745,0.012366256
30746,0.013530867
30747,0.043467276
30748,0.024144573
30749,0.09689848
30750,0.089433536
30751,0.07913567
30752,0.04138846
30753,0.043954864
30754,0.038376108
30755,0.015174828
30756,0.031445596
30757,0.02543334
30758,0.025307337
30759,0.067024425
30760,0.08628457
30761,0.06931828
30762,0.02865726
30763,0.114444144
30764,0.013743211
30765,0.016485656
30766,0.014439881
30767,0.017685663
30768,0.014946913
30769,0.013612844
30770,0.018951371
30771,0.02530753
30772,0.049608033
30773,0.0469292
30774,0.09491259
30775,0.48898077
30776,0.25548914
30777,0.07930268
30778,0.042820923
30779,0.12046416
30780,0.11503179
30781,0.014732861
30782,0.041437298
30783,0.03685669
30784,0.015981916
30785,0.025529584
30786,0.07033108
30787,0.08350849
30788,0.061328776
30789,0.058942564
30790,0.038821854
30791,0.036394782
30792,0.07095893
30793,0.062233634
30794,0.38047114
30795,0.07546802
30796,0.09935533
30797,0.5001226
30798,0.45515844
30799,0.061740562
30800,0.31971097
30801,0.073556915
30802,0.70112836
30803,0.087158225
30804,0.057513952
30805,0.061780434
30806,0.05587505
30807,0.25399345
30808,0.031106865
30809,0.02809966
30810,0.035659578
30811,0.4186019
30812,0.07151439
30813,0.5797406
30814,0.3053752
30815,0.056427658
30816,0.26572496
30817,0.050891403
30818,0.034922354
30819,0.027971596
30820,0.030331766
30821,0.0602056
30822,0.042966995
30823,0.07002822
30824,0.47759628
30825,0.4453641
30826,0.45284736
30827,0.066282034
30828,0.05956748
30829,0.058848232
30830,0.45684245
30831,0.040169798
30832,0.035834327
30833,0.06570956
30834,0.28021392
30835,0.107967265
30836,0.42373037
30837,0.27837864
30838,0.2603174
30839,0.5665284
30840,0.066899486
30841,0.07442915
30842,0.54290575
30843,0.055114437
30844,0.06647132
30845,0.06824419
30846,0.036805816
30847,0.039136197
30848,0.06765954
30849,0.07955675
30850,0.093943946
30851,0.2921452
30852,0.07187478
30853,0.06516732
30854,0.07548961
30855,0.29453415
30856,0.05636216
30857,0.04519243
30858,0.0637471
30859,0.07165329
30860,0.061802067
30861,0.07364938
30862,0.06873206
30863,0.094530255
30864,0.06032815
30865,0.52540183
30866,0.093581244
30867,0.052041758
30868,0.055723343
30869,0.042078674
30870,0.069113046
30871,0.43796426
30872,0.06319383
30873,0.07041385
30874,0.54071057
30875,0.3040057
30876,0.050074417
30877,0.06137671
30878,0.05828916
30879,0.046087068
30880,0.062916085
30881,0.054771297
30882,0.0945592
30883,0.08767533
30884,0.2898092
30885,0.5132604
30886,0.24611157
30887,0.047423806
30888,0.037942685
30889,0.39472094
30890,0.07556168
30891,0.029872332
30892,0.047520917
30893,0.062183812
30894,0.051633406
30895,0.09057174
30896,0.30595067
30897,0.50302505
30898,0.03944447
30899,0.04613573
30900,0.04475195
30901,0.07370917
30902,0.073999986
30903,0.029317152
30904,0.063287154
30905,0.048947163
30906,0.08193274
30907,0.11288797
30908,0.048084665
30909,0.051236093
30910,0.058696054
30911,0.033645205
30912,0.025874797
30913,0.023346208
30914,0.02428473
30915,0.07609722
30916,0.0646021
30917,0.298267
30918,0.06660583
30919,0.09857466
30920,0.05470382
30921,0.043106467
30922,0.032158654
30923,0.03093265
30924,0.072842434
30925,0.054518636
30926,0.43925
30927,0.2827268
30928,0.0669734
30929,0.06447177
30930,0.07763091
30931,0.05705056
30932,0.053652644
30933,0.090106755
30934,0.048180226
30935,0.26667657
30936,0.020424051
30937,0.019211749
30938,0.020477554
30939,0.073673815
30940,0.07437668
30941,0.463822
30942,0.5547645
30943,0.596993
30944,0.0603437
30945,0.05616507
30946,0.02995564
30947,0.02835917
30948,0.043235157
30949,0.28331363
30950,0.073132835
30951,0.51378256
30952,0.06547767
30953,0.060047142
30954,0.070001125
30955,0.04846362
30956,0.060385656
30957,0.031757575
30958,0.04853877
30959,0.05022329
30960,0.0566357
30961,0.023912624
30962,0.017574023
30963,0.027814895
30964,0.029555464
30965,0.04885529
30966,0.0768304
30967,0.099701695
30968,0.097450346
30969,0.51895475
30970,0.5677624
30971,0.07144769
30972,0.08632576
30973,0.08012655
30974,0.079203025
30975,0.084068514
30976,0.102421306
30977,0.05452096
30978,0.06717082
30979,0.07418372
30980,0.064642765
30981,0.052217957
30982,0.070260994
30983,0.062347364
30984,0.07421243
30985,0.053682245
30986,0.036012717
30987,0.052673645
30988,0.058487587
30989,0.053715892
30990,0.04157073
30991,0.03842091
30992,0.08078445
30993,0.08321469
30994,0.10204209
30995,0.12936528
30996,0.3022314
30997,0.28949183
30998,0.24186246
30999,0.08597603
31000,0.08084411
31001,0.07743964
31002,0.06676435
31003,0.043919526
31004,0.036314026
31005,0.068300195
31006,0.07574471
31007,0.05687247
31008,0.06402443
31009,0.06448538
31010,0.051137794
31011,0.054507744
31012,0.03600029
31013,0.04860823
31014,0.031526856
31015,0.050915428
31016,0.040962577
31017,0.026621392
31018,0.040460248
31019,0.06945118
31020,0.08087947
31021,0.28227958
31022,0.6821396
31023,0.113033585
31024,0.11161653
31025,0.09199475
31026,0.09104509
31027,0.08043143
31028,0.07530406
31029,0.06655533
31030,0.28739455
31031,0.06061108
31032,0.07555396
31033,0.050039213
31034,0.079456754
31035,0.051371284
31036,0.05546065
31037,0.037506644
31038,0.027975312
31039,0.027074652
31040,0.2925308
31041,0.08192182
31042,0.08695162
31043,0.13277002
31044,0.64329094
31045,0.107556134
31046,0.0719392
31047,0.2598477
31048,0.097833656
31049,0.27370283
31050,0.30980733
31051,0.06379741
31052,0.040699992
31053,0.041830756
31054,0.0701195
31055,0.069209896
31056,0.26861718
31057,0.07327094
31058,0.27881393
31059,0.08139839
31060,0.054238535
31061,0.03445025
31062,0.03143702
31063,0.047958132
31064,0.040997818
31065,0.04331971
31066,0.090551704
31067,0.12713377
31068,0.086198114
31069,0.11829358
31070,0.25968772
31071,0.09735779
31072,0.09429976
31073,0.13541545
31074,0.16941434
31075,0.54669887
31076,0.11071974
31077,0.05717837
31078,0.051234946
31079,0.13967201
31080,0.8241983
31081,0.08000963
31082,0.08323063
31083,0.53541565
31084,0.27251813
31085,0.039209258
31086,0.024271434
31087,0.0323001
31088,0.052253187
31089,0.43836445
31090,0.52672684
31091,0.09692571
31092,0.10169728
31093,0.099905014
31094,0.275636
31095,0.10178641
31096,0.13610813
31097,0.16994642
31098,0.52180004
31099,0.097387865
31100,0.059593134
31101,0.057146076
31102,0.047511343
31103,0.06058348
31104,0.100213885
31105,0.89249843
31106,0.08337379
31107,0.71678925
31108,0.035111044
31109,0.04036813
31110,0.26039007
31111,0.03322152
31112,0.06846763
31113,0.07271104
31114,0.04775359
31115,0.028401384
31116,0.52554494
31117,0.26043427
31118,0.08661278
31119,0.26387966
31120,0.13420095
31121,0.26281592
31122,0.64420724
31123,0.42593536
31124,0.29342413
31125,0.13364702
31126,0.1090058
31127,0.88947266
31128,0.9123232
31129,0.572084
31130,0.07868001
31131,0.0807957
31132,0.08674653
31133,0.066355936
31134,0.039170682
31135,0.022923747
31136,0.052376524
31137,0.035897117
31138,0.049851794
31139,0.111466825
31140,0.119000286
31141,0.08426771
31142,0.10059123
31143,0.123356715
31144,0.11957534
31145,0.14043693
31146,0.28816906
31147,0.28167832
31148,0.03957286
31149,0.06047274
31150,0.651725
31151,0.0609066
31152,0.10106276
31153,0.8819129
31154,0.86106294
31155,0.6509171
31156,0.07782073
31157,0.06743282
31158,0.06883445
31159,0.4035942
31160,0.033874743
31161,0.028186638
31162,0.03128102
31163,0.01730733
31164,0.06472412
31165,0.08447576
31166,0.035438742
31167,0.058947384
31168,0.5093252
31169,0.072205245
31170,0.10894073
31171,0.10860458
31172,0.08418061
31173,0.087743476
31174,0.08347538
31175,0.57851636
31176,0.28522822
31177,0.08189902
31178,0.29014173
31179,0.092930235
31180,0.09017708
31181,0.8318884
31182,0.9260337
31183,0.77645475
31184,0.057121053
31185,0.26965106
31186,0.081070445
31187,0.06248227
31188,0.49962628
31189,0.098573506
31190,0.09631149
31191,0.051397923
31192,0.040679224
31193,0.019632282
31194,0.070645005
31195,0.045104817
31196,0.06908694
31197,0.058641367
31198,0.56066155
31199,0.575569
31200,0.26735845
31201,0.108596765
31202,0.08148605
31203,0.10144314
31204,0.097412884
31205,0.1009403
31206,0.07214572
31207,0.06642347
31208,0.11857687
31209,0.11979183
31210,0.090930104
31211,0.10605287
31212,0.046876077
31213,0.78985643
31214,0.91438544
31215,0.79182786
31216,0.06316552
31217,0.06669802
31218,0.07499831
31219,0.47154367
31220,0.10552565
31221,0.054829154
31222,0.021233523
31223,0.053949542
31224,0.025476228
31225,0.054824997
31226,0.06013269
31227,0.84050655
31228,0.90996903
31229,0.091381654
31230,0.12036989
31231,0.08645634
31232,0.15200922
31233,0.1249925
31234,0.599567
31235,0.25805402
31236,0.068851106
31237,0.080340184
31238,0.075774655
31239,0.1056906
31240,0.09333695
31241,0.08294977
31242,0.84372354
31243,0.541264
31244,0.26839685
31245,0.06438689
31246,0.06815437
31247,0.077640444
31248,0.07308799
31249,0.061964292
31250,0.10463727
31251,0.047218073
31252,0.05076978
31253,0.021088282
31254,0.0425441
31255,0.025673797
31256,0.058803547
31257,0.065754
31258,0.8293588
31259,0.72378254
31260,0.26862463
31261,0.1186851
31262,0.084052175
31263,0.15606427
31264,0.12436134
31265,0.586386
31266,0.06425383
31267,0.08479222
31268,0.07910954
31269,0.09489037
31270,0.10065438
31271,0.07864349
31272,0.8747267
31273,0.28421542
31274,0.14956701
31275,0.9608925
31276,0.07412304
31277,0.06955558
31278,0.06237942
31279,0.2730079
31280,0.05106968
31281,0.04546403
31282,0.39223543
31283,0.024597365
31284,0.018735366
31285,0.06638568
31286,0.07638063
31287,0.09337189
31288,0.65030324
31289,0.262422
31290,0.6998758
31291,0.2841376
31292,0.154939
31293,0.16022423
31294,0.29132745
31295,0.10625524
31296,0.10834966
31297,0.06733922
31298,0.069899015
31299,0.571834
31300,1.0367794
31301,0.04248374
31302,0.4855558
31303,0.5919133
31304,0.047357153
31305,0.09404802
31306,0.08005774
31307,0.063351765
31308,0.052852854
31309,0.04595635
31310,0.028236877
31311,0.012271959
31312,0.056822725
31313,0.080425836
31314,0.11149081
31315,0.11316007
31316,0.7183668
31317,0.65770096
31318,0.5634343
31319,0.265364
31320,0.6405225
31321,0.1232695
31322,0.053559393
31323,0.06367367
31324,0.0693248
31325,0.5507138
31326,0.09635752
31327,0.037080165
31328,0.07570215
31329,0.06990887
31330,0.053874627
31331,0.047431596
31332,0.09419319
31333,0.057909522
31334,0.06278316
31335,0.04212446
31336,0.04005758
31337,0.05774899
31338,0.010760077
31339,0.08666087
31340,0.102092735
31341,0.109862305
31342,0.56540394
31343,0.26553375
31344,0.50684774
31345,0.73567647
31346,0.8203063
31347,0.1830416
31348,0.25427043
31349,0.05691077
31350,0.07136558
31351,0.061683588
31352,0.09737679
31353,0.045211367
31354,0.93910086
31355,0.053413916
31356,0.066631705
31357,0.08959246
31358,0.075330175
31359,0.24452241
31360,0.08757698
31361,0.056369655
31362,0.0767069
31363,0.10242081
31364,0.10797801
31365,0.47317904
31366,0.50433934
31367,0.26708615
31368,0.7838887
31369,0.50157547
31370,0.54862404
31371,0.09147002
31372,0.06956503
31373,0.06274021
31374,0.09304094
31375,0.03502572
31376,0.03841432
31377,0.05277851
31378,0.50539315
31379,0.062284376
31380,0.47362995
31381,0.07998729
31382,0.09897687
31383,0.10645517
31384,0.089289084
31385,0.2592003
31386,0.055959184
31387,0.0587664
31388,0.039743416
31389,0.026279563
31390,0.06724946
31391,0.8792425
31392,0.6792706
31393,0.66025805
31394,0.4801664
31395,0.52943474
31396,0.105775595
31397,0.28942928
31398,0.034354925
31399,0.057753783
31400,0.04926038
31401,0.06074991
31402,0.0588824
31403,0.08925029
31404,0.08944269
31405,0.09383718
31406,0.050085273
31407,0.46967506
31408,0.0467725
31409,0.041340187
31410,0.42493734
31411,0.026423829
31412,0.12205128
31413,0.28758234
31414,0.0905611
31415,0.07483336
31416,0.26862827
31417,0.27261326
31418,0.11198883
31419,0.11142987
31420,0.06347232
31421,0.053927127
31422,0.05118402
31423,0.062407065
31424,0.0826109
31425,0.04902813
31426,0.2740229
31427,0.044599757
31428,0.1178363
31429,0.058513515
31430,0.06692209
31431,0.10537069
31432,0.032462765
31433,0.074023515
31434,0.081532456
31435,0.08017094
31436,0.59795797
31437,0.6005309
31438,0.120894305
31439,0.0328206
31440,0.07007814
31441,0.061220836
31442,0.09227544
31443,0.111413814
31444,0.042336732
31445,0.04507205
31446,0.043405946
31447,0.050427213
31448,0.04750389
31449,0.025129776
31450,0.026647087
31451,0.06453686
31452,0.105330065
31453,0.43647805
31454,0.06830205
31455,0.053045925
31456,0.0812512
31457,0.03273964
31458,0.10901023
31459,0.5554189
31460,0.11884077
31461,0.029915411
31462,0.067452565
31463,0.06118174
31464,0.05157322
31465,0.056369558
31466,0.091902435
31467,0.10370382
31468,0.041439842
31469,0.04193574
31470,0.042386636
31471,0.04710458
31472,0.021540858
31473,0.06652042
31474,0.03390874
31475,0.08478928
31476,0.052882195
31477,0.049275875
31478,0.03485758
31479,0.05016179
31480,0.053351298
31481,0.29495472
31482,0.043950517
31483,0.04514139
31484,0.053407814
31485,0.07809629
31486,0.08196449
31487,0.27729553
31488,0.0417297
31489,0.08355169
31490,0.062128715
31491,0.063575245
31492,0.04515032
31493,0.049061887
31494,0.07803383
31495,0.074010104
31496,0.25974506
31497,0.05435992
31498,0.2644342
31499,0.03187201
31500,0.08486966
31501,0.053925693
31502,0.2813151
31503,0.5983897
31504,0.28719625
31505,0.04980679
31506,0.051161893
31507,0.052494336
31508,0.04466105
31509,0.046934415
31510,0.07692876
31511,0.07964774
31512,0.9135014
31513,0.0746434
31514,0.08039582
31515,0.079182744
31516,0.06235825
31517,0.06743685
31518,0.048693668
31519,0.02794778
31520,0.06439965
31521,0.9219956
31522,0.083348595
31523,0.25037816
31524,0.055134818
31525,0.06502959
31526,0.047672912
31527,0.05556663
31528,0.024965167
31529,0.05181841
31530,0.048615083
31531,0.038364757
31532,0.031369064
31533,0.049335927
31534,0.04384024
31535,0.08235635
31536,0.07229806
31537,0.07108424
31538,0.07690028
31539,0.06132979
31540,0.0649559
31541,0.06670208
31542,0.02974812
31543,0.071461454
31544,0.8191525
31545,0.08379318
31546,0.056798544
31547,0.056380887
31548,0.06266279
31549,0.052250706
31550,0.052028198
31551,0.022215053
31552,0.57360023
31553,0.034058634
31554,0.036146056
31555,0.026196646
31556,0.05095338
31557,0.059075058
31558,0.07602607
31559,0.0844419
31560,0.06943432
31561,0.066263236
31562,0.06912793
31563,0.02960005
31564,0.065366946
31565,0.46492103
31566,0.07274325
31567,0.058482837
31568,0.06345031
31569,0.01937422
31570,0.2822518
31571,0.03364229
31572,0.02029344
31573,0.02011606
31574,0.0391121
31575,0.08797244
31576,0.25500587
31577,0.08220781
31578,0.048780743
31579,0.032922573
31580,0.029886313
31581,0.06254978
31582,0.30331436
31583,0.28805807
31584,0.056369845
31585,0.02515789
31586,0.028249323
31587,0.019740796
31588,0.03628296
31589,0.056638945
31590,0.04719267
31591,0.048477218
31592,0.08005828
31593,0.08072275
31594,0.08820203
31595,0.048905
31596,0.0341756
31597,0.058396414
31598,0.09697601
31599,0.30137414
31600,0.017393865
31601,0.019058235
31602,0.036297627
31603,0.048322096
31604,0.02539435
31605,0.032599736
31606,0.04270462
31607,0.08546301
31608,0.047210757
31609,0.03187584
31610,0.061420895
31611,0.06210878
31612,0.048339926
31613,0.042617902
31614,0.013887797
31615,0.031684894
31616,0.03325708
31617,0.03462136
31618,0.033660404
31619,0.020643841
31620,0.0869463
31621,0.0410317
31622,0.0561281
31623,0.5276458
31624,0.036586415
31625,0.056316208
31626,0.032753505
31627,0.027795197
31628,0.014127073
31629,0.012186187
31630,0.042121332
31631,0.019764941
31632,0.06796527
31633,0.038651623
31634,0.09397385
31635,0.04426603
31636,0.037908033
31637,0.03768089
31638,0.033698715
31639,0.016290547
31640,0.03642605
31641,0.021233145
31642,0.02485727
31643,0.02297287
31644,0.019783868
31645,0.06746642
31646,0.06587512
31647,0.08781738
31648,0.07210461
31649,0.19761918
31650,0.01837987
31651,0.016327076
31652,0.016082566
31653,0.020295309
31654,0.023928681
31655,0.019587006
31656,0.052718922
31657,0.08128469
31658,0.26909128
31659,0.082233965
31660,0.099878594
31661,0.02062373
31662,0.031287488
31663,0.04104931
31664,0.032446813
31665,0.046027932
31666,0.0381522
31667,0.07048826
31668,0.08359149
31669,0.059213538
31670,0.06059257
31671,0.034600683
31672,0.037543215
31673,0.07193035
31674,0.06539165
31675,0.33164677
31676,0.049851887
31677,0.29272804
31678,0.4602976
31679,0.43407726
31680,0.06633281
31681,0.06501046
31682,0.27781072
31683,0.069068134
31684,0.58635217
31685,0.084151745
31686,0.26896387
31687,0.06575969
31688,0.058818605
31689,0.25189516
31690,0.03904394
31691,0.2503374
31692,0.6168032
31693,0.29582405
31694,0.06395245
31695,0.06198784
31696,0.06415866
31697,0.061423216
31698,0.029547988
31699,0.02900354
31700,0.047541723
31701,0.067788474
31702,0.26285133
31703,0.47802243
31704,0.43810683
31705,0.06657631
31706,0.067755915
31707,0.07364567
31708,0.26486677
31709,0.03726918
31710,0.045725323
31711,0.07042277
31712,0.057008535
31713,0.4242828
31714,0.11162316
31715,0.26997733
31716,0.5667084
31717,0.073169164
31718,0.082227364
31719,0.5015793
31720,0.06728144
31721,0.055649348
31722,0.25475216
31723,0.05991007
31724,0.049745224
31725,0.038759414
31726,0.07314443
31727,0.11891165
31728,0.29741675
31729,0.12515983
31730,0.10576348
31731,0.06948529
31732,0.07194824
31733,0.075647175
31734,0.13511382
31735,0.05134511
31736,0.05460279
31737,0.059725486
31738,0.041977856
31739,0.0645836
31740,0.0620649
31741,0.05008101
31742,0.027424868
31743,0.06332479
31744,0.077441156
31745,0.3195865
31746,0.07718051
31747,0.42985862
31748,0.07065693
31749,0.10702398
31750,0.053349294
31751,0.041755456
31752,0.07006899
31753,0.46393174
31754,0.06265216
31755,0.0704863
31756,0.50448275
31757,0.4765205
31758,0.048284877
31759,0.06069862
31760,0.050761446
31761,0.045116592
31762,0.035752527
31763,0.066560246
31764,0.068927154
31765,0.10453183
31766,0.090291165
31767,0.3220893
31768,0.50480115
31769,0.23849674
31770,0.041677695
31771,0.07240949
31772,0.046918977
31773,0.054722585
31774,0.05513083
31775,0.39180523
31776,0.08236069
31777,0.032377664
31778,0.05359031
31779,0.047026202
31780,0.047327902
31781,0.28293145
31782,0.33487228
31783,0.04830921
31784,0.047032226
31785,0.07549574
31786,0.07576155
31787,0.06162081
31788,0.055900052
31789,0.05729558
31790,0.27965805
31791,0.07599871
31792,0.04595273
31793,0.048592743
31794,0.052573416
31795,0.03292669
31796,0.024459615
31797,0.02738935
31798,0.014633206
31799,0.06099511
31800,0.071564056
31801,0.28078687
31802,0.056770228
31803,0.10285879
31804,0.04993701
31805,0.04181301
31806,0.03564788
31807,0.032591872
31808,0.06865024
31809,0.060526796
31810,0.04788526
31811,0.04875979
31812,0.5813683
31813,0.59181386
31814,0.06463361
31815,0.060959894
31816,0.08039076
31817,0.07420304
31818,0.052175928
31819,0.052278005
31820,0.07320712
31821,0.036357354
31822,0.052059643
31823,0.24179898
31824,0.013988984
31825,0.023710744
31826,0.02182725
31827,0.080248356
31828,0.061881017
31829,0.45573854
31830,0.27134675
31831,0.2856496
31832,0.05093229
31833,0.04317777
31834,0.03330193
31835,0.036958423
31836,0.057498142
31837,0.48227343
31838,0.07823901
31839,0.5793118
31840,0.075858735
31841,0.09870981
31842,0.08022889
31843,0.054103434
31844,0.056804225
31845,0.034528125
31846,0.049639523
31847,0.051669136
31848,0.018283378
31849,0.036960974
31850,0.035529934
31851,0.05427774
31852,0.077316806
31853,0.103819095
31854,0.09846174
31855,0.2918587
31856,0.5551332
31857,0.07459021
31858,0.07178929
31859,0.07966141
31860,0.07867338
31861,0.0759542
31862,0.03989588
31863,0.073624834
31864,0.076873876
31865,0.059221767
31866,0.07547382
31867,0.07415267
31868,0.060325827
31869,0.07413344
31870,0.032851998
31871,0.05154507
31872,0.061523486
31873,0.032265242
31874,0.053524777
31875,0.05038788
31876,0.047023874
31877,0.026387919
31878,0.043206982
31879,0.041368205
31880,0.076042965
31881,0.07545797
31882,0.10575873
31883,0.12633197
31884,0.5581018
31885,0.51952404
31886,0.24998833
31887,0.08912043
31888,0.07869921
31889,0.082035705
31890,0.06675176
31891,0.037800904
31892,0.07340676
31893,0.058097385
31894,0.06582104
31895,0.05914551
31896,0.05767285
31897,0.055382844
31898,0.053630535
31899,0.036343075
31900,0.04898077
31901,0.04987196
31902,0.03563266
31903,0.052869618
31904,0.06776336
31905,0.034725964
31906,0.02753232
31907,0.024891349
31908,0.06754498
31909,0.082292914
31910,0.12228877
31911,0.62428916
31912,0.11280363
31913,0.10663489
31914,0.081766516
31915,0.11653124
31916,0.07992099
31917,0.07479733
31918,0.061498232
31919,0.16225436
31920,0.26794553
31921,0.054485023
31922,0.07580813
31923,0.049621366
31924,0.08274035
31925,0.04655697
31926,0.03618203
31927,0.039571404
31928,0.036354743
31929,0.28226247
31930,0.075811096
31931,0.065531224
31932,0.12262448
31933,0.6416936
31934,0.11583591
31935,0.07309152
31936,0.2551562
31937,0.10324322
31938,0.07762987
31939,0.29978478
31940,0.077707216
31941,0.043590628
31942,0.036193646
31943,0.07388235
31944,0.07357161
31945,0.06825242
31946,0.08134351
31947,0.07724564
31948,0.07869572
31949,0.046724007
31950,0.03540254
31951,0.035334874
31952,0.021978779
31953,0.03387935
31954,0.03616487
31955,0.11981524
31956,0.12920702
31957,0.11713003
31958,0.11739437
31959,0.25891063
31960,0.10093685
31961,0.09206131
31962,0.11444267
31963,0.2532912
31964,0.26892182
31965,0.11335719
31966,0.05723908
31967,0.07905516
31968,0.08876664
31969,0.7471689
31970,0.0906277
31971,0.090153046
31972,0.43287665
31973,0.27281532
31974,0.031345315
31975,0.02468119
31976,0.024693409
31977,0.036513273
31978,0.068499535
31979,0.550406
31980,0.4904901
31981,0.11409883
31982,0.0774085
31983,0.26316643
31984,0.24697976
31985,0.120566875
31986,0.1691883
31987,0.43512252
31988,0.10126034
31989,0.060578745
31990,0.09486655
31991,0.080955364
31992,0.101889625
31993,0.8208207
31994,0.08181342
31995,0.077057116
31996,0.5238758
31997,0.03424576
31998,0.03843671
31999,0.27125213
32000,0.031017149
32001,0.027781704
32002,0.049757965
32003,0.05610277
32004,0.04735052
32005,0.027191868
32006,0.08822345
32007,0.46419266
32008,0.087028004
32009,0.087412916
32010,0.53748024
32011,0.11226907
32012,0.14334361
32013,0.44977224
32014,0.52921706
32015,0.13648236
32016,0.12942918
32017,0.0952103
32018,0.8911778
32019,0.8445294
32020,0.5639447
32021,0.082501374
32022,0.0842
32023,0.24734572
32024,0.030567497
32025,0.08693827
32026,0.08420657
32027,0.027559064
32028,0.063126944
32029,0.09228557
32030,0.1138788
32031,0.08853992
32032,0.09633699
32033,0.11274011
32034,0.1102973
32035,0.13961083
32036,0.27722794
32037,0.275238
32038,0.059540626
32039,0.27630228
32040,0.056720026
32041,0.0862651
32042,0.8001527
32043,0.862625
32044,0.57932395
32045,0.08588486
32046,0.026633963
32047,0.08459495
32048,0.42529905
32049,0.030396705
32050,0.030314373
32051,0.031970076
32052,0.072391696
32053,0.06929082
32054,0.05987387
32055,0.0628627
32056,0.5260065
32057,0.07601587
32058,0.11213344
32059,0.108429834
32060,0.073682666
32061,0.09534994
32062,0.07484533
32063,0.55882627
32064,0.2665039
32065,0.08417885
32066,0.27553073
32067,0.08511533
32068,0.08850347
32069,0.90089095
32070,0.9179919
32071,0.7380596
32072,0.08330318
32073,0.080326594
32074,0.059680115
32075,0.45295027
32076,0.098453544
32077,0.2818329
32078,0.065387465
32079,0.04748703
32080,0.017921973
32081,0.0623773
32082,0.045733105
32083,0.05787674
32084,0.05879535
32085,0.5734949
32086,0.4991733
32087,0.28786138
32088,0.11213598
32089,0.08124885
32090,0.08989157
32091,0.09282317
32092,0.08635629
32093,0.06909549
32094,0.26552454
32095,0.11886759
32096,0.08697936
32097,0.09968688
32098,0.041002654
32099,0.8595182
32100,0.81956655
32101,0.76968974
32102,0.06514758
32103,0.0613804
32104,0.2660348
32105,0.4821129
32106,0.10721889
32107,0.0232498
32108,0.04801982
32109,0.024271479
32110,0.06042543
32111,0.06627864
32112,0.8106927
32113,0.8305482
32114,0.109063104
32115,0.12037756
32116,0.08971677
32117,0.14870211
32118,0.113579325
32119,0.24970223
32120,0.25081918
32121,0.064307414
32122,0.07987236
32123,0.07723034
32124,0.105711885
32125,0.1048058
32126,0.100235574
32127,0.77757233
32128,0.5682639
32129,0.26572165
32130,0.06536354
32131,0.071281426
32132,0.08566547
32133,0.074019276
32134,0.06473193
32135,0.26221225
32136,0.05286576
32137,0.060018457
32138,0.02938523
32139,0.05616554
32140,0.038004644
32141,0.06243964
32142,0.05854028
32143,0.80734587
32144,0.72367775
32145,0.27099568
32146,0.1195035
32147,0.0889997
32148,0.14497389
32149,0.14079867
32150,0.54530615
32151,0.0678975
32152,0.05900664
32153,0.073782556
32154,0.07822602
32155,0.09440553
32156,0.10783239
32157,0.087589785
32158,0.8578579
32159,0.5682999
32160,0.15334164
32161,0.9868449
32162,0.07705559
32163,0.06588148
32164,0.27486163
32165,0.11157913
32166,0.05943582
32167,0.0524177
32168,0.3856751
32169,0.02701489
32170,0.013408443
32171,0.054100715
32172,0.07503108
32173,0.094431184
32174,0.53880906
32175,0.5369095
32176,0.66802484
32177,0.52651465
32178,0.14862014
32179,0.15784483
32180,0.60667175
32181,0.09460637
32182,0.11034138
32183,0.06923091
32184,0.06714486
32185,0.55468696
32186,0.25351977
32187,0.039124656
32188,0.4970111
32189,0.26575592
32190,0.051020082
32191,0.09057222
32192,0.08377051
32193,0.065333724
32194,0.044000994
32195,0.021548817
32196,0.07708963
32197,0.08513504
32198,0.10850289
32199,0.10971798
32200,0.66418546
32201,0.6608464
32202,0.5761617
32203,0.561148
32204,0.61468947
32205,0.122078635
32206,0.053820018
32207,0.06282575
32208,0.23785688
32209,0.5417293
32210,0.10666567
32211,0.03946792
32212,0.07125448
32213,0.06799607
32214,0.052313544
32215,0.05285669
32216,0.09178945
32217,0.06817468
32218,0.0473143
32219,0.061475124
32220,0.009328375
32221,0.077586845
32222,0.09005581
32223,0.11017295
32224,0.57469577
32225,0.27043954
32226,0.52383566
32227,0.73728746
32228,0.73266226
32229,0.52577424
32230,0.25517416
32231,0.053519856
32232,0.054364342
32233,0.057880916
32234,0.06596317
32235,0.094449475
32236,0.03623467
32237,0.07404485
32238,0.90462947
32239,0.052886527
32240,0.06288239
32241,0.09137113
32242,0.077995054
32243,0.06463722
32244,0.098759934
32245,0.08130173
32246,0.068130195
32247,0.0620734
32248,0.071502745
32249,0.09290672
32250,0.10434705
32251,0.5560188
32252,0.53314877
32253,0.2669559
32254,0.71523225
32255,0.53008324
32256,0.5384237
32257,0.082233965
32258,0.07077689
32259,0.06970261
32260,0.06718131
32261,0.089609176
32262,0.038770232
32263,0.066550784
32264,0.053520057
32265,0.4902571
32266,0.061755497
32267,0.43983212
32268,0.07713876
32269,0.106500104
32270,0.11611186
32271,0.08655891
32272,0.08602084
32273,0.06225921
32274,0.05722083
32275,0.02195573
32276,0.068066806
32277,0.96012837
32278,0.7320333
32279,0.6581884
32280,0.4857711
32281,0.5398376
32282,0.10535518
32283,0.2746319
32284,0.0287235
32285,0.058727857
32286,0.06289384
32287,0.058292087
32288,0.09605592
32289,0.115847506
32290,0.10083155
32291,0.10183426
32292,0.26281908
32293,0.04908726
32294,0.05092301
32295,0.43829843
32296,0.025484342
32297,0.059891284
32298,0.008389394
32299,0.024032295
32300,0.11383083
32301,0.70401
32302,0.07622958
32303,0.265906
32304,0.12984563
32305,0.1066676
32306,0.11013628
32307,0.07084192
32308,0.052987978
32309,0.050359815
32310,0.059074894
32311,0.093739085
32312,0.09352117
32313,0.044730786
32314,0.27026457
32315,0.05720106
32316,0.11633777
32317,0.05330963
32318,0.06611081
32319,0.10687
32320,0.035109714
32321,0.07429884
32322,0.049703386
32323,0.07707172
32324,0.079665214
32325,0.526375
32326,0.527051
32327,0.12096018
32328,0.0498975
32329,0.053208254
32330,0.06413953
32331,0.066855535
32332,0.097324885
32333,0.28794768
32334,0.03855344
32335,0.046980087
32336,0.05192626
32337,0.049906947
32338,0.04235429
32339,0.02436992
32340,0.06874619
32341,0.10629976
32342,0.43084002
32343,0.08593546
32344,0.065162644
32345,0.08352572
32346,0.03805096
32347,0.12478371
32348,0.5820424
32349,0.11816433
32350,0.029355101
32351,0.24727054
32352,0.06377703
32353,0.05192818
32354,0.09666971
32355,0.09735044
32356,0.042021364
32357,0.049850717
32358,0.051463235
32359,0.26724
32360,0.045377683
32361,0.022161799
32362,0.060300935
32363,0.030988457
32364,0.08898548
32365,0.043271314
32366,0.03835257
32367,0.032035325
32368,0.03818439
32369,0.048593804
32370,0.2818532
32371,0.055791672
32372,0.04382756
32373,0.05083043
32374,0.07666868
32375,0.083527625
32376,0.2557299
32377,0.042602904
32378,0.25205448
32379,0.063370496
32380,0.0627651
32381,0.052573964
32382,0.046853893
32383,0.0739092
32384,0.06817642
32385,0.5083547
32386,0.061132353
32387,0.06788061
32388,0.034124892
32389,0.0861655
32390,0.047728684
32391,0.01681638
32392,0.28274477
32393,0.5456263
32394,0.28717527
32395,0.056046244
32396,0.046090115
32397,0.05055075
32398,0.050809875
32399,0.044834998
32400,0.08160214
32401,0.07728153
32402,0.9411257
32403,0.06829503
32404,0.0770992
32405,0.08335833
32406,0.06320866
32407,0.07845669
32408,0.0389679
32409,0.06948236
32410,0.80240405
32411,0.08051303
32412,0.2656028
32413,0.055934165
32414,0.07364847
32415,0.046163194
32416,0.051480204
32417,0.016638916
32418,0.02985547
32419,0.051008232
32420,0.05142033
32421,0.035311747
32422,0.03620017
32423,0.04814764
32424,0.048405085
32425,0.08466487
32426,0.07582112
32427,0.07530891
32428,0.09446708
32429,0.07349668
32430,0.07038036
32431,0.07063221
32432,0.03527433
32433,0.03309693
32434,0.06361954
32435,0.6836268
32436,0.08169435
32437,0.062076617
32438,0.05805134
32439,0.06355214
32440,0.06715866
32441,0.05055074
32442,0.025980271
32443,0.017104711
32444,0.5486249
32445,0.031664252
32446,0.04392445
32447,0.2870053
32448,0.06258073
32449,0.07269482
32450,0.06885138
32451,0.033119544
32452,0.06576636
32453,0.3803898
32454,0.055801097
32455,0.06099443
32456,0.066091426
32457,0.020849427
32458,0.02033802
32459,0.019644437
32460,0.49724394
32461,0.03681793
32462,0.02459526
32463,0.043009955
32464,0.09172782
32465,0.078009106
32466,0.08178784
32467,0.05262954
32468,0.05122556
32469,0.043338075
32470,0.031323172
32471,0.07429147
32472,0.31423038
32473,0.29130927
32474,0.019688582
32475,0.018551636
32476,0.019758884
32477,0.022319911
32478,0.024470197
32479,0.042450327
32480,0.09081817
32481,0.082581505
32482,0.082697384
32483,0.049705945
32484,0.0591397
32485,0.14047375
32486,0.25648376
32487,0.04990416
32488,0.052656196
32489,0.029712388
32490,0.02354727
32491,0.020564087
32492,0.047663823
32493,0.029553853
32494,0.03280882
32495,0.034733713
32496,0.043851294
32497,0.08741206
32498,0.03038117
32499,0.06424968
32500,0.06826178
32501,0.08858101
32502,0.037182666
32503,0.014680384
32504,0.034274895
32505,0.035805896
32506,0.04016619
32507,0.018607745
32508,0.07749268
32509,0.08589041
32510,0.094012566
32511,0.054141723
32512,0.06728273
32513,0.3150005
32514,0.04149316
32515,0.06585828
32516,0.033146396
32517,0.045751836
32518,0.025870563
32519,0.01663971
32520,0.014773296
32521,0.034880523
32522,0.033315483
32523,0.066641994
32524,0.08446961
32525,0.06528801
32526,0.036635593
32527,0.043672763
32528,0.04491697
32529,0.021121686
32530,0.02474442
32531,0.015051692
32532,0.025621109
32533,0.019604418
32534,0.023745138
32535,0.024214534
32536,0.021734394
32537,0.021465313
32538,0.06837887
32539,0.07347531
32540,0.08953226
32541,0.033142045
32542,0.0877014
32543,0.015108376
32544,0.022785518
32545,0.022588806
32546,0.015718255
32547,0.02441726
32548,0.014330699
32549,0.039470863
32550,0.04690012
32551,0.05491487
32552,0.097453535
32553,0.2980583
32554,0.26630908
32555,0.10686575
32556,0.012392863
32557,0.019150987
32558,0.021879686
32559,0.032550227
32560,0.032284167
32561,0.037560314
32562,0.020929787
32563,0.030506842
32564,0.023075491
32565,0.061283313
32566,0.058932915
32567,0.06471389
32568,0.065318525
32569,0.052201394
32570,0.070046484
32571,0.07299785
32572,0.083915025
32573,0.06913204
32574,0.30398402
32575,0.065689445
32576,0.08842679
32577,0.07641432
32578,0.2675782
32579,0.44075674
32580,0.06651165
32581,0.06572877
32582,0.28359568
32583,0.05538142
32584,0.5815686
32585,0.08755188
32586,0.4384512
32587,0.060303736
32588,0.07586299
32589,0.5904909
32590,0.12366999
32591,0.065638855
32592,0.064564735
32593,0.25820437
32594,0.057150595
32595,0.031058796
32596,0.02921932
32597,0.056331646
32598,0.026672464
32599,0.055424865
32600,0.25841594
32601,0.47329485
32602,0.46505925
32603,0.062438022
32604,0.06270073
32605,0.06846163
32606,0.06297545
32607,0.034969334
32608,0.045734048
32609,0.07209137
32610,0.062185857
32611,0.09633477
32612,0.44987044
32613,0.108988136
32614,0.2785149
32615,0.5446049
32616,0.071762376
32617,0.07018366
32618,0.4540726
32619,0.07145941
32620,0.2669375
32621,0.05672647
32622,0.052223958
32623,0.038400345
32624,0.07327971
32625,0.0848895
32626,0.258051
32627,0.26910993
32628,0.066178575
32629,0.07660958
32630,0.088833004
32631,0.27942517
32632,0.05170441
32633,0.05229672
32634,0.042250972
32635,0.06293179
32636,0.06243708
32637,0.04116419
32638,0.028164102
32639,0.06923796
32640,0.078987814
32641,0.07556197
32642,0.259003
32643,0.055935033
32644,0.44961277
32645,0.09976508
32646,0.05475202
32647,0.056351062
32648,0.044249408
32649,0.3769023
32650,0.055865053
32651,0.08032345
32652,0.39613768
32653,0.47581467
32654,0.054307833
32655,0.055304214
32656,0.04091478
32657,0.033055395
32658,0.064881176
32659,0.10992672
32660,0.2792072
32661,0.3268519
32662,0.4827048
32663,0.23822963
32664,0.043367602
32665,0.03327227
32666,0.059494596
32667,0.060744487
32668,0.29103738
32669,0.079962745
32670,0.0332639
32671,0.050737668
32672,0.067987606
32673,0.058836143
32674,0.060811263
32675,0.0888178
32676,0.28136474
32677,0.4711207
32678,0.048501898
32679,0.043561846
32680,0.0726607
32681,0.0806125
32682,0.03875644
32683,0.059315454
32684,0.07380753
32685,0.08615823
32686,0.049196187
32687,0.050169107
32688,0.026732672
32689,0.02034414
32690,0.025500119
32691,0.068777315
32692,0.07448051
32693,0.30095425
32694,0.067752965
32695,0.11393975
32696,0.06285748
32697,0.050973587
32698,0.033205416
32699,0.034922093
32700,0.07102103
32701,0.04603899
32702,0.051144768
32703,0.58664805
32704,0.57458556
32705,0.06679112
32706,0.066721626
32707,0.07089211
32708,0.053823486
32709,0.055734407
32710,0.07512962
32711,0.033169612
32712,0.053832605
32713,0.263846
32714,0.025422048
32715,0.025994139
32716,0.019384021
32717,0.069292754
32718,0.07344182
32719,0.47531173
32720,0.61634415
32721,0.6114162
32722,0.056220945
32723,0.04406189
32724,0.0333331
32725,0.03516514
32726,0.048116874
32727,0.26017252
32728,0.07553241
32729,0.57854337
32730,0.06945998
32731,0.061381713
32732,0.070689134
32733,0.05692609
32734,0.05758857
32735,0.031615168
32736,0.053934556
32737,0.049568985
32738,0.03319697
32739,0.040084418
32740,0.03556845
32741,0.037315022
32742,0.2799985
32743,0.10244439
32744,0.099160984
32745,0.28414956
32746,0.6059753
32747,0.09538611
32748,0.072744414
32749,0.08134685
32750,0.077213414
32751,0.079483524
32752,0.04072592
32753,0.04252614
32754,0.039186858
32755,0.0658008
32756,0.06942532
32757,0.06125842
32758,0.059463758
32759,0.07722731
32760,0.058868032
32761,0.07991939
32762,0.052801557
32763,0.055622943
32764,0.053339705
32765,0.05137357
32766,0.02560758
32767,0.036910746
32768,0.036985837
32769,0.08309247
32770,0.078260854
32771,0.1002996
32772,0.13519482
32773,0.5331275
32774,0.29328644
32775,0.229696
32776,0.08006566
32777,0.079382785
32778,0.07057005
32779,0.040654246
32780,0.07288282
32781,0.06386248
32782,0.05923244
32783,0.06371537
32784,0.052243423
32785,0.05658189
32786,0.036711965
32787,0.049838804
32788,0.049205612
32789,0.036690958
32790,0.036060546
32791,0.03730096
32792,0.07138802
32793,0.07270999
32794,0.13255917
32795,0.66560084
32796,0.116271436
32797,0.26008388
32798,0.07907939
32799,0.095143445
32800,0.08280508
32801,0.0958948
32802,0.06089461
32803,0.04155192
32804,0.07208445
32805,0.2689065
32806,0.054304354
32807,0.07151927
32808,0.05887412
32809,0.07995981
32810,0.04791442
32811,0.03541646
32812,0.040016603
32813,0.024264887
32814,0.3938232
32815,0.06399035
32816,0.070895135
32817,0.12913208
32818,0.666298
32819,0.109974705
32820,0.078992635
32821,0.25929
32822,0.10516243
32823,0.08039202
32824,0.2930456
32825,0.06871185
32826,0.03931988
32827,0.03872638
32828,0.09459708
32829,0.07330856
32830,0.26614085
32831,0.07231523
32832,0.27149016
32833,0.08051384
32834,0.04703555
32835,0.037165888
32836,0.036134798
32837,0.043132234
32838,0.11247898
32839,0.12574634
32840,0.09512228
32841,0.11813801
32842,0.28023198
32843,0.09783133
32844,0.091039784
32845,0.116645485
32846,0.16885251
32847,0.2567459
32848,0.111207224
32849,0.05776197
32850,0.057970338
32851,0.05401775
32852,0.10063912
32853,0.7110545
32854,0.08168123
32855,0.076419465
32856,0.4574827
32857,0.2747764
32858,0.026710358
32859,0.03322928
32860,0.031676237
32861,0.04322012
32862,0.04860375
32863,0.51039916
32864,0.53112286
32865,0.08563467
32866,0.10092193
32867,0.09870851
32868,0.089497715
32869,0.12808307
32870,0.16698372
32871,0.48818368
32872,0.102149196
32873,0.06835692
32874,0.08213485
32875,0.081465974
32876,0.10867906
32877,0.8410039
32878,0.0822252
32879,0.5137348
32880,0.032484937
32881,0.029318044
32882,0.25697154
32883,0.03293294
32884,0.05419236
32885,0.05508167
32886,0.037388545
32887,0.038198434
32888,0.5390981
32889,0.0960992
32890,0.08750587
32891,0.5592699
32892,0.10987697
32893,0.14246593
32894,0.52894616
32895,0.1872461
32896,0.037639406
32897,0.13199863
32898,0.13342623
32899,0.092291184
32900,0.93031055
32901,0.88842934
32902,0.5546808
32903,0.0802279
32904,0.23357578
32905,0.07216842
32906,0.070790656
32907,0.038429175
32908,0.03343122
32909,0.02525047
32910,0.05694282
32911,0.089216374
32912,0.11522104
32913,0.08519128
32914,0.0988991
32915,0.10760384
32916,0.10839426
32917,0.1383582
32918,0.27464947
32919,0.2812863
32920,0.040163532
32921,0.05867736
32922,0.28479397
32923,0.055244084
32924,0.11346118
32925,0.7663631
32926,0.86559284
32927,0.6168586
32928,0.08621611
32929,0.030983422
32930,0.07913778
32931,0.45978332
32932,0.033179387
32933,0.026943069
32934,0.07264132
32935,0.08926541
32936,0.066219874
32937,0.065402426
32938,0.5453526
32939,0.07844802
32940,0.113177344
32941,0.105908506
32942,0.084649816
32943,0.080983825
32944,0.07123762
32945,0.5049283
32946,0.2674701
32947,0.08629428
32948,0.12011272
32949,0.08651047
32950,0.08877065
32951,0.9789455
32952,0.8483336
32953,0.77228266
32954,0.06610622
32955,0.055515982
32956,0.078232564
32957,0.078120954
32958,0.4435969
32959,0.1045356
32960,0.27225748
32961,0.051595144
32962,0.04725841
32963,0.021066025
32964,0.0757495
32965,0.052600574
32966,0.25229305
32967,0.06051701
32968,0.53012305
32969,0.5267439
32970,0.26685107
32971,0.10936355
32972,0.08213893
32973,0.1086473
32974,0.08534858
32975,0.0946622
32976,0.06689328
32977,0.1145329
32978,0.119813725
32979,0.088380754
32980,0.105686404
32981,0.043581314
32982,0.87539965
32983,0.8840557
32984,0.77781266
32985,0.062094506
32986,0.061678544
32987,0.26342493
32988,0.43717408
32989,0.1090077
32990,0.026023058
32991,0.031036273
32992,0.04359652
32993,0.05820793
32994,0.058484793
32995,0.8091518
32996,0.8287753
32997,0.117489405
32998,0.12483173
32999,0.078509465
33000,0.14618257
33001,0.103711896
33002,0.2504205
33003,0.26149103
33004,0.077067904
33005,0.0753493
33006,0.11386897
33007,0.11702329
33008,0.09694063
33009,0.8493277
33010,0.534963
33011,0.2688731
33012,0.064085916
33013,0.087962575
33014,0.07799801
33015,0.06560124
33016,0.1065307
33017,0.05057904
33018,0.064488046
33019,0.015948975
33020,0.02696549
33021,0.05887882
33022,0.060302198
33023,0.94053155
33024,0.42564246
33025,0.2718923
33026,0.118972726
33027,0.08390142
33028,0.16296944
33029,0.11380454
33030,0.5511521
33031,0.06649647
33032,0.06022654
33033,0.07138502
33034,0.07495901
33035,0.10145316
33036,0.0951944
33037,0.08171307
33038,0.7854817
33039,0.26374757
33040,0.15291467
33041,1.0304646
33042,0.27271923
33043,0.2745023
33044,0.2740117
33045,0.051909864
33046,0.06180971
33047,0.43570954
33048,0.027096754
33049,0.017463826
33050,0.05298838
33051,0.074039966
33052,0.09460748
33053,0.5131587
33054,0.6084691
33055,0.27675784
33056,0.5264466
33057,0.15865763
33058,0.1657188
33059,0.60346687
33060,0.0951944
33061,0.10202694
33062,0.06911638
33063,0.06257126
33064,0.52141815
33065,0.26321954
33066,0.039238326
33067,0.48753202
33068,0.45515543
33069,0.049895618
33070,0.098558046
33071,0.07692444
33072,0.047284164
33073,0.022266801
33074,0.015870105
33075,0.055411458
33076,0.078554794
33077,0.11476422
33078,0.11311033
33079,0.76031977
33080,0.6465536
33081,0.5408692
33082,0.27289715
33083,0.6642767
33084,0.122379355
33085,0.054433197
33086,0.055386286
33087,0.063968934
33088,0.48362654
33089,0.09283874
33090,0.1343252
33091,0.06971561
33092,0.057877656
33093,0.05639921
33094,0.04865037
33095,0.09470468
33096,0.06586441
33097,0.05667262
33098,0.07345223
33099,0.102597415
33100,0.107723385
33101,0.52625084
33102,0.29740036
33103,0.4547948
33104,0.7630315
33105,0.7977999
33106,0.28590533
33107,0.26167184
33108,0.055926044
33109,0.066372536
33110,0.06687952
33111,0.08978803
33112,0.06934142
33113,1.034371
33114,0.054332245
33115,0.060305256
33116,0.09450096
33117,0.08105891
33118,0.06255349
33119,0.09914502
33120,0.084171824
33121,0.08588553
33122,0.05781274
33123,0.013314306
33124,0.010356092
33125,0.07673747
33126,0.095625825
33127,0.109131195
33128,0.59821486
33129,0.49531525
33130,0.52517694
33131,0.7737345
33132,0.57798874
33133,0.53460896
33134,0.09110023
33135,0.056485392
33136,0.07002484
33137,0.06891948
33138,0.082822114
33139,0.04275708
33140,0.06544557
33141,0.061090406
33142,0.48541257
33143,0.05081661
33144,0.41919246
33145,0.07984233
33146,0.09996616
33147,0.097120315
33148,0.08684141
33149,0.2582306
33150,0.07704826
33151,0.059950463
33152,0.025719546
33153,0.073103204
33154,0.8982706
33155,0.6418836
33156,0.6613806
33157,0.46284682
33158,0.25858706
33159,0.11665474
33160,0.27253592
33161,0.02518749
33162,0.054063704
33163,0.07042938
33164,0.09771173
33165,0.09387422
33166,0.10186129
33167,0.06942571
33168,0.26625633
33169,0.050204955
33170,0.04904321
33171,0.28142595
33172,0.023294998
33173,0.021430673
33174,0.116349995
33175,0.5672763
33176,0.07606351
33177,0.5489679
33178,0.12792684
33179,0.10266964
33180,0.110874705
33181,0.08552264
33182,0.049915146
33183,0.044136632
33184,0.060321085
33185,0.096443444
33186,0.09818885
33187,0.07696454
33188,0.050652552
33189,0.052302502
33190,0.117699176
33191,0.05881044
33192,0.07102136
33193,0.11553242
33194,0.031831294
33195,0.07387021
33196,0.07767228
33197,0.0783172
33198,0.50042963
33199,0.58751106
33200,0.1195686
33201,0.084972054
33202,0.05128587
33203,0.04550415
33204,0.063577816
33205,0.093154736
33206,0.09693079
33207,0.06851611
33208,0.04703131
33209,0.04463518
33210,0.058978166
33211,0.025240924
33212,0.021876257
33213,0.06887312
33214,0.09925482
33215,0.41359082
33216,0.06532389
33217,0.052224755
33218,0.07883663
33219,0.03716192
33220,0.11562409
33221,0.5894236
33222,0.12068799
33223,0.031364
33224,0.06276814
33225,0.25307268
33226,0.053623945
33227,0.06412956
33228,0.054699566
33229,0.05092187
33230,0.09518078
33231,0.09472746
33232,0.05106252
33233,0.041420776
33234,0.26009795
33235,0.04433135
33236,0.025775686
33237,0.035917934
33238,0.084976785
33239,0.041788075
33240,0.033917103
33241,0.034767605
33242,0.04538909
33243,0.0476951
33244,0.5427969
33245,0.054429103
33246,0.047804676
33247,0.04985564
33248,0.07865226
33249,0.08219855
33250,0.07642602
33251,0.09343734
33252,0.46125856
33253,0.067852974
33254,0.07057953
33255,0.04389465
33256,0.0443785
33257,0.061673436
33258,0.07039
33259,0.57859856
33260,0.059273116
33261,0.06896578
33262,0.034043897
33263,0.08993394
33264,0.05552338
33265,0.48904356
33266,0.5645784
33267,0.28874478
33268,0.0560013
33269,0.036953602
33270,0.045155615
33271,0.042916298
33272,0.049249087
33273,0.045197852
33274,0.078837775
33275,0.078698106
33276,0.9110887
33277,0.07164183
33278,0.074778974
33279,0.060618907
33280,0.06633139
33281,0.04879022
33282,0.06438739
33283,0.71913093
33284,0.08315741
33285,0.26562154
33286,0.051542073
33287,0.057531994
33288,0.06247146
33289,0.04306245
33290,0.04871435
33291,0.025942447
33292,0.050125867
33293,0.0462424
33294,0.03652204
33295,0.03750605
33296,0.053607404
33297,0.08272824
33298,0.07342296
33299,0.073793896
33300,0.07642415
33301,0.0643032
33302,0.06541396
33303,0.06615239
33304,0.03888559
33305,0.032399066
33306,0.06322367
33307,0.7473204
33308,0.081672624
33309,0.05869731
33310,0.05881044
33311,0.06528372
33312,0.048232794
33313,0.047494143
33314,0.016754122
33315,0.029248437
33316,0.5428243
33317,0.036175348
33318,0.034798395
33319,0.050174955
33320,0.07291188
33321,0.27970472
33322,0.07041094
33323,0.07001517
33324,0.069892496
33325,0.033541054
33326,0.029743506
33327,0.39201176
33328,0.060571544
33329,0.059776828
33330,0.071538925
33331,0.063316695
33332,0.016907815
33333,0.015555585
33334,0.015646558
33335,0.031830475
33336,0.03173844
33337,0.026626434
33338,0.042155873
33339,0.091848694
33340,0.0832178
33341,0.08197424
33342,0.052185826
33343,0.047144804
33344,0.03521536
33345,0.035184033
33346,0.06737269
33347,0.10161521
33348,0.11174622
33349,0.0521632
33350,0.051899698
33351,0.017401956
33352,0.030814683
33353,0.031903423
33354,0.043353453
33355,0.09334286
33356,0.084714115
33357,0.08348388
33358,0.06273505
33359,0.42378607
33360,0.04959213
33361,0.025097677
33362,0.015909301
33363,0.02479337
33364,0.053768028
33365,0.030802896
33366,0.04426011
33367,0.09915483
33368,0.050599083
33369,0.034758188
33370,0.064034835
33371,0.06522498
33372,0.103036575
33373,0.05619048
33374,0.051118646
33375,0.018724684
33376,0.020120839
33377,0.03441092
33378,0.03488669
33379,0.042972036
33380,0.022966659
33381,0.07054649
33382,0.09189372
33383,0.086520985
33384,0.048261866
33385,0.07500003
33386,0.45181826
33387,0.042730868
33388,0.051214147
33389,0.058948565
33390,0.05962243
33391,0.026645957
33392,0.009643199
33393,0.011930816
33394,0.035734016
33395,0.024802199
33396,0.07108683
33397,0.09478477
33398,0.044876203
33399,0.032819007
33400,0.06614522
33401,0.015152566
33402,0.019112473
33403,0.026339833
33404,0.026192235
33405,0.024267292
33406,0.022649586
33407,0.071904056
33408,0.06709652
33409,0.09684012
33410,0.33374256
33411,0.018688811
33412,0.015202499
33413,0.010568622
33414,0.012424899
33415,0.022079203
33416,0.022969453
33417,0.022966659
33418,0.0432948
33419,0.044708308
33420,0.09273296
33421,0.25912362
33422,0.28928804
33423,0.048098672
33424,0.09542637
33425,0.09701075
33426,0.019490086
33427,0.018983308
33428,0.022600876
33429,0.026757736
33430,0.031075887
33431,0.02246113
33432,0.027667075
33433,0.06808623
33434,0.062288642
33435,0.02726397
33436,0.036846615
33437,0.039701115
33438,0.08375494
33439,0.059570707
33440,0.36832088
33441,0.06665221
33442,0.09951432
33443,0.08850077
33444,0.271246
33445,0.26576164
33446,0.061115935
33447,0.2870949
33448,0.057860006
33449,0.6512675
33450,0.06342806
33451,0.06158477
33452,0.05799502
33453,0.033582147
33454,0.26099917
33455,0.63689685
33456,0.3002601
33457,0.061303247
33458,0.06437417
33459,0.2892728
33460,0.055208765
33461,0.05524607
33462,0.030493468
33463,0.032378264
33464,0.03413566
33465,0.06755013
33466,0.059271
33467,0.26050806
33468,0.46671036
33469,0.46651918
33470,0.06813742
33471,0.0605376
33472,0.064617045
33473,0.06165553
33474,0.036563486
33475,0.03921001
33476,0.0684657
33477,0.06323894
33478,0.11068444
33479,0.5104078
33480,0.25628364
33481,0.48392007
33482,0.55405736
33483,0.2930451
33484,0.34725562
33485,0.07891258
33486,0.059563
33487,0.056434657
33488,0.038048863
33489,0.037830308
33490,0.068970226
33491,0.11849271
33492,0.08179079
33493,0.10154369
33494,0.09322831
33495,0.066718474
33496,0.07232266
33497,0.072598316
33498,0.28619298
33499,0.05682473
33500,0.07184398
33501,0.046997458
33502,0.059372675
33503,0.06327739
33504,0.031185763
33505,0.05389681
33506,0.07289976
33507,0.081085354
33508,0.11198932
33509,0.0654797
33510,0.08091042
33511,0.07542835
33512,0.090482004
33513,0.05453735
33514,0.44177192
33515,0.062480718
33516,0.06787788
33517,0.42857414
33518,0.47612092
33519,0.05151674
33520,0.060478747
33521,0.06677232
33522,0.043615006
33523,0.04188673
33524,0.032858383
33525,0.065974414
33526,0.06589833
33527,0.083771154
33528,0.08854518
33529,0.2739936
33530,0.4396247
33531,0.5679634
33532,0.0430098
33533,0.034957565
33534,0.05402559
33535,0.063063815
33536,0.28759515
33537,0.03571771
33538,0.055964198
33539,0.08609687
33540,0.11641865
33541,0.47438598
33542,0.25640783
33543,0.05575617
33544,0.04161177
33545,0.0726578
33546,0.068691805
33547,0.032231342
33548,0.054239955
33549,0.085978396
33550,0.08880345
33551,0.05183953
33552,0.055109836
33553,0.03104561
33554,0.027902441
33555,0.025942307
33556,0.017751984
33557,0.0757168
33558,0.071731955
33559,0.28569546
33560,0.058900584
33561,0.09238561
33562,0.051201884
33563,0.04433535
33564,0.03016772
33565,0.034986444
33566,0.071566544
33567,0.04656757
33568,0.044683814
33569,0.49607235
33570,0.5774439
33571,0.063347414
33572,0.064906865
33573,0.07246416
33574,0.071463466
33575,0.057951476
33576,0.08675624
33577,0.020574503
33578,0.05293983
33579,0.05563595
33580,0.26129532
33581,0.021431148
33582,0.02801541
33583,0.018944122
33584,0.052932907
33585,0.07519852
33586,0.07623895
33587,0.48635408
33588,0.57042724
33589,0.6630103
33590,0.061255645
33591,0.04055479
33592,0.03731165
33593,0.039977983
33594,0.047386605
33595,0.2510412
33596,0.07270378
33597,0.58178115
33598,0.06805055
33599,0.061684836
33600,0.07393412
33601,0.055398732
33602,0.055189054
33603,0.036501795
33604,0.054294396
33605,0.05457161
33606,0.05504444
33607,0.06749957
33608,0.03530615
33609,0.03968535
33610,0.04999718
33611,0.076682426
33612,0.102231435
33613,0.10479288
33614,0.26728585
33615,0.52752864
33616,0.061437987
33617,0.07155431
33618,0.08510751
33619,0.07707254
33620,0.08001583
33621,0.04164308
33622,0.038551398
33623,0.071620025
33624,0.08899677
33625,0.062199336
33626,0.063183784
33627,0.05350751
33628,0.07003589
33629,0.051474333
33630,0.034583196
33631,0.046331856
33632,0.034946073
33633,0.089390814
33634,0.05189931
33635,0.02160562
33636,0.033839084
33637,0.034909114
33638,0.07777791
33639,0.07622013
33640,0.10628333
33641,0.12033075
33642,0.55343616
33643,0.14522079
33644,0.24279141
33645,0.08037608
33646,0.079231925
33647,0.079935424
33648,0.06651602
33649,0.040061902
33650,0.06930338
33651,0.07326791
33652,0.061941247
33653,0.058284633
33654,0.051467407
33655,0.05228862
33656,0.050417613
33657,0.034995228
33658,0.047670573
33659,0.03886708
33660,0.02684013
33661,0.033896312
33662,0.092952654
33663,0.06607487
33664,0.13030809
33665,0.65704
33666,0.1094731
33667,0.11369522
33668,0.08537742
33669,0.097114466
33670,0.07966889
33671,0.07758502
33672,0.06710972
33673,0.0368352
33674,0.041738182
33675,0.07065869
33676,0.2643726
33677,0.06552069
33678,0.07165358
33679,0.068682045
33680,0.086383864
33681,0.049338344
33682,0.03278257
33683,0.038446568
33684,0.03141646
33685,0.40664333
33686,0.08322167
33687,0.06960237
33688,0.12996249
33689,0.5825086
33690,0.112801336
33691,0.07762983
33692,0.24377161
33693,0.09588218
33694,0.07977397
33695,0.2896659
33696,0.068182714
33697,0.039610896
33698,0.07089633
33699,0.06928805
33700,0.07078198
33701,0.07652322
33702,0.27544132
33703,0.08359813
33704,0.03540645
33705,0.024218732
33706,0.050430387
33707,0.11865788
33708,0.08297499
33709,0.09636143
33710,0.103182465
33711,0.26445478
33712,0.09269832
33713,0.08465674
33714,0.12606844
33715,0.16809112
33716,0.25178528
33717,0.11033126
33718,0.05984937
33719,0.072284885
33720,0.09526174
33721,0.8023159
33722,0.08454566
33723,0.08118773
33724,0.46341002
33725,0.2696522
33726,0.035519928
33727,0.028247029
33728,0.029737651
33729,0.051909816
33730,0.059598666
33731,0.5125461
33732,0.5760421
33733,0.10187736
33734,0.09612623
33735,0.2725939
33736,0.2464104
33737,0.12663192
33738,0.16608782
33739,0.26630104
33740,0.09501315
33741,0.048460342
33742,0.05522118
33743,0.08302293
33744,0.28505638
33745,0.7369826
33746,0.07678656
33747,0.5408779
33748,0.031331215
33749,0.031272337
33750,0.062461868
33751,0.022927694
33752,0.028408166
33753,0.04677709
33754,0.04844795
33755,0.05093565
33756,0.049357153
33757,0.49605602
33758,0.08351947
33759,0.08913511
33760,0.5565781
33761,0.10907643
33762,0.14320686
33763,0.42496887
33764,0.5173551
33765,0.03826132
33766,0.12950204
33767,0.1338259
33768,0.09569172
33769,0.91645557
33770,0.8181045
33771,0.3048543
33772,0.07122743
33773,0.23317637
33774,0.0688447
33775,0.08092076
33776,0.032671172
33777,0.03922442
33778,0.07469339
33779,0.04497737
33780,0.102710165
33781,0.11669492
33782,0.098510265
33783,0.100687444
33784,0.11748977
33785,0.11606964
33786,0.13695264
33787,0.11059187
33788,0.10045495
33789,0.06205337
33790,0.28369927
33791,0.06762118
33792,0.077665985
33793,0.7498067
33794,0.8187549
33795,0.5935467
33796,0.07341648
33797,0.06779204
33798,0.42206293
33799,0.038766418
33800,0.03008406
33801,0.028794458
33802,0.07267109
33803,0.0726065
33804,0.06445967
33805,0.0558224
33806,0.5018849
33807,0.08639103
33808,0.10484782
33809,0.10819876
33810,0.084349394
33811,0.079283655
33812,0.08049642
33813,0.5467143
33814,0.08027873
33815,0.08993002
33816,0.11421216
33817,0.084081285
33818,0.087947994
33819,0.9736845
33820,0.84529823
33821,0.76996267
33822,0.07996271
33823,0.07784021
33824,0.45696256
33825,0.09572507
33826,0.2852861
33827,0.065880716
33828,0.050837293
33829,0.02295887
33830,0.070484795
33831,0.05032666
33832,0.05894329
33833,0.055441685
33834,0.59034353
33835,0.6002062
33836,0.10995265
33837,0.109115735
33838,0.08837686
33839,0.0825717
33840,0.090119734
33841,0.08304097
33842,0.07378168
33843,0.07378168
33844,0.11432005
33845,0.13170135
33846,0.090582475
33847,0.09994725
33848,0.04889873
33849,0.8420039
33850,0.8729419
33851,0.8217355
33852,0.063340634
33853,0.05922528
33854,0.272464
33855,0.38725567
33856,0.103195645
33857,0.021674667
33858,0.066881925
33859,0.05777905
33860,0.058241785
33861,0.8881616
33862,0.8096807
33863,0.10828171
33864,0.12127976
33865,0.097527914
33866,0.14924364
33867,0.10398966
33868,0.2529767
33869,0.2513716
33870,0.05785919
33871,0.07559311
33872,0.07528745
33873,0.10244496
33874,0.093308784
33875,0.099896476
33876,0.84282506
33877,0.5346145
33878,0.2621727
33879,0.058776498
33880,0.08177451
33881,0.07595736
33882,0.06297251
33883,0.10904464
33884,0.057025027
33885,0.046763312
33886,0.02295887
33887,0.044178847
33888,0.058134016
33889,0.06350148
33890,0.8742864
33891,0.7048085
33892,0.12501024
33893,0.26650298
33894,0.075178124
33895,0.14248928
33896,0.10924474
33897,0.55238694
33898,0.065850236
33899,0.058978405
33900,0.076498725
33901,0.07195117
33902,0.09393196
33903,0.10649721
33904,0.079345755
33905,0.86513865
33906,0.2599217
33907,0.15334174
33908,1.0219978
33909,0.081288666
33910,0.07064694
33911,0.2728573
33912,0.26365826
33913,0.050862275
33914,0.06136185
33915,0.26740572
33916,0.024375629
33917,0.015639575
33918,0.054928664
33919,0.07385528
33920,0.10105756
33921,0.5817238
33922,0.65587926
33923,0.26320478
33924,0.572262
33925,0.15095225
33926,0.16289987
33927,0.4938222
33928,0.08426934
33929,0.101854034
33930,0.09396615
33931,0.06967498
33932,0.068451546
33933,0.51335585
33934,0.25242656
33935,0.039308626
33936,0.49926433
33937,0.2644292
33938,0.05165747
33939,0.09574017
33940,0.081470735
33941,0.06669621
33942,0.04562937
33943,0.028533408
33944,0.055375837
33945,0.07776933
33946,0.1147668
33947,0.10799256
33948,0.658688
33949,0.7058228
33950,0.529668
33951,0.26862013
33952,0.5962613
33953,0.11723698
33954,0.0535567
33955,0.06718393
33956,0.06121004
33957,0.2766608
33958,0.09013924
33959,0.035133462
33960,0.07019488
33961,0.06259589
33962,0.049726356
33963,0.09350783
33964,0.04749329
33965,0.045770388
33966,0.059176333
33967,0.02509545
33968,0.009628773
33969,0.07039565
33970,0.09142985
33971,0.10802583
33972,0.5655436
33973,0.26185983
33974,0.492952
33975,0.73742
33976,0.7660279
33977,0.27992523
33978,0.08939054
33979,0.05515271
33980,0.06749182
33981,0.06851137
33982,0.09402776
33983,0.06577826
33984,0.90403163
33985,0.05262618
33986,0.06180329
33987,0.091360256
33988,0.07354786
33989,0.25395626
33990,0.10563418
33991,0.08588934
33992,0.08187385
33993,0.058825932
33994,0.012558129
33995,0.07658178
33996,0.09161606
33997,0.10788404
33998,0.5525757
33999,0.53036714
34000,0.5555962
34001,0.73121715
34002,0.5264267
34003,0.54070705
34004,0.08617681
34005,0.051533416
34006,0.06849017
34007,0.06990166
34008,0.090273865
34009,0.041822735
34010,0.06429675
34011,0.050610412
34012,0.52018046
34013,0.05879789
34014,0.46202767
34015,0.084069006
34016,0.09926699
34017,0.09921023
34018,0.08212638
34019,0.25491285
34020,0.057724506
34021,0.05725623
34022,0.040082604
34023,0.06768167
34024,0.86635005
34025,0.67765784
34026,0.65348595
34027,0.43887085
34028,0.26934427
34029,0.10742792
34030,0.28748795
34031,0.043000925
34032,0.028349284
34033,0.059580564
34034,0.06475792
34035,0.06163007
34036,0.09502063
34037,0.09532214
34038,0.09829339
34039,0.042684816
34040,0.26726088
34041,0.04798563
34042,0.046441723
34043,0.2768384
34044,0.025159601
34045,0.015713733
34046,0.022654729
34047,0.11133925
34048,0.2866754
34049,0.07342507
34050,0.4969238
34051,0.27165776
34052,0.105771475
34053,0.111342035
34054,0.03306342
34055,0.068086475
34056,0.05493297
34057,0.05820657
34058,0.06110724
34059,0.09567899
34060,0.08971352
34061,0.03689077
34062,0.26142392
34063,0.04895802
34064,0.117833786
34065,0.072022386
34066,0.114390366
34067,0.03729579
34068,0.0759749
34069,0.08050439
34070,0.080385976
34071,0.31458294
34072,0.57988816
34073,0.11328473
34074,0.07806721
34075,0.07340106
34076,0.05844553
34077,0.05046605
34078,0.06611853
34079,0.09405409
34080,0.096530385
34081,0.04172837
34082,0.0493687
34083,0.044980563
34084,0.040431634
34085,0.049037497
34086,0.025316214
34087,0.02794564
34088,0.064347595
34089,0.10426442
34090,0.41755882
34091,0.057322256
34092,0.06686237
34093,0.07823971
34094,0.049622532
34095,0.1113554
34096,0.5714957
34097,0.119809516
34098,0.25090742
34099,0.051880427
34100,0.06545705
34101,0.054844413
34102,0.05394346
34103,0.09333737
34104,0.096140146
34105,0.06653416
34106,0.06705015
34107,0.045482796
34108,0.05620356
34109,0.26891133
34110,0.04994722
34111,0.026141208
34112,0.03526305
34113,0.08169711
34114,0.045872115
34115,0.03333552
34116,0.03441217
34117,0.04857143
34118,0.045560133
34119,0.512033
34120,0.053737223
34121,0.048444178
34122,0.05406184
34123,0.0787339
34124,0.08231306
34125,0.25495824
34126,0.04094359
34127,0.27896875
34128,0.061708968
34129,0.06345645
34130,0.052018587
34131,0.051304046
34132,0.067698404
34133,0.07660013
34134,0.5128849
34135,0.0631384
34136,0.03445623
34137,0.07458041
34138,0.061598554
34139,0.018694885
34140,0.5038222
34141,0.59803313
34142,0.28716028
34143,0.054172583
34144,0.03389407
34145,0.052603383
34146,0.046633266
34147,0.04497229
34148,0.04846504
34149,0.07901549
34150,0.07682114
34151,0.9100457
34152,0.06412186
34153,0.0917239
34154,0.07660341
34155,0.07137626
34156,0.062849164
34157,0.04530451
34158,0.06718518
34159,0.79353064
34160,0.08179332
34161,0.27861828
34162,0.05831033
34163,0.06228289
34164,0.043433912
34165,0.048772536
34166,0.015090875
34167,0.048955362
34168,0.0530877
34169,0.032328565
34170,0.036131263
34171,0.047805388
34172,0.05077739
34173,0.048102695
34174,0.087037735
34175,0.07119313
34176,0.072679535
34177,0.080800585
34178,0.0585675
34179,0.057655346
34180,0.0743552
34181,0.052868925
34182,0.70603836
34183,0.08179332
34184,0.05948238
34185,0.053785596
34186,0.067076944
34187,0.06553712
34188,0.04917068
34189,0.022129793
34190,0.5728148
34191,0.0363211
34192,0.051302318
34193,0.074774124
34194,0.27199998
34195,0.062940516
34196,0.07018989
34197,0.069483854
34198,0.03049632
34199,0.06069472
34200,0.267336
34201,0.057969656
34202,0.05627352
34203,0.06340509
34204,0.058914315
34205,0.019425293
34206,0.013512804
34207,0.022513403
34208,0.2679883
34209,0.032975286
34210,0.03107792
34211,0.04416372
34212,0.0951251
34213,0.08070013
34214,0.08241045
34215,0.05147889
34216,0.0536721
34217,0.032706324
34218,0.032444555
34219,0.059016094
34220,0.101498835
34221,0.12593019
34222,0.023089036
34223,0.032411728
34224,0.03594197
34225,0.04105226
34226,0.021685105
34227,0.023284268
34228,0.010433532
34229,0.044955984
34230,0.09014524
34231,0.081019215
34232,0.079574496
34233,0.036904976
34234,0.054076448
34235,0.36898226
34236,0.020713167
34237,0.03649865
34238,0.035309657
34239,0.025059024
34240,0.036054306
34241,0.03522515
34242,0.038074333
34243,0.022500968
34244,0.0706627
34245,0.07960782
34246,0.051386792
34247,0.03703789
34248,0.06571726
34249,0.06438743
34250,0.033478834
34251,0.04454103
34252,0.012461475
34253,0.015088683
34254,0.04093594
34255,0.043261837
34256,0.038147666
34257,0.02121868
34258,0.09641455
34259,0.03182579
34260,0.062335514
34261,0.065251894
34262,0.39321068
34263,0.04208081
34264,0.047867693
34265,0.054911602
34266,0.052291784
34267,0.025590831
34268,0.011945711
34269,0.01628123
34270,0.0425317
34271,0.02553096
34272,0.06667832
34273,0.28308126
34274,0.039142583
34275,0.04272899
34276,0.04152786
34277,0.03251454
34278,0.019936139
34279,0.019149505
34280,0.023928037
34281,0.020302078
34282,0.06531548
34283,0.09133121
34284,0.02531994
34285,0.29567108
34286,0.021940693
34287,0.014009404
34288,0.020903746
34289,0.0155447135
34290,0.018281747
34291,0.023673724
34292,0.01950056
34293,0.025534185
34294,0.039986692
34295,0.042532537
34296,0.046383735
34297,0.09605738
34298,0.300352
34299,0.0720039
34300,0.033651866
34301,0.12516475
34302,0.018120514
34303,0.02130037
34304,0.01950874
34305,0.03565309
34306,0.03481563
34307,0.03445744
34308,0.061077684
34309,0.055169906
34310,0.08784466
34311,0.084620215
34312,0.3652456
34313,0.071467586
34314,0.08997932
34315,0.099174984
34316,0.061226673
34317,0.47028813
34318,0.056389075
34319,0.28806588
34320,0.080774024
34321,0.693018
34322,0.11058324
34323,0.05948559
34324,0.060091402
34325,0.061964545
34326,0.0586255
34327,0.36756235
34328,0.70857763
34329,0.29076964
34330,0.05800065
34331,0.056452997
34332,0.26210162
34333,0.061240625
34334,0.05050067
34335,0.03591951
34336,0.035485163
34337,0.03792307
34338,0.0629359
34339,0.07938897
34340,0.2722513
34341,0.48445934
34342,0.5090178
34343,0.05931573
34344,0.057997577
34345,0.061218575
34346,0.25942248
34347,0.03202413
34348,0.039046552
34349,0.06482691
34350,0.060024135
34351,0.11645422
34352,0.46033123
34353,0.26263556
34354,0.25856707
34355,0.7056871
34356,0.07648903
34357,0.08446738
34358,0.5521466
34359,0.051024508
34360,0.057154655
34361,0.060776588
34362,0.039025113
34363,0.035706826
34364,0.07206358
34365,0.07531328
34366,0.11391308
34367,0.112783775
34368,0.07306099
34369,0.07838417
34370,0.07294224
34371,0.29040033
34372,0.05297
34373,0.044953506
34374,0.05831871
34375,0.059394803
34376,0.02944417
34377,0.05359191
34378,0.071027815
34379,0.07441187
34380,0.087206535
34381,0.06629967
34382,0.08858657
34383,0.07294224
34384,0.109269075
34385,0.058066245
34386,0.043508597
34387,0.07081837
34388,0.4984605
34389,0.062436357
34390,0.31139523
34391,0.47946307
34392,0.49887788
34393,0.052838966
34394,0.05342433
34395,0.039564583
34396,0.035953633
34397,0.06290228
34398,0.050684705
34399,0.06413297
34400,0.09487493
34401,0.09881834
34402,0.087072045
34403,0.44697618
34404,0.045572184
34405,0.5491853
34406,0.040042818
34407,0.029800488
34408,0.058003373
34409,0.28515366
34410,0.113316424
34411,0.030622479
34412,0.06558779
34413,0.09020496
34414,0.42595446
34415,0.47255912
34416,0.04873348
34417,0.04976538
34418,0.04344213
34419,0.072188415
34420,0.07505092
34421,0.056639157
34422,0.07191914
34423,0.07410508
34424,0.046282984
34425,0.04958945
34426,0.06399873
34427,0.05010406
34428,0.028413888
34429,0.01864288
34430,0.016526282
34431,0.017104324
34432,0.07413697
34433,0.07705985
34434,0.30189067
34435,0.06935965
34436,0.10162697
34437,0.051332887
34438,0.03691974
34439,0.029367736
34440,0.033367705
34441,0.07478217
34442,0.04623388
34443,0.04791668
34444,0.5291768
34445,0.5176238
34446,0.066789806
34447,0.06491413
34448,0.07358886
34449,0.07152091
34450,0.052001256
34451,0.07664443
34452,0.028044257
34453,0.05488379
34454,0.048321288
34455,0.053649776
34456,0.025116319
34457,0.005472343
34458,0.054815143
34459,0.0736165
34460,0.0736165
34461,0.28927848
34462,0.2618934
34463,0.61667395
34464,0.052512288
34465,0.041002434
34466,0.032534387
34467,0.03669961
34468,0.04801854
34469,0.26884046
34470,0.07527779
34471,0.6512504
34472,0.06775424
34473,0.063034825
34474,0.06650583
34475,0.053095113
34476,0.052188993
34477,0.032514565
34478,0.051411238
34479,0.05521514
34480,0.04785548
34481,0.051284548
34482,0.038128935
34483,0.023061162
34484,0.04795245
34485,0.034586363
34486,0.07990344
34487,0.09944635
34488,0.10160785
34489,0.29411864
34490,0.5371189
34491,0.0752404
34492,0.0707477
34493,0.077674136
34494,0.07657883
34495,0.07654899
34496,0.09820148
34497,0.038373284
34498,0.045348022
34499,0.07581808
34500,0.07108707
34501,0.06332278
34502,0.06871546
34503,0.079851545
34504,0.05907293
34505,0.0698382
34506,0.054894824
34507,0.046907127
34508,0.0425959
34509,0.045822687
34510,0.050234996
34511,0.020532697
34512,0.032714687
34513,0.040654156
34514,0.08229549
34515,0.08026867
34516,0.10418609
34517,0.11869731
34518,0.5370107
34519,0.2835785
34520,0.22700623
34521,0.075726785
34522,0.084281325
34523,0.08119131
34524,0.0685662
34525,0.03957838
34526,0.07252963
34527,0.06991651
34528,0.05837803
34529,0.052518167
34530,0.05727359
34531,0.047843456
34532,0.04543238
34533,0.03433444
34534,0.03602946
34535,0.03531797
34536,0.03229371
34537,0.065382525
34538,0.07133129
34539,0.12346922
34540,0.6718097
34541,0.111692704
34542,0.10890108
34543,0.08007899
34544,0.1012195
34545,0.08560412
34546,0.075734235
34547,0.06721921
34548,0.037280347
34549,0.26885343
34550,0.062124483
34551,0.06899054
34552,0.05425802
34553,0.08152541
34554,0.049226467
34555,0.032956097
34556,0.050741572
34557,0.037613682
34558,0.46506572
34559,0.076680854
34560,0.069439
34561,0.12001623
34562,0.69751716
34563,0.11536156
34564,0.07726788
34565,0.07974247
34566,0.11483016
34567,0.0796184
34568,0.45369717
34569,0.061309442
34570,0.03904591
34571,0.04501646
34572,0.065181114
34573,0.071831614
34574,0.061164297
34575,0.07099559
34576,0.08357046
34577,0.083921805
34578,0.034677733
34579,0.04047846
34580,0.100257345
34581,0.12549378
34582,0.10702032
34583,0.09644882
34584,0.25592053
34585,0.09728444
34586,0.099327095
34587,0.11792116
34588,0.16879974
34589,0.2520593
34590,0.10960537
34591,0.065144196
34592,0.07818048
34593,0.08746719
34594,0.101991855
34595,0.78159285
34596,0.083414175
34597,0.08227032
34598,0.52757245
34599,0.26747316
34600,0.032176584
34601,0.023960933
34602,0.034863327
34603,0.044744402
34604,0.07310837
34605,0.583248
34606,0.53029215
34607,0.10331134
34608,0.096710026
34609,0.2769953
34610,0.0922321
34611,0.11795791
34612,0.16787866
34613,0.27808353
34614,0.100000754
34615,0.056500554
34616,0.077021144
34617,0.04791401
34618,0.29584214
34619,0.8260853
34620,0.081680715
34621,0.6230417
34622,0.03068686
34623,0.035689168
34624,0.2642486
34625,0.01593818
34626,0.021328708
34627,0.053689472
34628,0.060954265
34629,0.05466444
34630,0.027811283
34631,0.54567456
34632,0.08841617
34633,0.09039435
34634,0.26935747
34635,0.11651619
34636,0.26553538
34637,0.5684484
34638,0.5503736
34639,0.2922956
34640,0.13002813
34641,0.08265383
34642,0.8991449
34643,0.9384837
34644,0.5803036
34645,0.06970294
34646,0.07279722
34647,0.07941346
34648,0.052007433
34649,0.032417923
34650,0.07259852
34651,0.03545875
34652,0.099829786
34653,0.13483682
34654,0.08415076
34655,0.088675156
34656,0.115904145
34657,0.10336574
34658,0.14125282
34659,0.108826935
34660,0.2789358
34661,0.04196422
34662,0.05395424
34663,0.51915044
34664,0.05955738
34665,0.09629615
34666,0.8312914
34667,0.9168607
34668,0.568387
34669,0.07109488
34670,0.47698975
34671,0.03890269
34672,0.023019189
34673,0.029707396
34674,0.014331158
34675,0.06906866
34676,0.074767604
34677,0.057357237
34678,0.057626784
34679,0.5006883
34680,0.061004397
34681,0.11149773
34682,0.11279943
34683,0.08848623
34684,0.07803725
34685,0.07231793
34686,0.24064513
34687,0.06687766
34688,0.08914049
34689,0.11884915
34690,0.08848526
34691,0.08767616
34692,0.9701551
34693,0.8914287
34694,0.88954765
34695,0.060081787
34696,0.061251167
34697,0.077982694
34698,0.07579361
34699,0.060808767
34700,0.5161086
34701,0.10248253
34702,0.29285708
34703,0.04638338
34704,0.054198697
34705,0.085104235
34706,0.03904689
34707,0.06842216
34708,0.05798279
34709,0.5586125
34710,0.5661959
34711,0.10525401
34712,0.109331295
34713,0.079279475
34714,0.07524096
34715,0.08326606
34716,0.08270815
34717,0.06838553
34718,0.06899077
34719,0.11572604
34720,0.1186642
34721,0.09659064
34722,0.097741224
34723,0.04323528
34724,0.9066295
34725,0.8923401
34726,0.7736898
34727,0.060839165
34728,0.07617612
34729,0.2686635
34730,0.059613626
34731,0.41328955
34732,0.10793189
34733,0.017209355
34734,0.05651165
34735,0.027466865
34736,0.057156313
34737,0.063559115
34738,0.9032521
34739,0.9075738
34740,0.11100515
34741,0.12143196
34742,0.07518661
34743,0.14942424
34744,0.10467519
34745,0.25114974
34746,0.0670352
34747,0.07678431
34748,0.073997654
34749,0.10080343
34750,0.103618264
34751,0.08543311
34752,0.81348395
34753,0.48755866
34754,0.2632821
34755,0.061096296
34756,0.08050865
34757,0.077803254
34758,0.06200532
34759,0.27348968
34760,0.049447976
34761,0.057958364
34762,0.019095922
34763,0.030648781
34764,0.05733391
34765,0.05803466
34766,0.83862215
34767,0.72370344
34768,0.25908408
34769,0.26334262
34770,0.09225649
34771,0.2588565
34772,0.104764275
34773,0.68342805
34774,0.062081665
34775,0.06393958
34776,0.07872219
34777,0.0708869
34778,0.09194826
34779,0.27904618
34780,0.26960987
34781,0.9196563
34782,0.27562398
34783,0.15475656
34784,1.0058553
34785,0.27229768
34786,0.08161416
34787,0.28596023
34788,0.10926845
34789,0.046220317
34790,0.055348866
34791,0.058194764
34792,0.026249377
34793,0.021874547
34794,0.066171825
34795,0.0765619
34796,0.096916705
34797,0.56056106
34798,0.6191998
34799,0.26531133
34800,0.26823434
34801,0.15859015
34802,0.15971658
34803,0.70469093
34804,0.09949026
34805,0.09607168
34806,0.06622015
34807,0.06297507
34808,0.5661481
34809,1.0155165
34810,0.04464139
34811,0.4881351
34812,0.5174665
34813,0.056789916
34814,0.052383784
34815,0.09307077
34816,0.082765564
34817,0.06268413
34818,0.041037213
34819,0.03693063
34820,0.021247966
34821,0.0130308485
34822,0.06400498
34823,0.084848665
34824,0.11312974
34825,0.25756767
34826,0.7246468
34827,0.71496344
34828,0.575871
34829,0.26883227
34830,0.15753369
34831,0.12551606
34832,0.09868669
34833,0.055849954
34834,0.070756376
34835,0.24682994
34836,0.15178151
34837,0.09202853
34838,0.041774053
34839,0.07167768
34840,0.064057305
34841,0.050710224
34842,0.092461504
34843,0.042778704
34844,0.011296227
34845,0.068937175
34846,0.09395083
34847,0.12172977
34848,0.56985366
34849,0.2720095
34850,0.5173471
34851,0.7434416
34852,0.79779047
34853,0.29152834
34854,0.09706356
34855,0.056241658
34856,0.06321558
34857,0.062118936
34858,0.093342446
34859,0.06700398
34860,0.86998725
34861,0.053719323
34862,0.06090796
34863,0.09488828
34864,0.076083794
34865,0.55045444
34866,0.111909255
34867,0.09484021
34868,0.08502527
34869,0.06406463
34870,0.084848665
34871,0.0920815
34872,0.10859582
34873,0.59095526
34874,0.5193007
34875,0.27289996
34876,0.6449869
34877,0.51871824
34878,0.5117005
34879,0.08884018
34880,0.061618473
34881,0.06661586
34882,0.06584617
34883,0.08935851
34884,0.038985603
34885,0.060986347
34886,0.046353843
34887,0.5734388
34888,0.060959794
34889,0.24928312
34890,0.077694036
34891,0.1032128
34892,0.29115444
34893,0.2702322
34894,0.25213966
34895,0.07207606
34896,0.07768722
34897,0.028740404
34898,0.06524472
34899,0.97719425
34900,0.6552597
34901,0.6754662
34902,0.47629103
34903,0.55591184
34904,0.10263194
34905,0.10710726
34906,0.035405617
34907,0.059015688
34908,0.06114786
34909,0.059407257
34910,0.094775125
34911,0.0986245
34912,0.10289134
34913,0.03918401
34914,0.2808157
34915,0.04913308
34916,0.046186943
34917,0.43349212
34918,0.026013076
34919,0.027778318
34920,0.120979235
34921,0.2943522
34922,0.0727722
34923,0.2574613
34924,0.12640488
34925,0.10538492
34926,0.11262452
34927,0.031193025
34928,0.072022445
34929,0.051980995
34930,0.051680434
34931,0.2567671
34932,0.09221492
34933,0.08977125
34934,0.089139
34935,0.28279784
34936,0.04521571
34937,0.11662174
34938,0.06405246
34939,0.06283606
34940,0.10732572
34941,0.032125816
34942,0.07710252
34943,0.07889296
34944,0.080198504
34945,0.28811467
34946,0.5835715
34947,0.11939385
34948,0.03525703
34949,0.081246376
34950,0.0531333
34951,0.054241516
34952,0.063570894
34953,0.09423603
34954,0.096817896
34955,0.09253567
34956,0.04916121
34957,0.04899164
34958,0.043982103
34959,0.03693454
34960,0.025998514
34961,0.022723876
34962,0.01713739
34963,0.06417266
34964,0.10518585
34965,0.42837924
34966,0.04473133
34967,0.04592648
34968,0.08323329
34969,0.031385142
34970,0.11108788
34971,0.6073446
34972,0.119981855
34973,0.2630193
34974,0.06153372
34975,0.052256417
34976,0.09724556
34977,0.096636035
34978,0.06782055
34979,0.044794198
34980,0.26389378
34981,0.049318526
34982,0.021628937
34983,0.062432595
34984,0.036540758
34985,0.08482659
34986,0.048972093
34987,0.035155438
34988,0.035183832
34989,0.05355841
34990,0.05162972
34991,0.5463363
34992,0.05382165
34993,0.07332283
34994,0.041509956
34995,0.05691737
34996,0.07582571
34997,0.07985668
34998,0.26924193
34999,0.04431538
35000,0.25977418
35001,0.06359559
35002,0.065136425
35003,0.042024806
35004,0.048919935
35005,0.0687123
35006,0.066284165
35007,0.57495624
35008,0.056058973
35009,0.29030168
35010,0.046507392
35011,0.1012176
35012,0.043266486
35013,0.26983798
35014,0.57353234
35015,0.28493845
35016,0.14327452
35017,0.032887872
35018,0.053056028
35019,0.05141244
35020,0.05115057
35021,0.046736527
35022,0.07709084
35023,0.07916957
35024,0.92105263
35025,0.072755195
35026,0.07904095
35027,0.061998207
35028,0.06262814
35029,0.047667652
35030,0.07218693
35031,0.8533612
35032,0.08802115
35033,0.2757868
35034,0.059035216
35035,0.06304182
35036,0.042943563
35037,0.06503931
35038,0.02341548
35039,0.05519634
35040,0.05585119
35041,0.031076215
35042,0.031574808
35043,0.051702585
35044,0.052536324
35045,0.044706084
35046,0.083955236
35047,0.070925474
35048,0.074007235
35049,0.063642636
35050,0.070289604
35051,0.06755153
35052,0.06149145
35053,0.8300701
35054,0.07916063
35055,0.29234543
35056,0.06463485
35057,0.06321615
35058,0.045441747
35059,0.048712287
35060,0.032423988
35061,0.020687392
35062,0.53933084
35063,0.030398296
35064,0.051780466
35065,0.049317755
35066,0.051760785
35067,0.07093457
35068,0.09636854
35069,0.06900848
35070,0.07060797
35071,0.071538694
35072,0.04049903
35073,0.060925316
35074,0.46056902
35075,0.055387903
35076,0.05836088
35077,0.056822598
35078,0.051684372
35079,0.033412512
35080,0.010809087
35081,0.02224789
35082,0.05302348
35083,0.03838234
35084,0.018951146
35085,0.042328075
35086,0.09057169
35087,0.08563964
35088,0.08262232
35089,0.053064603
35090,0.051485542
35091,0.029651597
35092,0.036501866
35093,0.06366992
35094,0.12916754
35095,0.11968499
35096,0.019315518
35097,0.02246631
35098,0.034883115
35099,0.035792615
35100,0.031814083
35101,0.038502727
35102,0.022064274
35103,0.021323064
35104,0.026893444
35105,0.041006073
35106,0.09508859
35107,0.08086848
35108,0.081564635
35109,0.037028003
35110,0.27341202
35111,0.13275614
35112,0.5348582
35113,0.05460006
35114,0.066259705
35115,0.015422479
35116,0.019851826
35117,0.045162633
35118,0.036659475
35119,0.03436195
35120,0.04040968
35121,0.025891298
35122,0.023120359
35123,0.05667605
35124,0.030682113
35125,0.04958938
35126,0.06315909
35127,0.107549
35128,0.051385507
35129,0.047727466
35130,0.0060019805
35131,0.037661694
35132,0.034150988
35133,0.03563389
35134,0.038820304
35135,0.021370972
35136,0.09482588
35137,0.047611684
35138,0.03136129
35139,0.06304693
35140,0.057914972
35141,0.30459806
35142,0.037979327
35143,0.047881078
35144,0.052911017
35145,0.022577593
35146,0.014738163
35147,0.041556235
35148,0.025686864
35149,0.07815651
35150,0.09644833
35151,0.07008992
35152,0.04046994
35153,0.038218856
35154,0.057244644
35155,0.022889676
35156,0.026039371
35157,0.08766795
35158,0.090834916
35159,0.104318835
35160,0.01570741
35161,0.015376251
35162,0.017371215
35163,0.015531638
35164,0.022979597
35165,0.02116201
35166,0.024087038
35167,0.064022884
35168,0.04414322
35169,0.09026539
35170,0.31142902
35171,0.27785796
35172,0.04176743
35173,0.12860335
35174,0.017366335
35175,0.0256464
35176,0.020211684
35177,0.039503157
35178,0.046824265
35179,0.083117224
35180,0.06616943
35181,0.06281884
35182,0.033181015
35183,0.043580357
35184,0.06357869
35185,0.06552742
35186,0.0670164
35187,0.34439385
35188,0.042341374
35189,0.08792481
35190,0.081307426
35191,0.48218915
35192,0.25945258
35193,0.0632803
35194,0.06693046
35195,0.029280566
35196,0.53009564
35197,0.03973373
35198,0.5755688
35199,0.08764055
35200,0.4607985
35201,0.06938075
35202,0.06008804
35203,0.030823564
35204,0.03744617
35205,0.24561179
35206,0.06272724
35207,0.6691293
35208,0.3056546
35209,0.061115365
35210,0.2675033
35211,0.06070186
35212,0.06707451
35213,0.03341112
35214,0.04243574
35215,0.030828115
35216,0.06674801
35217,0.047388326
35218,0.36415878
35219,0.4424917
35220,0.4430075
35221,0.06310925
35222,0.06275222
35223,0.06890013
35224,0.2628287
35225,0.063120574
35226,0.031262465
35227,0.029517652
35228,0.03250597
35229,0.03732366
35230,0.063651405
35231,0.27728325
35232,0.112229005
35233,0.49970788
35234,0.25172955
35235,0.2677644
35236,0.54734963
35237,0.06464783
35238,0.43142092
35239,0.060982436
35240,0.056860216
35241,0.060500152
35242,0.06227117
35243,0.03922853
35244,0.038029596
35245,0.07070191
35246,0.07650747
35247,0.09399162
35248,0.102871776
35249,0.067962125
35250,0.07393202
35251,0.073679484
35252,0.2894891
35253,0.05672034
35254,0.046354584
35255,0.061310202
35256,0.064121634
35257,0.04195811
35258,0.057609383
35259,0.07017217
35260,0.09910767
35261,0.0571727
35262,0.07393202
35263,0.07128567
35264,0.10020955
35265,0.056957833
35266,0.057985622
35267,0.041294962
35268,0.07155355
35269,0.5351636
35270,0.06821917
35271,0.27070755
35272,0.4269
35273,0.40213147
35274,0.05725602
35275,0.056653768
35276,0.03795885
35277,0.031711634
35278,0.069581196
35279,0.27109075
35280,0.08952269
35281,0.087909274
35282,0.44198045
35283,0.4580728
35284,0.048083372
35285,0.0455098
35286,0.05960813
35287,0.28707793
35288,0.0911959
35289,0.028965276
35290,0.046261583
35291,0.4250372
35292,0.46770695
35293,0.057629015
35294,0.054614913
35295,0.04443812
35296,0.07647652
35297,0.0784334
35298,0.06537768
35299,0.038883034
35300,0.05944233
35301,0.063624516
35302,0.11593179
35303,0.103763625
35304,0.063765645
35305,0.04942954
35306,0.035470992
35307,0.028147588
35308,0.013652104
35309,0.021209966
35310,0.06715729
35311,0.07833607
35312,0.12201697
35313,0.06653324
35314,0.097884335
35315,0.060965665
35316,0.050311327
35317,0.031479686
35318,0.047214203
35319,0.07052713
35320,0.04466127
35321,0.046595156
35322,0.57126325
35323,0.45512867
35324,0.06194645
35325,0.06219125
35326,0.077779144
35327,0.07110715
35328,0.0573394
35329,0.055649012
35330,0.11704729
35331,0.032116733
35332,0.045802865
35333,0.2504553
35334,0.023927925
35335,0.026272474
35336,0.011960973
35337,0.08061497
35338,0.06949982
35339,0.28644797
35340,0.27325344
35341,0.6540304
35342,0.051201988
35343,0.052611556
35344,0.03514187
35345,0.04028353
35346,0.04982572
35347,0.04831942
35348,0.26409024
35349,0.082540706
35350,0.5702352
35351,0.06269867
35352,0.06398517
35353,0.07820834
35354,0.051277988
35355,0.047018863
35356,0.034685336
35357,0.05139742
35358,0.052670382
35359,0.019935753
35360,0.036880124
35361,0.029459972
35362,0.031045869
35363,0.068116754
35364,0.096233785
35365,0.10281012
35366,0.28112203
35367,0.68677497
35368,0.06861912
35369,0.06944741
35370,0.07975502
35371,0.0795966
35372,0.08423022
35373,0.04914463
35374,0.07221836
35375,0.07037247
35376,0.06515536
35377,0.05274991
35378,0.07189062
35379,0.061962157
35380,0.047995523
35381,0.03256781
35382,0.06949602
35383,0.05035525
35384,0.033352014
35385,0.052715223
35386,0.05080018
35387,0.034579244
35388,0.037708424
35389,0.07028478
35390,0.07549548
35391,0.10457427
35392,0.12553956
35393,0.60334826
35394,0.27900374
35395,0.24613164
35396,0.0882282
35397,0.078532435
35398,0.06479198
35399,0.046302147
35400,0.07469133
35401,0.06510112
35402,0.06585226
35403,0.06198452
35404,0.05097045
35405,0.056318752
35406,0.03337222
35407,0.06150563
35408,0.05095939
35409,0.034810912
35410,0.051967967
35411,0.03986604
35412,0.030551039
35413,0.039489135
35414,0.066022694
35415,0.07500075
35416,0.105346136
35417,0.6410463
35418,0.09205581
35419,0.107445106
35420,0.063566506
35421,0.093639
35422,0.0799735
35423,0.07374444
35424,0.068627134
35425,0.27086613
35426,0.05889038
35427,0.07383412
35428,0.05512357
35429,0.076458484
35430,0.0464827
35431,0.04836776
35432,0.028693954
35433,0.03500564
35434,0.03164843
35435,0.25167686
35436,0.06945733
35437,0.07173235
35438,0.1250802
35439,0.6515157
35440,0.112343
35441,0.075716615
35442,0.2551042
35443,0.093639
35444,0.27159408
35445,0.30479532
35446,0.068196654
35447,0.046618886
35448,0.08923782
35449,0.096546955
35450,0.073120095
35451,0.07157725
35452,0.2727276
35453,0.07966654
35454,0.032376256
35455,0.030851306
35456,0.045017026
35457,0.03828073
35458,0.11243648
35459,0.12396325
35460,0.114084184
35461,0.118154444
35462,0.25726396
35463,0.094573006
35464,0.090346776
35465,0.12491128
35466,0.16699296
35467,0.27522713
35468,0.112093955
35469,0.05481232
35470,0.09484871
35471,0.10662226
35472,0.75622994
35473,0.08177347
35474,0.079959534
35475,0.12545404
35476,0.08628996
35477,0.03815163
35478,0.034669846
35479,0.025417326
35480,0.0403223
35481,0.05723816
35482,0.27880657
35483,0.63165474
35484,0.08933126
35485,0.10512746
35486,0.093987174
35487,0.24232124
35488,0.1289359
35489,0.17541368
35490,0.5251076
35491,0.11953128
35492,0.047716916
35493,0.06484076
35494,0.04911666
35495,0.103204146
35496,0.08449362
35497,0.09692314
35498,0.8270143
35499,0.08243136
35500,0.5471723
35501,0.035198186
35502,0.02663894
35503,0.27043402
35504,0.05525271
35505,0.054705705
35506,0.03887651
35507,0.045122154
35508,0.08204374
35509,0.5098854
35510,0.085023984
35511,0.08808224
35512,0.26583946
35513,0.11353193
35514,0.25689083
35515,0.27260783
35516,0.49541557
35517,0.042861786
35518,0.13037768
35519,0.13130766
35520,0.11110477
35521,0.84389424
35522,0.84036547
35523,0.5471393
35524,0.08574312
35525,0.07526066
35526,0.068857
35527,0.067759424
35528,0.033532478
35529,0.026030008
35530,0.029307753
35531,0.05999643
35532,0.04514151
35533,0.1055539
35534,0.1305165
35535,0.08416009
35536,0.106429994
35537,0.11092667
35538,0.110484354
35539,0.12302164
35540,0.2813295
35541,0.10083976
35542,0.042963646
35543,0.057725668
35544,0.26390716
35545,0.06011897
35546,0.10241922
35547,0.7931622
35548,0.7364944
35549,0.5470777
35550,0.08163318
35551,0.08532576
35552,0.033715904
35553,0.08283953
35554,0.41841117
35555,0.040143866
35556,0.02764997
35557,0.029545367
35558,0.05856291
35559,0.063869186
35560,0.056429755
35561,0.05998441
35562,0.520023
35563,0.07352484
35564,0.104727745
35565,0.110581465
35566,0.080637656
35567,0.07678617
35568,0.08757162
35569,0.23791647
35570,0.06642629
35571,0.075034626
35572,0.11762088
35573,0.08918723
35574,0.08629136
35575,0.95513004
35576,0.870439
35577,0.75195724
35578,0.0630905
35579,0.08270282
35580,0.0758122
35581,0.061134387
35582,0.4973344
35583,0.09333738
35584,0.28545707
35585,0.051457766
35586,0.057832696
35587,0.015372527
35588,0.05821521
35589,0.047526054
35590,0.05686409
35591,0.05950013
35592,0.5634872
35593,0.55592513
35594,0.10652792
35595,0.113603644
35596,0.083491296
35597,0.081214815
35598,0.0884038
35599,0.07978817
35600,0.061416227
35601,0.0676858
35602,0.12821342
35603,0.114291854
35604,0.08753396
35605,0.10124365
35606,0.049488068
35607,0.9023759
35608,0.86846757
35609,0.7274065
35610,0.06326446
35611,0.06576036
35612,0.2654868
35613,0.44237217
35614,0.10575081
35615,0.048204776
35616,0.015531854
35617,0.049637098
35618,0.029210545
35619,0.061749153
35620,0.061160866
35621,0.84224
35622,0.8405122
35623,0.11221638
35624,0.11769755
35625,0.08889448
35626,0.15112707
35627,0.116077915
35628,0.26434192
35629,0.06230599
35630,0.06025031
35631,0.07455582
35632,0.07737135
35633,0.11235253
35634,0.09876251
35635,0.08353506
35636,0.25685495
35637,0.56769407
35638,0.14556226
35639,0.07579361
35640,0.056444425
35641,0.10752509
35642,0.04805459
35643,0.044949763
35644,0.018223079
35645,0.044026587
35646,0.059910182
35647,0.060420603
35648,0.2736191
35649,0.71275306
35650,0.2738041
35651,0.101173066
35652,0.08404983
35653,0.14851904
35654,0.10792071
35655,0.5476888
35656,0.06414753
35657,0.06453125
35658,0.07687375
35659,0.07727399
35660,0.100155935
35661,0.100708336
35662,0.2633896
35663,0.9339336
35664,0.5870324
35665,0.13749625
35666,1.0300604
35667,0.2545618
35668,0.07256249
35669,0.060030207
35670,0.10208011
35671,0.04738929
35672,0.053775895
35673,0.5298322
35674,0.038409352
35675,0.010943443
35676,0.06440163
35677,0.06751011
35678,0.10240763
35679,0.55318815
35680,0.5981339
35681,0.6859747
35682,0.55511683
35683,0.1416382
35684,0.16004513
35685,0.61971277
35686,0.100206375
35687,0.107883565
35688,0.06270003
35689,0.06400412
35690,0.55191875
35691,0.25761053
35692,0.037404
35693,0.52544326
35694,0.51915514
35695,0.052421737
35696,0.046288807
35697,0.08880603
35698,0.070306994
35699,0.06725711
35700,0.05273898
35701,0.015321492
35702,0.060337536
35703,0.08131706
35704,0.11470726
35705,0.11553372
35706,0.6770249
35707,0.69675285
35708,0.4875475
35709,0.2716016
35710,0.6716419
35711,0.12756705
35712,0.05628221
35713,0.068616204
35714,0.23986205
35715,0.13410522
35716,0.08622388
35717,0.041143302
35718,0.0669625
35719,0.060275577
35720,0.05189231
35721,0.043730244
35722,0.08895113
35723,0.06663721
35724,0.06400013
35725,0.048583407
35726,0.013044691
35727,0.015262806
35728,0.077122204
35729,0.10314027
35730,0.10821341
35731,0.59202045
35732,0.27153173
35733,0.5401256
35734,0.74208325
35735,0.76988953
35736,0.333724
35737,0.10315654
35738,0.055813093
35739,0.07161449
35740,0.07012509
35741,0.089927234
35742,0.035758995
35743,0.06903238
35744,0.8792571
35745,0.049173456
35746,0.06296993
35747,0.07842181
35748,0.074507944
35749,0.25062686
35750,0.11641891
35751,0.08681385
35752,0.08760725
35753,0.070094496
35754,0.07412556
35755,0.09123287
35756,0.104784146
35757,0.5793205
35758,0.54674554
35759,0.27351916
35760,0.74976593
35761,0.5093226
35762,0.5264319
35763,0.08221274
35764,0.051011354
35765,0.06961044
35766,0.06628073
35767,0.09064116
35768,0.042690698
35769,0.0654011
35770,0.2576113
35771,0.45248887
35772,0.061160028
35773,0.26034814
35774,0.07402693
35775,0.10268451
35776,0.097138844
35777,0.08672926
35778,0.26971003
35779,0.061259896
35780,0.059663087
35781,0.07526755
35782,0.02474552
35783,0.025366515
35784,0.0733771
35785,0.8783106
35786,0.6667113
35787,0.64174366
35788,0.4932818
35789,0.51834375
35790,0.10021056
35791,0.10407876
35792,0.03362956
35793,0.059681576
35794,0.058844462
35795,0.06028179
35796,0.10347173
35797,0.09192023
35798,0.1009649
35799,0.04323185
35800,0.26733854
35801,0.046373375
35802,0.050628334
35803,0.4727281
35804,0.03699591
35805,0.02892819
35806,0.1098441
35807,0.32410687
35808,0.086295426
35809,0.26689896
35810,0.12746088
35811,0.105120584
35812,0.11180159
35813,0.031672545
35814,0.06415845
35815,0.0534725
35816,0.053446263
35817,0.064058505
35818,0.061746106
35819,0.09668611
35820,0.084442794
35821,0.038187183
35822,0.25255874
35823,0.050832275
35824,0.04773192
35825,0.11711279
35826,0.07628477
35827,0.103310876
35828,0.040794127
35829,0.07844968
35830,0.07872617
35831,0.09436085
35832,0.27804032
35833,0.6220486
35834,0.12024074
35835,0.034138452
35836,0.06985403
35837,0.06865292
35838,0.0515697
35839,0.050528914
35840,0.06013259
35841,0.0917638
35842,0.28126508
35843,0.036432967
35844,0.046082802
35845,0.04787602
35846,0.048516154
35847,0.03244689
35848,0.06413352
35849,0.103796944
35850,0.4374167
35851,0.0679378
35852,0.08608221
35853,0.0364114
35854,0.11101416
35855,0.6070074
35856,0.12487115
35857,0.032672253
35858,0.0672265
35859,0.0795458
35860,0.062462445
35861,0.052779865
35862,0.093387306
35863,0.09816506
35864,0.036642242
35865,0.041645758
35866,0.046774894
35867,0.43728247
35868,0.028701188
35869,0.057504594
35870,0.03269651
35871,0.07286506
35872,0.044404775
35873,0.03221691
35874,0.03997366
35875,0.042742167
35876,0.043757305
35877,0.28919366
35878,0.05313644
35879,0.049084444
35880,0.053759128
35881,0.0779088
35882,0.0789244
35883,0.25499868
35884,0.04139282
35885,0.24946825
35886,0.060902245
35887,0.067373574
35888,0.048251174
35889,0.05032635
35890,0.06315425
35891,0.063368976
35892,0.28842238
35893,0.2779702
35894,0.032696694
35895,0.094022654
35896,0.04682863
35897,0.018949226
35898,0.28377962
35899,0.5434392
35900,0.29003963
35901,0.054939505
35902,0.048258282
35903,0.049605567
35904,0.04756034
35905,0.04803825
35906,0.0783816
35907,0.07888924
35908,0.99856544
35909,0.08355531
35910,0.06303047
35911,0.067177385
35912,0.045328848
35913,0.07408463
35914,0.62653166
35915,0.08326555
35916,0.26676002
35917,0.059933867
35918,0.06797285
35919,0.0444107
35920,0.046024244
35921,0.026988678
35922,0.08562555
35923,0.049881417
35924,0.03214334
35925,0.04619139
35926,0.051160574
35927,0.045828205
35928,0.04736993
35929,0.27847043
35930,0.08127858
35931,0.07226613
35932,0.080824286
35933,0.06270707
35934,0.065112896
35935,0.06859863
35936,0.7073259
35937,0.10064693
35938,0.259987
35939,0.06093049
35940,0.08253459
35941,0.04607588
35942,0.050797094
35943,0.015035651
35944,0.5080767
35945,0.03469862
35946,0.032917853
35947,0.05095113
35948,0.047813892
35949,0.08242312
35950,0.07477219
35951,0.086015984
35952,0.06789908
35953,0.0720526
35954,0.06863198
35955,0.028773585
35956,0.028484315
35957,0.06260208
35958,0.38674286
35959,0.063645124
35960,0.06019141
35961,0.068089314
35962,0.04640654
35963,0.022830348
35964,0.018947838
35965,0.043940943
35966,0.030152896
35967,0.024287818
35968,0.027575409
35969,0.02869249
35970,0.09343976
35971,0.08329641
35972,0.08117661
35973,0.05420872
35974,0.05329069
35975,0.033290345
35976,0.037507594
35977,0.0663786
35978,0.12503606
35979,0.2936294
35980,0.060876396
35981,0.019113718
35982,0.039223015
35983,0.046218872
35984,0.034153383
35985,0.03926042
35986,0.046588063
35987,0.026243359
35988,0.030840207
35989,0.024969345
35990,0.04276869
35991,0.091634534
35992,0.07957577
35993,0.08754153
35994,0.25997132
35995,0.14518417
35996,0.28662536
35997,0.015691372
35998,0.016668895
35999,0.052455764
36000,0.030541308
36001,0.031054439
36002,0.04214619
36003,0.020705504
36004,0.08538618
36005,0.04526968
36006,0.036948714
36007,0.065933175
36008,0.06791466
36009,0.078147836
36010,0.033204768
36011,0.015736708
36012,0.036720272
36013,0.03262075
36014,0.044466786
36015,0.04303061
36016,0.025219591
36017,0.07523114
36018,0.09786738
36019,0.033823803
36020,0.3135228
36021,0.035411175
36022,0.05633442
36023,0.037072036
36024,0.031830166
36025,0.029200472
36026,0.014828369
36027,0.040311515
36028,0.023740698
36029,0.08021509
36030,0.08990337
36031,0.07020819
36032,0.034835905
36033,0.04358379
36034,0.040771436
36035,0.028346566
36036,0.021633854
36037,0.070945084
36038,0.08852393
36039,0.1325579
36040,0.015333418
36041,0.016242981
36042,0.013234616
36043,0.0136939455
36044,0.025978746
36045,0.031809583
36046,0.04975709
36047,0.04398873
36048,0.0892953
36049,0.29533216
36050,0.2419717
36051,0.03830188
36052,0.098492995
36053,0.018200941
36054,0.033164855
36055,0.053235225
36056,0.027679684
36057,0.03005355
36058,0.08285328
36059,0.0664776
36060,0.062016312
36061,0.04110764
36062,0.039105095
36063,0.07138742
36064,0.058691386
36065,0.36387578
36066,0.053554013
36067,0.08985618
36068,0.09512242
36069,0.27027735
36070,0.44506136
36071,0.05963761
36072,0.061672617
36073,0.0598119
36074,0.32001558
36075,0.043547105
36076,0.61675996
36077,0.08960149
36078,0.06230596
36079,0.06683494
36080,0.05937928
36081,0.032377347
36082,0.3645033
36083,0.5815229
36084,0.29236338
36085,0.064258456
36086,0.06906596
36087,0.26734433
36088,0.06583227
36089,0.06034211
36090,0.02971472
36091,0.030736854
36092,0.043675743
36093,0.07818175
36094,0.24418834
36095,0.50801146
36096,0.4909088
36097,0.067150384
36098,0.063450776
36099,0.26900175
36100,0.060182936
36101,0.030474858
36102,0.03829382
36103,0.031492032
36104,0.0688976
36105,0.061038163
36106,0.5156444
36107,0.25870043
36108,0.2752138
36109,0.5955566
36110,0.066549756
36111,0.06964193
36112,0.49064642
36113,0.05425936
36114,0.056712393
36115,0.06335666
36116,0.067598924
36117,0.040725246
36118,0.051672425
36119,0.07213635
36120,0.079052284
36121,0.09961734
36122,0.11158825
36123,0.0733701
36124,0.081421584
36125,0.071248874
36126,0.29458725
36127,0.054985095
36128,0.055209413
36129,0.04269113
36130,0.06145701
36131,0.0644443
36132,0.031982828
36133,0.072169945
36134,0.073554285
36135,0.117189884
36136,0.0667984
36137,0.0796296
36138,0.11013508
36139,0.05836554
36140,0.04638021
36141,0.4728384
36142,0.24541408
36143,0.06951825
36144,0.4428197
36145,0.44156727
36146,0.05823935
36147,0.056326732
36148,0.045445345
36149,0.042705752
36150,0.0709232
36151,0.05594193
36152,0.10235677
36153,0.08729774
36154,0.29952252
36155,0.46481538
36156,0.56363934
36157,0.043783236
36158,0.080084175
36159,0.059312657
36160,0.0631142
36161,0.28907898
36162,0.10058301
36163,0.033204857
36164,0.058724504
36165,0.053300858
36166,0.086082704
36167,0.42794254
36168,0.4803889
36169,0.048692822
36170,0.049255542
36171,0.044280976
36172,0.07610347
36173,0.07625223
36174,0.03128377
36175,0.044911724
36176,0.056804173
36177,0.060428265
36178,0.09193418
36179,0.08470958
36180,0.050279036
36181,0.062117755
36182,0.03210806
36183,0.014116018
36184,0.028229933
36185,0.009379809
36186,0.073118754
36187,0.0758229
36188,0.09676987
36189,0.0667808
36190,0.09364483
36191,0.05591872
36192,0.057039194
36193,0.03241668
36194,0.043065924
36195,0.07415541
36196,0.05272308
36197,0.048294757
36198,0.5706606
36199,0.57235813
36200,0.064147145
36201,0.069468185
36202,0.07231374
36203,0.071911424
36204,0.059017867
36205,0.05386213
36206,0.09838276
36207,0.049713157
36208,0.053581133
36209,0.25781715
36210,0.030260721
36211,0.02240114
36212,0.024475561
36213,0.076578766
36214,0.07590722
36215,0.28210554
36216,0.2856851
36217,0.27110487
36218,0.05964067
36219,0.053982753
36220,0.03750574
36221,0.033820234
36222,0.051835086
36223,0.26598805
36224,0.072415985
36225,0.5017068
36226,0.064147145
36227,0.082791515
36228,0.056142945
36229,0.036703438
36230,0.059823293
36231,0.039244004
36232,0.03185609
36233,0.033302464
36234,0.049186114
36235,0.07525005
36236,0.096906684
36237,0.104106374
36238,0.29130405
36239,0.5426925
36240,0.066497296
36241,0.07454127
36242,0.0787526
36243,0.0745996
36244,0.07655993
36245,0.045113713
36246,0.072859615
36247,0.06988098
36248,0.081998676
36249,0.059394028
36250,0.07635799
36251,0.05919603
36252,0.054841027
36253,0.055290632
36254,0.046583828
36255,0.034818314
36256,0.048304982
36257,0.04916385
36258,0.03644022
36259,0.038155757
36260,0.07408901
36261,0.07525005
36262,0.10423861
36263,0.12587664
36264,0.29419875
36265,0.29136187
36266,0.25003448
36267,0.086999595
36268,0.076392755
36269,0.060311005
36270,0.045291375
36271,0.072616145
36272,0.07017993
36273,0.059734162
36274,0.06224936
36275,0.05714844
36276,0.055914886
36277,0.05260253
36278,0.06080147
36279,0.037026633
36280,0.0347211
36281,0.035593588
36282,0.07349071
36283,0.06558317
36284,0.2851829
36285,0.72349244
36286,0.11437113
36287,0.11125757
36288,0.07787644
36289,0.10560268
36290,0.09260239
36291,0.07857857
36292,0.0672644
36293,0.042083148
36294,0.07032023
36295,0.2812894
36296,0.05763845
36297,0.07126199
36298,0.054341644
36299,0.08101173
36300,0.051536486
36301,0.057141118
36302,0.037853617
36303,0.04153879
36304,0.48954293
36305,0.06943148
36306,0.0666083
36307,0.11489901
36308,0.7070638
36309,0.11664274
36310,0.08514853
36311,0.0779072
36312,0.10215036
36313,0.2572501
36314,0.41162133
36315,0.06637509
36316,0.0380355
36317,0.05007388
36318,0.069803484
36319,0.07045458
36320,0.067052625
36321,0.08082408
36322,0.2834889
36323,0.08520638
36324,0.03928904
36325,0.039839443
36326,0.038551196
36327,0.040744543
36328,0.11763828
36329,0.1163177
36330,0.11544674
36331,0.0863056
36332,0.25989076
36333,0.09089195
36334,0.08909592
36335,0.12594256
36336,0.16653585
36337,0.17247206
36338,0.107183486
36339,0.059647065
36340,0.056558486
36341,0.09683853
36342,0.7944985
36343,0.07660466
36344,0.07835782
36345,0.27805567
36346,0.06941003
36347,0.028974012
36348,0.03430603
36349,0.02154459
36350,0.034531463
36351,0.05085176
36352,0.24712715
36353,0.6387656
36354,0.098478034
36355,0.100317955
36356,0.09747103
36357,0.25129965
36358,0.11515066
36359,0.1706157
36360,0.49887475
36361,0.100697406
36362,0.058812838
36363,0.102524444
36364,0.06859618
36365,0.28280392
36366,0.72219354
36367,0.08040081
36368,0.50347066
36369,0.033652674
36370,0.028331622
36371,0.07340802
36372,0.047240272
36373,0.05996609
36374,0.06751272
36375,0.050030317
36376,0.12263661
36377,0.5117195
36378,0.09665001
36379,0.09027263
36380,0.27402928
36381,0.11844063
36382,0.14148292
36383,0.28501365
36384,0.09808563
36385,0.04753701
36386,0.28195453
36387,0.28617507
36388,0.08593901
36389,0.9123641
36390,0.84738016
36391,0.5115258
36392,0.07312548
36393,0.25278637
36394,0.059781637
36395,0.06942126
36396,0.038912833
36397,0.023564966
36398,0.026780069
36399,0.06058108
36400,0.11021204
36401,0.11158927
36402,0.09336466
36403,0.106404714
36404,0.1232317
36405,0.12575395
36406,0.1434384
36407,0.1149023
36408,0.100256
36409,0.04328433
36410,0.060271274
36411,0.2820439
36412,0.094667986
36413,0.7723566
36414,0.78797555
36415,0.65717924
36416,0.07032155
36417,0.07963912
36418,0.053469546
36419,0.4155342
36420,0.032832786
36421,0.028231397
36422,0.01917476
36423,0.057774052
36424,0.02080561
36425,0.05912
36426,0.090667024
36427,0.064653315
36428,0.5691545
36429,0.08559326
36430,0.11344296
36431,0.09699512
36432,0.08307802
36433,0.08465149
36434,0.07432459
36435,0.5675137
36436,0.06408079
36437,0.11660251
36438,0.084242806
36439,0.08765162
36440,0.97794473
36441,0.86716473
36442,0.72421145
36443,0.0642552
36444,0.075432606
36445,0.07625655
36446,0.06066167
36447,0.47021064
36448,0.09855975
36449,0.29499343
36450,0.054511003
36451,0.07095771
36452,0.018876418
36453,0.054737307
36454,0.056471232
36455,0.06275878
36456,0.060095504
36457,0.5319554
36458,0.5409117
36459,0.105759665
36460,0.10693485
36461,0.081287205
36462,0.087228104
36463,0.08453648
36464,0.0840996
36465,0.08338579
36466,0.11544445
36467,0.123448394
36468,0.08739943
36469,0.09397117
36470,0.05079111
36471,0.85204035
36472,0.8841276
36473,0.6990959
36474,0.054580003
36475,0.05858274
36476,0.26825535
36477,0.52210003
36478,0.10655964
36479,0.015805881
36480,0.046050243
36481,0.0589312
36482,0.06170602
36483,0.8889146
36484,0.851737
36485,0.10763694
36486,0.10775419
36487,0.088435255
36488,0.1428201
36489,0.111775175
36490,0.24121588
36491,0.061802085
36492,0.06282635
36493,0.07787529
36494,0.0746578
36495,0.09502552
36496,0.10031383
36497,0.8372453
36498,0.4839824
36499,0.13548827
36500,0.06233476
36501,0.07625655
36502,0.06217228
36503,0.10869916
36504,0.048641138
36505,0.056169778
36506,0.025786435
36507,0.04725011
36508,0.055706747
36509,0.060141616
36510,0.8430908
36511,0.7404422
36512,0.095509194
36513,0.11100462
36514,0.08723959
36515,0.14987803
36516,0.11398778
36517,0.60329986
36518,0.06871991
36519,0.079322375
36520,0.0751951
36521,0.09850085
36522,0.08466912
36523,0.8689184
36524,0.2743316
36525,0.2690785
36526,0.12907751
36527,0.9897599
36528,0.2743006
36529,0.074703984
36530,0.060796697
36531,0.1031475
36532,0.0467607
36533,0.06327422
36534,0.4324917
36535,0.04242052
36536,0.021728287
36537,0.054195616
36538,0.08728217
36539,0.08987528
36540,0.5680306
36541,0.2659767
36542,0.6221215
36543,0.54577917
36544,0.14715408
36545,0.16300394
36546,0.279822
36547,0.10495873
36548,0.09522752
36549,0.06959735
36550,0.072807215
36551,0.45781013
36552,0.2572552
36553,0.03862407
36554,0.52136034
36555,0.49747673
36556,0.054142017
36557,0.04278722
36558,0.09128833
36559,0.06980681
36560,0.062764294
36561,0.05870032
36562,0.013289019
36563,0.056120012
36564,0.096999235
36565,0.10830616
36566,0.124511115
36567,0.67012864
36568,0.6998652
36569,0.48463824
36570,0.28327796
36571,0.6045693
36572,0.120537534
36573,0.102905996
36574,0.057812914
36575,0.063912146
36576,0.28644365
36577,0.1241288
36578,0.08436968
36579,0.03789329
36580,0.07304561
36581,0.06358692
36582,0.05510594
36583,0.04928777
36584,0.08828978
36585,0.065756224
36586,0.046250142
36587,0.020468995
36588,0.013287502
36589,0.08085751
36590,0.09981063
36591,0.11013451
36592,0.55415356
36593,0.2680386
36594,0.55504054
36595,0.7346477
36596,0.7689819
36597,0.28795266
36598,0.07962701
36599,0.06513459
36600,0.06849328
36601,0.056408133
36602,0.08286116
36603,0.03986436
36604,0.06856671
36605,0.9389273
36606,0.056555994
36607,0.06670272
36608,0.08645564
36609,0.07271733
36610,0.24828002
36611,0.10109225
36612,0.087264754
36613,0.089229524
36614,0.052849345
36615,0.006679207
36616,0.020981744
36617,0.07778354
36618,0.09405883
36619,0.1150257
36620,0.59112024
36621,0.50840133
36622,0.2784293
36623,0.7401213
36624,0.2636277
36625,0.2769147
36626,0.08262245
36627,0.057733838
36628,0.078807004
36629,0.06633289
36630,0.08491667
36631,0.03878919
36632,0.06386957
36633,0.04778679
36634,0.43658638
36635,0.061372567
36636,0.48432848
36637,0.070264965
36638,0.11396634
36639,0.099512175
36640,0.08088908
36641,0.24607833
36642,0.07107896
36643,0.06124631
36644,0.04353837
36645,0.019965988
36646,0.07782749
36647,0.87740433
36648,0.6489253
36649,0.6661225
36650,0.4348242
36651,0.5989327
36652,0.10456599
36653,0.10426866
36654,0.029606361
36655,0.058589417
36656,0.07019673
36657,0.09416758
36658,0.09622741
36659,0.095938854
36660,0.037844997
36661,0.26627278
36662,0.047573105
36663,0.046747513
36664,0.43754974
36665,0.033849943
36666,0.018480957
36667,0.027695728
36668,0.11030538
36669,0.29811496
36670,0.07300506
36671,0.26787522
36672,0.13071764
36673,0.10910263
36674,0.11290982
36675,0.03297523
36676,0.081935786
36677,0.056784146
36678,0.052942805
36679,0.14863503
36680,0.08778152
36681,0.09154642
36682,0.043071963
36683,0.045004487
36684,0.044438664
36685,0.27363208
36686,0.06326463
36687,0.1020259
36688,0.037123144
36689,0.08717267
36690,0.0770566
36691,0.090450324
36692,0.2816422
36693,0.55797577
36694,0.120223396
36695,0.030839892
36696,0.06696125
36697,0.07793719
36698,0.053373214
36699,0.05414764
36700,0.06372562
36701,0.09279692
36702,0.28174892
36703,0.037844997
36704,0.051028084
36705,0.045571912
36706,0.04842614
36707,0.046420462
36708,0.031915475
36709,0.032327686
36710,0.06725178
36711,0.100800805
36712,0.35685486
36713,0.05132905
36714,0.06391064
36715,0.0802429
36716,0.03942489
36717,0.11243262
36718,0.57375675
36719,0.11490334
36720,0.036782566
36721,0.06900247
36722,0.25342977
36723,0.06526614
36724,0.05025229
36725,0.091716096
36726,0.050016448
36727,0.5942907
36728,0.032731272
36729,0.0617242
36730,0.034849916
36731,0.08564869
36732,0.04830631
36733,0.033922102
36734,0.036610857
36735,0.049841296
36736,0.06492146
36737,0.122232504
36738,0.05592025
36739,0.044024512
36740,0.053380307
36741,0.08246099
36742,0.08356851
36743,0.26716188
36744,0.04895534
36745,0.26067275
36746,0.056601875
36747,0.04342708
36748,0.044921875
36749,0.06981194
36750,0.036854953
36751,0.293007
36752,0.29911798
36753,0.039556496
36754,0.0746601
36755,0.044619773
36756,0.387468
36757,0.5341094
36758,0.13217591
36759,0.055010483
36760,0.033190433
36761,0.05019848
36762,0.056412674
36763,0.047098313
36764,0.046358112
36765,0.07516601
36766,0.08030595
36767,0.9697607
36768,0.07264596
36769,0.0735399
36770,0.049984053
36771,0.066157036
36772,0.046744023
36773,0.070147
36774,0.63831973
36775,0.086356185
36776,0.26666296
36777,0.059434805
36778,0.061303005
36779,0.042708937
36780,0.048199743
36781,0.017366817
36782,0.05557607
36783,0.049852215
36784,0.03595991
36785,0.032008413
36786,0.052173678
36787,0.048621677
36788,0.041241374
36789,0.08293784
36790,0.078704596
36791,0.09485795
36792,0.060566615
36793,0.06645459
36794,0.07775114
36795,0.028495712
36796,0.02215052
36797,0.07068047
36798,0.69424343
36799,0.08584364
36800,0.062644675
36801,0.059860036
36802,0.06365315
36803,0.0464872
36804,0.05053207
36805,0.020079518
36806,0.47954947
36807,0.027618133
36808,0.037778765
36809,0.033284318
36810,0.051060718
36811,0.07214782
36812,0.29385594
36813,0.078033306
36814,0.08587945
36815,0.071383245
36816,0.3002202
36817,0.057459887
36818,0.057673324
36819,0.06490452
36820,0.017144507
36821,0.023983385
36822,0.28041255
36823,0.033546735
36824,0.024625355
36825,0.023159606
36826,0.04154748
36827,0.092326306
36828,0.08197863
36829,0.080851085
36830,0.052067697
36831,0.048318263
36832,0.045153745
36833,0.066206925
36834,0.11840091
36835,0.30285448
36836,0.045352664
36837,0.016331203
36838,0.024533493
36839,0.021423442
36840,0.03742896
36841,0.044702623
36842,0.023161583
36843,0.043764085
36844,0.0954084
36845,0.08453057
36846,0.08204874
36847,0.028593585
36848,0.26962006
36849,0.12736705
36850,0.31282738
36851,0.015256194
36852,0.04296288
36853,0.042326167
36854,0.033940647
36855,0.031965267
36856,0.045427714
36857,0.022533078
36858,0.09341692
36859,0.052394174
36860,0.030231599
36861,0.060653154
36862,0.058216568
36863,0.04537845
36864,0.046717536
36865,0.038005102
36866,0.034832988
36867,0.04568731
36868,0.04590736
36869,0.0374795
36870,0.026750669
36871,0.069775485
36872,0.09444544
36873,0.32135534
36874,0.037248034
36875,0.051017553
36876,0.035102267
36877,0.026336761
36878,0.011292101
36879,0.039911747
36880,0.020128066
36881,0.07823035
36882,0.08934278
36883,0.061990097
36884,0.03634046
36885,0.034213
36886,0.034952533
36887,0.0154996915
36888,0.023811337
36889,0.01908161
36890,0.027527913
36891,0.021185637
36892,0.07003377
36893,0.08447787
36894,0.047191978
36895,0.09659293
36896,0.019659579
36897,0.027014947
36898,0.019843498
36899,0.011972658
36900,0.02472654
36901,0.025237733
36902,0.022893991
36903,0.0441261
36904,0.09446884
36905,0.099592604
36906,0.44969237
36907,0.037158668
36908,0.28689048
36909,0.016489156
36910,0.032335196
36911,0.026419604
36912,0.03385482
36913,0.036561098
36914,0.06899584
36915,0.061850987
36916,0.037191533
36917,0.033234484
36918,0.081893325
36919,0.0958739
36920,0.056680772
36921,0.3537246
36922,0.05859493
36923,0.091838576
36924,0.088538595
36925,0.27855122
36926,0.2874686
36927,0.06311191
36928,0.064226165
36929,0.03286704
36930,0.35453174
36931,0.07034156
36932,0.58785385
36933,0.08643246
36934,0.08200135
36935,0.06252591
36936,0.058821775
36937,0.05791125
36938,0.057619024
36939,0.37214604
36940,0.05756894
36941,0.6144842
36942,0.29702845
36943,0.05784716
36944,0.29088667
36945,0.058087874
36946,0.060720585
36947,0.027349195
36948,0.03489115
36949,0.07093501
36950,0.25627086
36951,0.49739644
36952,0.4876916
36953,0.05876406
36954,0.072940245
36955,0.05841291
36956,0.037414573
36957,0.03343861
36958,0.060677476
36959,0.054392897
36960,0.11712319
36961,0.4687003
36962,0.11362498
36963,0.26612037
36964,0.60400635
36965,0.06724593
36966,0.41142797
36967,0.05509894
36968,0.06011917
36969,0.06156543
36970,0.037393335
36971,0.040784273
36972,0.069938056
36973,0.09198899
36974,0.07540458
36975,0.090091616
36976,0.09861684
36977,0.06242212
36978,0.08753959
36979,0.085844666
36980,0.28912473
36981,0.05736724
36982,0.056423545
36983,0.045590833
36984,0.059376247
36985,0.04204204
36986,0.08601384
36987,0.072999865
36988,0.09596128
36989,0.066013604
36990,0.2890304
36991,0.09100033
36992,0.06892542
36993,0.055907466
36994,0.042442817
36995,0.43068573
36996,0.24711546
36997,0.063747846
36998,0.07405676
36999,0.38035643
37000,0.44786617
37001,0.05118878
37002,0.055707846
37003,0.053620286
37004,0.04354939
37005,0.04752405
37006,0.075470775
37007,0.06674411
37008,0.088999584
37009,0.09325043
37010,0.28109175
37011,0.50404096
37012,0.2413533
37013,0.045032185
37014,0.0332111
37015,0.060553364
37016,0.27776444
37017,0.027983109
37018,0.054811787
37019,0.07320864
37020,0.28987888
37021,0.44248033
37022,0.048337217
37023,0.044029217
37024,0.046694368
37025,0.0761301
37026,0.08052535
37027,0.032580838
37028,0.05175352
37029,0.05515657
37030,0.0945484
37031,0.08469336
37032,0.051049672
37033,0.04949891
37034,0.04943366
37035,0.032142214
37036,0.024600878
37037,0.018702587
37038,0.025378998
37039,0.27344736
37040,0.06654901
37041,0.10472601
37042,0.05612338
37043,0.114451885
37044,0.052247904
37045,0.030901683
37046,0.040825233
37047,0.07172728
37048,0.047904994
37049,0.050266463
37050,0.5595821
37051,0.57370317
37052,0.06288762
37053,0.06475443
37054,0.08498057
37055,0.07625784
37056,0.056645527
37057,0.05438959
37058,0.08596435
37059,0.031460673
37060,0.05356012
37061,0.05274348
37062,0.055997636
37063,0.05044544
37064,0.019351548
37065,0.030788034
37066,0.025012357
37067,0.09045358
37068,0.06345747
37069,0.09561224
37070,0.26042882
37071,0.27278465
37072,0.065873876
37073,0.054092765
37074,0.036104176
37075,0.028762756
37076,0.05053632
37077,0.26528063
37078,0.07170234
37079,0.5960001
37080,0.06214611
37081,0.06834434
37082,0.054899774
37083,0.053194903
37084,0.034458544
37085,0.049766354
37086,0.05247798
37087,0.05247798
37088,0.023030354
37089,0.035089575
37090,0.037438277
37091,0.03961376
37092,0.07785173
37093,0.10422344
37094,0.09795752
37095,0.29068837
37096,0.6090914
37097,0.08188467
37098,0.069684304
37099,0.08315379
37100,0.08629589
37101,0.048449527
37102,0.07187635
37103,0.070200734
37104,0.048995454
37105,0.06958529
37106,0.07365111
37107,0.075036906
37108,0.0330133
37109,0.047419082
37110,0.045991234
37111,0.051343847
37112,0.041244533
37113,0.053804483
37114,0.08357827
37115,0.085190915
37116,0.097577
37117,0.13681377
37118,0.28577173
37119,0.2902574
37120,0.07594499
37121,0.07572256
37122,0.0780018
37123,0.07797467
37124,0.06554711
37125,0.043789048
37126,0.07243943
37127,0.06734321
37128,0.054801196
37129,0.058980163
37130,0.04715647
37131,0.0522393
37132,0.033826765
37133,0.055480596
37134,0.05884513
37135,0.033173192
37136,0.026063986
37137,0.038602874
37138,0.068685055
37139,0.070942484
37140,0.120706044
37141,0.6081727
37142,0.10917425
37143,0.11138606
37144,0.0791229
37145,0.09869492
37146,0.0779377
37147,0.08241396
37148,0.06598699
37149,0.041870162
37150,0.04406509
37151,0.06761862
37152,0.10083383
37153,0.056056738
37154,0.072560824
37155,0.05347267
37156,0.07704154
37157,0.047072556
37158,0.034151584
37159,0.03957757
37160,0.032975275
37161,0.42495614
37162,0.06960531
37163,0.08312446
37164,0.12214459
37165,0.63428
37166,0.119945064
37167,0.0789314
37168,0.09214961
37169,0.26246086
37170,0.5048103
37171,0.06184369
37172,0.042441033
37173,0.042058185
37174,0.07422582
37175,0.071811244
37176,0.07226953
37177,0.07142118
37178,0.27010697
37179,0.083459005
37180,0.034351807
37181,0.03994841
37182,0.038621128
37183,0.04258725
37184,0.098569945
37185,0.08245902
37186,0.094688654
37187,0.0932955
37188,0.2751509
37189,0.0912741
37190,0.08647152
37191,0.12674932
37192,0.17089473
37193,0.16384803
37194,0.11070574
37195,0.059062123
37196,0.09578294
37197,0.100789964
37198,0.8638591
37199,0.083360136
37200,0.08375739
37201,0.479088
37202,0.085203595
37203,0.029915465
37204,0.028000861
37205,0.031352185
37206,0.041650534
37207,0.060830884
37208,0.261698
37209,0.57999647
37210,0.1106504
37211,0.097210705
37212,0.09536506
37213,0.087529406
37214,0.11325257
37215,0.16643642
37216,0.46975422
37217,0.10055321
37218,0.06272181
37219,0.052299693
37220,0.06007175
37221,0.084643215
37222,0.27624398
37223,0.793495
37224,0.08307654
37225,0.51769865
37226,0.031718995
37227,0.026051728
37228,0.08156444
37229,0.033456467
37230,0.046756446
37231,0.053160593
37232,0.026309151
37233,0.039712247
37234,0.50659907
37235,0.09490407
37236,0.0831439
37237,0.2607488
37238,0.114536576
37239,0.1452094
37240,0.2907322
37241,0.28266525
37242,0.044776496
37243,0.28922495
37244,0.12904255
37245,0.09355756
37246,0.8647625
37247,0.8128564
37248,0.30739486
37249,0.076867856
37250,0.07561829
37251,0.08439586
37252,0.068709485
37253,0.0458487
37254,0.060205612
37255,0.027513353
37256,0.098298885
37257,0.11750119
37258,0.08647374
37259,0.09928715
37260,0.10707623
37261,0.10336225
37262,0.1403372
37263,0.10806583
37264,0.10171231
37265,0.04579294
37266,0.055575676
37267,0.28196502
37268,0.07976923
37269,0.8604132
37270,0.57349473
37271,0.57132035
37272,0.07821426
37273,0.078166336
37274,0.031643864
37275,0.0796014
37276,0.44264165
37277,0.037707034
37278,0.031169837
37279,0.05828905
37280,0.014925724
37281,0.0646835
37282,0.058941957
37283,0.051052123
37284,0.060055315
37285,0.5799246
37286,0.07673174
37287,0.0937973
37288,0.28154597
37289,0.07737235
37290,0.087437555
37291,0.08298989
37292,0.23366974
37293,0.067201346
37294,0.11486582
37295,0.08394258
37296,0.087096624
37297,0.9464707
37298,0.87194854
37299,0.7457126
37300,0.05509674
37301,0.07866947
37302,0.08321927
37303,0.06079859
37304,0.48146442
37305,0.1041572
37306,0.2900927
37307,0.050637197
37308,0.04465874
37309,0.013406526
37310,0.070041835
37311,0.04951931
37312,0.05831109
37313,0.06872452
37314,0.5553848
37315,0.5623594
37316,0.11468621
37317,0.107723504
37318,0.08263439
37319,0.08209402
37320,0.08854443
37321,0.088960566
37322,0.06971196
37323,0.12021316
37324,0.12034001
37325,0.083380714
37326,0.09889783
37327,0.04572734
37328,0.8502824
37329,0.8189521
37330,0.6717835
37331,0.061502833
37332,0.53284293
37333,0.4758073
37334,0.1055414
37335,0.041302368
37336,0.0130342115
37337,0.04282335
37338,0.030467594
37339,0.059441864
37340,0.060708947
37341,0.8516277
37342,0.88196325
37343,0.11919916
37344,0.110186614
37345,0.10143919
37346,0.14836696
37347,0.11889026
37348,0.10819556
37349,0.065719746
37350,0.06898257
37351,0.07790336
37352,0.07108844
37353,0.08657105
37354,0.106916346
37355,0.8354184
37356,0.49531555
37357,0.14140263
37358,0.0774476
37359,0.0760171
37360,0.05895274
37361,0.101740986
37362,0.046598494
37363,0.04754035
37364,0.015668405
37365,0.04558199
37366,0.024985954
37367,0.057686664
37368,0.07162432
37369,0.2681625
37370,0.7044837
37371,0.11409693
37372,0.10940508
37373,0.07749201
37374,0.14888729
37375,0.11103445
37376,0.5890922
37377,0.060422473
37378,0.07760044
37379,0.094605595
37380,0.09971461
37381,0.26652354
37382,0.86101884
37383,0.27007934
37384,0.13562778
37385,1.0100013
37386,0.27525485
37387,0.058366507
37388,0.101905495
37389,0.04799974
37390,0.048507113
37391,0.50214016
37392,0.021836704
37393,0.024507986
37394,0.057839517
37395,0.07513432
37396,0.0941203
37397,0.53143007
37398,0.2823035
37399,0.25636828
37400,0.26327989
37401,0.14532404
37402,0.16602722
37403,0.3033945
37404,0.08418721
37405,0.09905861
37406,0.09621019
37407,0.06364723
37408,0.07177022
37409,0.4884656
37410,0.91272104
37411,0.049810942
37412,0.524122
37413,0.26831797
37414,0.054443274
37415,0.0574932
37416,0.08818114
37417,0.07389123
37418,0.025320627
37419,0.053892702
37420,0.0728488
37421,0.11572127
37422,0.11401981
37423,0.68917656
37424,0.6751576
37425,0.60808784
37426,0.27159238
37427,0.63686955
37428,0.12201207
37429,0.10395773
37430,0.057549704
37431,0.06137198
37432,0.05922268
37433,0.28468817
37434,0.08684761
37435,0.041202452
37436,0.06764684
37437,0.076789565
37438,0.054295797
37439,0.08672434
37440,0.061670713
37441,0.05074843
37442,0.047173586
37443,0.01947283
37444,0.008128651
37445,0.080013916
37446,0.09380275
37447,0.10754608
37448,0.5575602
37449,0.13936646
37450,0.52767986
37451,0.7371508
37452,0.75673586
37453,0.29191798
37454,0.082168125
37455,0.05762981
37456,0.06625086
37457,0.08720524
37458,0.040767968
37459,0.06646669
37460,0.9423336
37461,0.060711294
37462,0.0835675
37463,0.07301085
37464,0.25531647
37465,0.10097714
37466,0.0903242
37467,0.06384227
37468,0.0069287736
37469,0.021486826
37470,0.07680798
37471,0.10712904
37472,0.10400853
37473,0.55085087
37474,0.47436222
37475,0.2703742
37476,0.7539999
37477,0.52726346
37478,0.28574872
37479,0.08538303
37480,0.05624274
37481,0.06699224
37482,0.06562433
37483,0.08589672
37484,0.035959948
37485,0.064183466
37486,0.05033932
37487,0.519556
37488,0.27315843
37489,0.28686056
37490,0.073026285
37491,0.09838276
37492,0.09975857
37493,0.06897336
37494,0.27488747
37495,0.060180135
37496,0.07292638
37497,0.047895435
37498,0.0659258
37499,0.8766069
37500,0.6637556
37501,0.6722892
37502,0.510513
37503,0.2525038
37504,0.10503683
37505,0.109870866
37506,0.03574361
37507,0.028223218
37508,0.060277525
37509,0.0525883
37510,0.09775787
37511,0.09165017
37512,0.09587175
37513,0.038611714
37514,0.07075061
37515,0.050159223
37516,0.037993137
37517,0.39733222
37518,0.0320597
37519,0.025236351
37520,0.109180786
37521,0.29914296
37522,0.080539286
37523,0.12324047
37524,0.12502646
37525,0.10519556
37526,0.1098271
37527,0.07122903
37528,0.053905383
37529,0.053535018
37530,0.26863444
37531,0.09597038
37532,0.09208518
37533,0.041759048
37534,0.05208989
37535,0.112704314
37536,0.07951195
37537,0.1070964
37538,0.050655987
37539,0.077978775
37540,0.0843414
37541,0.08009715
37542,0.5426308
37543,0.5500707
37544,0.12399948
37545,0.02898369
37546,0.06942535
37547,0.05496533
37548,0.051535316
37549,0.059053045
37550,0.04545613
37551,0.09279652
37552,0.094992094
37553,0.046716847
37554,0.050178953
37555,0.037547503
37556,0.028954845
37557,0.03650396
37558,0.06528644
37559,0.10762175
37560,0.4376817
37561,0.072545744
37562,0.056986287
37563,0.09312825
37564,0.049590047
37565,0.113945015
37566,0.5235944
37567,0.119814955
37568,0.030277833
37569,0.06744863
37570,0.25979188
37571,0.04749058
37572,0.055571552
37573,0.2846225
37574,0.095746554
37575,0.040587556
37576,0.04694506
37577,0.2654182
37578,0.0547596
37579,0.035019886
37580,0.07409231
37581,0.044147134
37582,0.034322977
37583,0.053784616
37584,0.070127405
37585,0.11555556
37586,0.056002267
37587,0.04983863
37588,0.05070491
37589,0.07784735
37590,0.08330044
37591,0.26494184
37592,0.0355834
37593,0.25836334
37594,0.061396126
37595,0.06263975
37596,0.056785658
37597,0.043321144
37598,0.060983643
37599,0.069135815
37600,0.4948674
37601,0.28666162
37602,0.034056477
37603,0.08930195
37604,0.044076834
37605,0.02234614
37606,0.49900213
37607,0.6029834
37608,0.11416288
37609,0.04878922
37610,0.04958562
37611,0.052739497
37612,0.046625145
37613,0.04663911
37614,0.0804041
37615,0.07690527
37616,0.96815354
37617,0.084773
37618,0.075860284
37619,0.06455756
37620,0.06008601
37621,0.029585531
37622,0.064294204
37623,0.671373
37624,0.08533945
37625,0.27317283
37626,0.059735574
37627,0.060362086
37628,0.06539332
37629,0.044359494
37630,0.05020347
37631,0.01644399
37632,0.09955896
37633,0.054734007
37634,0.036100853
37635,0.03478975
37636,0.053931717
37637,0.08370627
37638,0.0743488
37639,0.075739816
37640,0.063040584
37641,0.06555176
37642,0.070475616
37643,0.03596383
37644,0.029861357
37645,0.06878924
37646,0.67714226
37647,0.08768933
37648,0.06647876
37649,0.06073699
37650,0.063456014
37651,0.04832635
37652,0.051809862
37653,0.017013326
37654,0.27628496
37655,0.030355196
37656,0.03139567
37657,0.05744659
37658,0.06800215
37659,0.52954036
37660,0.0641191
37661,0.06737694
37662,0.0230477
37663,0.03146465
37664,0.07321741
37665,0.2811909
37666,0.064147405
37667,0.05798225
37668,0.06357222
37669,0.022042584
37670,0.023016248
37671,0.03491254
37672,0.03297911
37673,0.021627856
37674,0.04168322
37675,0.29276347
37676,0.08029222
37677,0.078690596
37678,0.04636527
37679,0.057144232
37680,0.032183878
37681,0.07188879
37682,0.33542588
37683,0.11798959
37684,0.054243058
37685,0.013518882
37686,0.021400252
37687,0.013721362
37688,0.03129031
37689,0.021230215
37690,0.043803073
37691,0.085308366
37692,0.07880636
37693,0.083083265
37694,0.06299527
37695,0.13640255
37696,0.40005282
37697,0.07791658
37698,0.0352684
37699,0.015943129
37700,0.022592673
37701,0.046207283
37702,0.026294887
37703,0.03621607
37704,0.029687783
37705,0.04199989
37706,0.021648949
37707,0.024403013
37708,0.08719413
37709,0.0467362
37710,0.03743343
37711,0.06901384
37712,0.05114989
37713,0.03996882
37714,0.017018907
37715,0.040056046
37716,0.0338937
37717,0.04591518
37718,0.020652082
37719,0.02440999
37720,0.078038715
37721,0.08229709
37722,0.3101385
37723,0.035499316
37724,0.052970987
37725,0.038784813
37726,0.02271743
37727,0.015635991
37728,0.03829595
37729,0.027099697
37730,0.08559761
37731,0.10338561
37732,0.06985875
37733,0.030157672
37734,0.043620475
37735,0.036518224
37736,0.012883596
37737,0.028143648
37738,0.024989448
37739,0.067319386
37740,0.0968273
37741,0.037409026
37742,0.3141563
37743,0.017130908
37744,0.013970109
37745,0.014476411
37746,0.021112122
37747,0.016878508
37748,0.01784797
37749,0.044371143
37750,0.045005307
37751,0.04210135
37752,0.088353634
37753,0.23923774
37754,0.03808172
37755,0.109393306
37756,0.011850115
37757,0.024593936
37758,0.04232386
37759,0.031538613
37760,0.07063473
37761,0.06591571
37762,0.06607525
37763,0.06880138
37764,0.031537537
37765,0.024707599
37766,0.09463268
37767,0.059846073
37768,0.062189657
37769,0.058240175
37770,0.42212418
37771,0.06642284
37772,0.09220287
37773,0.055695314
37774,0.058541123
37775,0.0592692
37776,0.055538703
37777,0.28648284
37778,0.08326029
37779,0.6755899
37780,0.077714585
37781,0.055946734
37782,0.05998845
37783,0.07726024
37784,0.061547592
37785,0.063697256
37786,0.61942804
37787,0.12205396
37788,0.061372843
37789,0.26995558
37790,0.056150246
37791,0.054553516
37792,0.032881998
37793,0.03283673
37794,0.060174875
37795,0.08017662
37796,0.46258247
37797,0.483605
37798,0.052697588
37799,0.061740737
37800,0.056258596
37801,0.060160816
37802,0.03277418
37803,0.034536533
37804,0.06483168
37805,0.07454367
37806,0.06177374
37807,0.11372643
37808,0.50026363
37809,0.0961328
37810,0.25641525
37811,0.5770603
37812,0.29164118
37813,0.07518567
37814,0.51803625
37815,0.052435003
37816,0.05849644
37817,0.06589079
37818,0.060567975
37819,0.04143889
37820,0.04059749
37821,0.0709672
37822,0.11571808
37823,0.08220388
37824,0.09186936
37825,0.113688216
37826,0.07367966
37827,0.47176278
37828,0.0564449
37829,0.05814096
37830,0.038896225
37831,0.064936884
37832,0.058560118
37833,0.032982964
37834,0.08220388
37835,0.08086581
37836,0.11225297
37837,0.064634964
37838,0.30074513
37839,0.09234757
37840,0.05253335
37841,0.052614834
37842,0.5108133
37843,0.5659992
37844,0.08795411
37845,0.46824285
37846,0.5323084
37847,0.06578897
37848,0.05538494
37849,0.055017415
37850,0.068189174
37851,0.055553924
37852,0.08682813
37853,0.089960866
37854,0.10291618
37855,0.43880817
37856,0.25494832
37857,0.045922063
37858,0.034969
37859,0.061059415
37860,0.28845888
37861,0.07059415
37862,0.035913546
37863,0.05014081
37864,0.2691761
37865,0.0582935
37866,0.291077
37867,0.54638284
37868,0.03917654
37869,0.04521729
37870,0.07266418
37871,0.07510192
37872,0.039864242
37873,0.059327215
37874,0.08417615
37875,0.07354559
37876,0.049130842
37877,0.05263883
37878,0.039103534
37879,0.023508143
37880,0.023883397
37881,0.02291059
37882,0.28172615
37883,0.06742917
37884,0.1157925
37885,0.05637051
37886,0.09281549
37887,0.05758549
37888,0.04551389
37889,0.033267137
37890,0.036167502
37891,0.069464296
37892,0.048645005
37893,0.046086997
37894,0.59868675
37895,0.5252222
37896,0.063220724
37897,0.06286439
37898,0.06996552
37899,0.05755876
37900,0.057708114
37901,0.07474452
37902,0.02881823
37903,0.057806708
37904,0.028515046
37905,0.02941282
37906,0.016080152
37907,0.078566685
37908,0.06991808
37909,0.11345283
37910,0.09449927
37911,0.267118
37912,0.05050581
37913,0.045076005
37914,0.036453832
37915,0.029880382
37916,0.0500708
37917,0.046379197
37918,0.26320118
37919,0.07636406
37920,0.5738367
37921,0.06767144
37922,0.06247073
37923,0.07269857
37924,0.05182092
37925,0.05194193
37926,0.034109946
37927,0.054944
37928,0.04951201
37929,0.046865754
37930,0.03189036
37931,0.017943144
37932,0.028540313
37933,0.034951985
37934,0.046402168
37935,0.07682802
37936,0.11045746
37937,0.11046093
37938,0.10226227
37939,0.5828828
37940,0.06920245
37941,0.071051255
37942,0.07853609
37943,0.07626131
37944,0.07983439
37945,0.099336445
37946,0.04523512
37947,0.06616652
37948,0.06387233
37949,0.063485816
37950,0.06309714
37951,0.07179139
37952,0.07072239
37953,0.068999864
37954,0.051666018
37955,0.050418846
37956,0.054718487
37957,0.051584113
37958,0.033405863
37959,0.03577151
37960,0.0769002
37961,0.07765953
37962,0.09821454
37963,0.108977154
37964,0.2899201
37965,0.29123
37966,0.07839352
37967,0.077285774
37968,0.078530915
37969,0.078973584
37970,0.06880436
37971,0.043011602
37972,0.078865364
37973,0.07041469
37974,0.057111356
37975,0.06552241
37976,0.057170857
37977,0.05245902
37978,0.05762228
37979,0.045331206
37980,0.052796103
37981,0.050339285
37982,0.03833831
37983,0.025903394
37984,0.034541693
37985,0.26534313
37986,0.06902352
37987,0.11676551
37988,0.71834046
37989,0.11026039
37990,0.11251529
37991,0.07723634
37992,0.09370734
37993,0.07867615
37994,0.074199654
37995,0.06967266
37996,0.042628784
37997,0.07402045
37998,0.27992707
37999,0.05796089
38000,0.07512385
38001,0.049959883
38002,0.077080704
38003,0.046303432
38004,0.047317535
38005,0.032546982
38006,0.035598207
38007,0.037001576
38008,0.43767384
38009,0.07149373
38010,0.068582974
38011,0.111977115
38012,0.6327888
38013,0.11077399
38014,0.07534174
38015,0.07991562
38016,0.0945761
38017,0.26221895
38018,0.47541177
38019,0.06385704
38020,0.04399693
38021,0.041295048
38022,0.07120177
38023,0.07484774
38024,0.06847209
38025,0.07100024
38026,0.08094354
38027,0.08285146
38028,0.03486375
38029,0.036074717
38030,0.04102666
38031,0.03250087
38032,0.09653953
38033,0.13466272
38034,0.09779468
38035,0.095899664
38036,0.27616602
38037,0.09738085
38038,0.09433237
38039,0.121918306
38040,0.171293
38041,0.26036054
38042,0.10782171
38043,0.055975124
38044,0.094324656
38045,0.102962926
38046,0.82556134
38047,0.07799071
38048,0.0822422
38049,0.47645319
38050,0.06961987
38051,0.031086925
38052,0.025285332
38053,0.023051385
38054,0.0613806
38055,0.039000392
38056,0.26414284
38057,0.54262084
38058,0.10877283
38059,0.10305944
38060,0.10523867
38061,0.09451216
38062,0.12334741
38063,0.16792575
38064,0.50367844
38065,0.10047893
38066,0.05935438
38067,0.09804778
38068,0.095479704
38069,0.103998855
38070,0.8631353
38071,0.07934239
38072,0.5296218
38073,0.027463086
38074,0.05500069
38075,0.033855006
38076,0.05424937
38077,0.048267026
38078,0.03527175
38079,0.031139748
38080,0.6038593
38081,0.0835946
38082,0.08446566
38083,0.26234576
38084,0.124042384
38085,0.14349991
38086,0.2874079
38087,0.27180228
38088,0.047693655
38089,0.13438025
38090,0.12920362
38091,0.085283265
38092,0.92411816
38093,0.85638934
38094,0.31858394
38095,0.08581706
38096,0.073043495
38097,0.07639743
38098,0.058466487
38099,0.059357885
38100,0.025306806
38101,0.09399459
38102,0.10939119
38103,0.0889085
38104,0.08603932
38105,0.11764297
38106,0.10618298
38107,0.13667507
38108,0.105789155
38109,0.10160577
38110,0.047517855
38111,0.052035056
38112,0.13410993
38113,0.05573939
38114,0.09480304
38115,0.83471966
38116,0.83816963
38117,0.5663574
38118,0.07362784
38119,0.06372927
38120,0.02488083
38121,0.08298566
38122,0.50256824
38123,0.037862677
38124,0.025541257
38125,0.05808596
38126,0.029648772
38127,0.05723781
38128,0.054777507
38129,0.059960395
38130,0.060535595
38131,0.5908399
38132,0.077985816
38133,0.10864384
38134,0.10691508
38135,0.08193354
38136,0.08046457
38137,0.07594356
38138,0.24807674
38139,0.06671031
38140,0.11490289
38141,0.08538072
38142,0.08790869
38143,1.0154384
38144,0.86445135
38145,0.72751904
38146,0.08700446
38147,0.07491329
38148,0.5166305
38149,0.096566685
38150,0.29250857
38151,0.05199273
38152,0.055161357
38153,0.015522243
38154,0.06758525
38155,0.057425234
38156,0.06299592
38157,0.07221014
38158,0.57545817
38159,0.55813485
38160,0.10913711
38161,0.11193198
38162,0.08315796
38163,0.08718897
38164,0.08260499
38165,0.08863426
38166,0.07341204
38167,0.075478025
38168,0.11130678
38169,0.11805332
38170,0.08352145
38171,0.092606254
38172,0.044083167
38173,0.8616168
38174,0.85805434
38175,0.5815655
38176,0.063942164
38177,0.27932525
38178,0.5427954
38179,0.10655435
38180,0.045372732
38181,0.022907916
38182,0.05896332
38183,0.070892595
38184,0.3983465
38185,0.8666504
38186,0.11102657
38187,0.11697813
38188,0.084761724
38189,0.1466124
38190,0.10817288
38191,0.10794733
38192,0.06779879
38193,0.06994472
38194,0.07893274
38195,0.07565732
38196,0.09359819
38197,0.10148121
38198,0.07693081
38199,0.8532701
38200,0.26350343
38201,0.13444105
38202,0.057450794
38203,0.08475553
38204,0.07596305
38205,0.061602537
38206,0.10156792
38207,0.047280196
38208,0.054724917
38209,0.017702598
38210,0.047203936
38211,0.022443091
38212,0.05810884
38213,0.059094
38214,0.25653493
38215,0.7613514
38216,0.10843134
38217,0.25324205
38218,0.10057343
38219,0.15096438
38220,0.103870675
38221,0.5932612
38222,0.06705366
38223,0.08006438
38224,0.093924515
38225,0.10043194
38226,0.8834978
38227,0.9116187
38228,0.2646274
38229,0.13279878
38230,1.0497718
38231,0.27212405
38232,0.059780136
38233,0.27085608
38234,0.04820822
38235,0.061077416
38236,0.49116516
38237,0.020575788
38238,-0.007818241
38239,0.05738569
38240,0.08703509
38241,0.09433144
38242,0.54957247
38243,0.24824905
38244,0.68377334
38245,0.27426112
38246,0.14387788
38247,0.15963288
38248,0.30403426
38249,0.08218285
38250,0.10129294
38251,0.062501036
38252,0.06949339
38253,0.56133395
38254,0.26909265
38255,0.037905198
38256,0.5102707
38257,0.27639842
38258,0.050544646
38259,0.088585
38260,0.07248951
38261,0.06882698
38262,0.013817193
38263,0.049747895
38264,0.07526085
38265,0.11129409
38266,0.11899093
38267,0.72748464
38268,0.7212463
38269,0.55664
38270,0.27296144
38271,0.7336875
38272,0.122761294
38273,0.094007455
38274,0.06380666
38275,0.06797017
38276,0.066175744
38277,0.283686
38278,0.0915204
38279,0.047446635
38280,0.06120116
38281,0.06675017
38282,0.051211026
38283,0.048553497
38284,0.08450291
38285,0.0669571
38286,0.06741573
38287,0.055385735
38288,0.012186421
38289,0.012509759
38290,0.07669805
38291,0.09026699
38292,0.10999766
38293,0.23779346
38294,0.26793745
38295,0.55222535
38296,0.8303635
38297,0.7812359
38298,0.30202353
38299,0.08493993
38300,0.054044235
38301,0.06523932
38302,0.06373944
38303,0.0863342
38304,0.057979573
38305,0.9702533
38306,0.049619734
38307,0.06073899
38308,0.08706063
38309,0.073543124
38310,0.49141076
38311,0.0995008
38312,0.06655512
38313,0.08922178
38314,0.07100886
38315,0.022410281
38316,0.07797372
38317,0.094022684
38318,0.10577383
38319,0.5653298
38320,0.5249172
38321,0.27279612
38322,0.78635746
38323,0.5563265
38324,0.29140326
38325,0.0849668
38326,0.055032782
38327,0.06321902
38328,0.067055725
38329,0.08528932
38330,0.037503656
38331,0.066068724
38332,0.052439008
38333,0.547636
38334,0.27780735
38335,0.25670505
38336,0.075418666
38337,0.29069707
38338,0.09993881
38339,0.08034477
38340,0.08599668
38341,0.07343693
38342,0.05783703
38343,0.026880065
38344,0.062509574
38345,0.88505507
38346,0.71544707
38347,0.6949376
38348,0.4658721
38349,0.2786377
38350,0.11114735
38351,0.10841617
38352,0.032400098
38353,0.05958164
38354,0.05072847
38355,0.06297284
38356,0.0927237
38357,0.095975384
38358,0.04835025
38359,0.27624032
38360,0.047447268
38361,0.046508197
38362,0.2942548
38363,0.029140176
38364,0.005333081
38365,0.027071944
38366,0.107663654
38367,0.28345925
38368,0.07279557
38369,0.12552594
38370,0.12753116
38371,0.10619561
38372,0.11211352
38373,0.033659894
38374,0.068753645
38375,0.052015312
38376,0.05298589
38377,0.27363744
38378,0.098513916
38379,0.09528241
38380,0.0351383
38381,0.048116107
38382,0.04885071
38383,0.10888062
38384,0.054650612
38385,0.065204486
38386,0.10410847
38387,0.031826604
38388,0.09095435
38389,0.08076167
38390,0.08275601
38391,0.28448728
38392,0.5613308
38393,0.119993076
38394,0.06984178
38395,0.054003287
38396,0.05168245
38397,0.06028182
38398,0.051785577
38399,0.09357707
38400,0.09013746
38401,0.040338412
38402,0.047107473
38403,0.047898624
38404,0.029433656
38405,0.103799686
38406,0.10439016
38407,0.50115854
38408,0.06584593
38409,0.057868455
38410,0.07892648
38411,0.037083488
38412,0.10756951
38413,0.6181568
38414,0.11957999
38415,0.06926035
38416,0.26051977
38417,0.055864092
38418,0.0960911
38419,0.098542556
38420,0.055994276
38421,0.2903154
38422,0.030076467
38423,0.08034409
38424,0.043721706
38425,0.033015322
38426,0.03703254
38427,0.07784444
38428,0.045003697
38429,0.28678358
38430,0.060179856
38431,0.04654959
38432,0.056362104
38433,0.080429
38434,0.09172598
38435,0.27683917
38436,0.04086283
38437,0.07641814
38438,0.07904728
38439,0.06532994
38440,0.048589796
38441,0.067231975
38442,0.5237558
38443,0.52332383
38444,0.034874573
38445,0.07613134
38446,0.04576367
38447,0.017397912
38448,0.50221306
38449,0.53075945
38450,0.12011149
38451,0.051031206
38452,0.03722786
38453,0.046155356
38454,0.049531795
38455,0.046513703
38456,0.044960245
38457,0.07600754
38458,0.077352084
38459,1.0073463
38460,0.07239694
38461,0.072686665
38462,0.061273735
38463,0.062820606
38464,0.05680306
38465,0.02872203
38466,0.06770828
38467,0.9268735
38468,0.08200931
38469,0.28080025
38470,0.057364717
38471,0.06859203
38472,0.07599456
38473,0.041082695
38474,0.047867466
38475,0.015575068
38476,0.045145366
38477,0.0574915
38478,0.037543792
38479,0.03822029
38480,0.04953407
38481,0.041896697
38482,0.04796227
38483,0.08493305
38484,0.065364584
38485,0.072295815
38486,0.064783126
38487,0.07168914
38488,0.029115537
38489,0.07212015
38490,0.81820285
38491,0.086228885
38492,0.057809155
38493,0.06227123
38494,0.066106126
38495,0.04415599
38496,0.047059912
38497,0.012499515
38498,0.2793258
38499,0.03728013
38500,0.05000689
38501,0.045651615
38502,0.07584282
38503,0.5297924
38504,0.060937487
38505,0.068194054
38506,0.0675185
38507,0.074340045
38508,0.33830974
38509,0.058055233
38510,0.057239823
38511,0.06325847
38512,0.014254861
38513,0.023076294
38514,0.050581347
38515,0.033403642
38516,0.024001831
38517,0.041377906
38518,0.30763653
38519,0.07972259
38520,0.08105972
38521,0.04697196
38522,0.052733976
38523,0.028653841
38524,0.034630097
38525,0.06280002
38526,0.09425834
38527,0.3285539
38528,0.04867452
38529,0.01522338
38530,0.019780338
38531,0.01788607
38532,0.030948281
38533,0.025838869
38534,0.021906037
38535,0.044614673
38536,0.0862066
38537,0.08308387
38538,0.07887376
38539,0.066806965
38540,0.30133474
38541,0.01599601
38542,0.022019196
38543,0.037209395
38544,0.02626599
38545,0.043432493
38546,0.020648595
38547,0.04718053
38548,0.0311736
38549,0.05470262
38550,0.055017393
38551,0.061836474
38552,0.037109397
38553,0.032519247
38554,0.0454333
38555,0.03774728
38556,0.027934365
38557,0.06897081
38558,0.07515654
38559,0.31686512
38560,0.038625848
38561,0.060967106
38562,0.03352123
38563,0.027659439
38564,0.015906854
38565,0.037435766
38566,0.02437195
38567,0.0704086
38568,0.079788856
38569,0.071765475
38570,0.037803248
38571,0.04257901
38572,0.043693926
38573,0.015693296
38574,0.013501745
38575,0.023623858
38576,0.07310411
38577,0.08281898
38578,0.0832799
38579,0.10517191
38580,0.0141348345
38581,0.017873066
38582,0.019543841
38583,0.04543239
38584,0.07435709
38585,0.083003275
38586,0.07816751
38587,0.03688492
38588,0.10665187
38589,0.021999625
38590,0.019359343
38591,0.05343861
38592,0.054172006
38593,0.027543476
38594,0.08325559
38595,0.0628035
38596,0.06256041
38597,0.06256041
38598,0.037638716
38599,0.039278332
38600,0.06802885
38601,0.060895804
38602,0.06740661
38603,0.37181658
38604,0.05334843
38605,0.08658226
38606,0.268631
38607,0.2832179
38608,0.06215715
38609,0.06767641
38610,0.25307757
38611,0.053477276
38612,0.58052474
38613,0.084680684
38614,0.26615608
38615,0.066620454
38616,0.061361194
38617,0.028155038
38618,0.021465553
38619,0.05481644
38620,0.70845795
38621,0.28751555
38622,0.07057147
38623,0.44515514
38624,0.063463666
38625,0.020842796
38626,0.02116836
38627,0.06620126
38628,0.080412716
38629,0.48908976
38630,0.4723545
38631,0.058641743
38632,0.07107501
38633,0.26724252
38634,0.061050158
38635,0.023790322
38636,0.019735599
38637,0.06333469
38638,0.063415386
38639,0.06478811
38640,0.52730626
38641,0.2602346
38642,0.25771487
38643,0.5414005
38644,0.06138608
38645,0.07998369
38646,0.3656627
38647,0.0497176
38648,0.05666811
38649,0.05713026
38650,0.0344045
38651,0.035215
38652,0.06809667
38653,0.07300391
38654,0.113953345
38655,0.09868198
38656,0.07112
38657,0.07412488
38658,0.5061985
38659,0.052887347
38660,0.044053044
38661,0.056651317
38662,0.05225871
38663,0.02492585
38664,0.09486651
38665,0.08460534
38666,0.2822298
38667,0.096395105
38668,0.048989974
38669,0.05109311
38670,0.052514706
38671,0.4413737
38672,0.06341972
38673,0.094578244
38674,0.47578374
38675,0.5110233
38676,0.051148735
38677,0.04975157
38678,0.043763548
38679,0.02525761
38680,0.06959276
38681,0.08633042
38682,0.0840294
38683,0.28814235
38684,0.48475787
38685,0.22883578
38686,0.043382138
38687,0.07238968
38688,0.05481361
38689,0.28004938
38690,0.08576941
38691,0.030317316
38692,0.05338805
38693,0.05426685
38694,0.09906568
38695,0.2882896
38696,0.47085804
38697,0.051597998
38698,0.04160324
38699,0.06834053
38700,0.07356671
38701,0.05622584
38702,0.027531076
38703,0.034424435
38704,0.04912906
38705,0.073264204
38706,0.08471302
38707,0.04793184
38708,0.049073704
38709,0.030275429
38710,0.020653956
38711,0.26286313
38712,0.07384628
38713,0.102682374
38714,0.06229458
38715,0.09439394
38716,0.053985137
38717,0.05334853
38718,0.032959614
38719,0.029979086
38720,0.06577457
38721,0.0500442
38722,0.051074177
38723,0.47724846
38724,0.5637325
38725,0.05500552
38726,0.056974865
38727,0.07095404
38728,0.052715078
38729,0.054553207
38730,0.07003184
38731,0.030328214
38732,0.05065492
38733,0.0792001
38734,0.025713205
38735,0.028938416
38736,0.024129154
38737,0.066187404
38738,0.07458523
38739,0.10640239
38740,0.28286424
38741,0.2671606
38742,0.04548162
38743,0.039526436
38744,0.028655915
38745,0.03304491
38746,0.0477564
38747,0.053445455
38748,0.25630918
38749,0.07250196
38750,0.6009831
38751,0.057004098
38752,0.053653553
38753,0.045501202
38754,0.053218156
38755,0.05311109
38756,0.034117743
38757,0.034938205
38758,0.028039403
38759,0.03676701
38760,0.03313845
38761,0.047381267
38762,0.074149005
38763,0.0996552
38764,0.09639627
38765,0.10566738
38766,0.6172744
38767,0.068329975
38768,0.06856417
38769,0.075138226
38770,0.075653024
38771,0.071690075
38772,0.06851665
38773,0.04690007
38774,0.05117
38775,0.04752829
38776,0.060738456
38777,0.05158582
38778,0.07271835
38779,0.0350337
38780,0.05083688
38781,0.05082121
38782,0.03686425
38783,0.053072218
38784,0.049461443
38785,0.033973925
38786,0.028277753
38787,0.07382779
38788,0.07820906
38789,0.09498637
38790,0.09584382
38791,0.15749952
38792,0.28870785
38793,0.2432153
38794,0.079069115
38795,0.07682491
38796,0.060664427
38797,0.043794926
38798,0.045595653
38799,0.0567352
38800,0.05082155
38801,0.049541716
38802,0.051399596
38803,0.033213478
38804,0.051738627
38805,0.03787396
38806,0.033890083
38807,0.027916975
38808,0.27786794
38809,0.06434085
38810,0.10389936
38811,0.31336215
38812,0.10590298
38813,0.11133093
38814,0.07660946
38815,0.08244372
38816,0.07556219
38817,0.07391413
38818,0.085814476
38819,0.042783607
38820,0.056387085
38821,0.2634685
38822,0.051465258
38823,0.05932001
38824,0.046765033
38825,0.0758429
38826,0.050756067
38827,0.04241881
38828,0.028799202
38829,0.09505729
38830,0.07418957
38831,0.06677938
38832,0.13024387
38833,0.80671984
38834,0.11162675
38835,0.079090625
38836,0.07567655
38837,0.07407844
38838,0.075359695
38839,0.4628702
38840,0.07083089
38841,0.047663268
38842,0.0434596
38843,0.065973535
38844,0.07670832
38845,0.07428127
38846,0.060542732
38847,0.080822945
38848,0.08033186
38849,0.046162013
38850,0.04287628
38851,0.042407934
38852,0.043532353
38853,0.06394499
38854,0.12092635
38855,0.11311038
38856,0.11259763
38857,0.26221776
38858,0.09624533
38859,0.10183722
38860,0.108818896
38861,0.15654556
38862,0.1588101
38863,0.10295349
38864,0.059724923
38865,0.05631451
38866,0.050327104
38867,0.09281934
38868,0.7585281
38869,0.08295689
38870,0.06887391
38871,0.44829696
38872,0.08081601
38873,0.03176964
38874,0.0282338
38875,0.04055609
38876,0.05371536
38877,0.52659404
38878,0.27387783
38879,0.09567051
38880,0.0975781
38881,0.09713116
38882,0.088959344
38883,0.11448787
38884,0.15684828
38885,0.5321364
38886,0.08732374
38887,0.051465366
38888,0.06361617
38889,0.050699316
38890,0.2750013
38891,0.8206688
38892,0.27801746
38893,0.038544636
38894,0.24675277
38895,0.06351175
38896,0.02540932
38897,0.033657294
38898,0.047688853
38899,0.051144168
38900,0.049649384
38901,0.034165137
38902,0.48460943
38903,0.081967324
38904,0.08286125
38905,0.25977638
38906,0.098763086
38907,0.12909758
38908,0.5484037
38909,0.088275954
38910,0.044288423
38911,0.12958926
38912,0.123310864
38913,0.092386894
38914,0.8223755
38915,0.29131377
38916,0.2831433
38917,0.07954996
38918,0.07795341
38919,0.06352404
38920,0.037302285
38921,0.017780025
38922,0.06746032
38923,0.041363157
38924,0.11154495
38925,0.10682884
38926,0.08348666
38927,0.10865327
38928,0.10463381
38929,0.11068666
38930,0.12294965
38931,0.09547025
38932,0.08810802
38933,0.057744395
38934,0.25867134
38935,0.052803025
38936,0.10186841
38937,0.84389955
38938,0.85940343
38939,0.5675838
38940,0.038410667
38941,0.07181103
38942,0.44345123
38943,0.039642505
38944,0.041834712
38945,0.06709297
38946,0.051441487
38947,0.05208157
38948,0.05037784
38949,0.5681193
38950,0.074611165
38951,0.10388024
38952,0.093360625
38953,0.080296904
38954,0.0684553
38955,0.06367788
38956,0.25676873
38957,0.060633156
38958,0.11317309
38959,0.08014946
38960,0.074110396
38961,0.95910096
38962,0.677401
38963,0.71202326
38964,0.07913655
38965,0.07741636
38966,0.5187902
38967,0.09435578
38968,0.2840152
38969,0.050076377
38970,0.05091618
38971,0.026820958
38972,0.06614065
38973,0.039600983
38974,0.04724982
38975,0.05660664
38976,0.57274973
38977,0.5659791
38978,0.09045065
38979,0.10924368
38980,0.072586164
38981,0.07781084
38982,0.08797798
38983,0.0883214
38984,0.06567059
38985,0.11853279
38986,0.1163145
38987,0.08162739
38988,0.0929616
38989,0.043197002
38990,0.8956595
38991,0.86950725
38992,0.7182226
38993,0.061286945
38994,0.056703895
38995,0.2640857
38996,0.061812513
38997,0.467205
38998,0.104819044
38999,0.019467797
39000,0.018031506
39001,0.060120244
39002,0.059458543
39003,0.922713
39004,0.8657046
39005,0.10961878
39006,0.118257545
39007,0.08347119
39008,0.15162967
39009,0.08680194
39010,0.24976934
39011,0.055963688
39012,0.061868347
39013,0.071901575
39014,0.06321547
39015,0.10476311
39016,0.09331238
39017,0.07784531
39018,0.2679337
39019,0.2727703
39020,0.13800289
39021,0.078159936
39022,0.06083252
39023,0.105400436
39024,0.05009215
39025,0.04933614
39026,0.03124256
39027,0.05391165
39028,0.058059912
39029,0.8695814
39030,0.7285107
39031,0.116311185
39032,0.08371468
39033,0.24273638
39034,0.14083593
39035,0.09104696
39036,0.59090275
39037,0.064626604
39038,0.07436186
39039,0.06937978
39040,0.09745795
39041,0.09073739
39042,0.8410792
39043,0.27485508
39044,0.13067366
39045,0.13023749
39046,1.0218374
39047,0.076346785
39048,0.2802408
39049,0.08842821
39050,0.046893965
39051,0.055230528
39052,0.28634095
39053,0.032112077
39054,0.025917001
39055,0.051869035
39056,0.070023336
39057,0.09196069
39058,0.5494226
39059,0.26939696
39060,0.27048305
39061,0.2773917
39062,0.15001561
39063,0.15754882
39064,0.28311867
39065,0.09583128
39066,0.09102148
39067,0.06834253
39068,0.06791715
39069,0.5397868
39070,0.28301787
39071,0.045724727
39072,0.5945606
39073,0.27553758
39074,0.053296935
39075,0.082665004
39076,0.07726918
39077,0.06616993
39078,0.013822518
39079,0.06026156
39080,0.069678895
39081,0.11429332
39082,0.105516754
39083,0.70318955
39084,0.6832981
39085,0.5776157
39086,0.5622841
39087,0.5741931
39088,0.12443699
39089,0.0958003
39090,0.062059116
39091,0.06665919
39092,0.06455873
39093,0.2795482
39094,0.08837548
39095,0.04404342
39096,0.0635727
39097,0.058797635
39098,0.042316016
39099,0.098262504
39100,0.065358646
39101,0.052208193
39102,0.04685095
39103,0.020788714
39104,0.01950006
39105,0.07326662
39106,0.084199995
39107,0.09942164
39108,0.6221035
39109,0.2687076
39110,0.50394106
39111,0.7831327
39112,0.7660026
39113,0.28546953
39114,0.08297777
39115,0.047734633
39116,0.0629432
39117,0.06947752
39118,0.08516106
39119,0.062305875
39120,0.9521458
39121,0.04598177
39122,0.061445706
39123,0.088671796
39124,0.068405434
39125,0.5642413
39126,0.09305511
39127,0.076052785
39128,0.074032985
39129,0.07284126
39130,0.015149811
39131,0.0069376873
39132,0.072491854
39133,0.08890514
39134,0.10369182
39135,0.53484696
39136,0.5494086
39137,0.56197613
39138,0.7587203
39139,0.57911366
39140,0.27472162
39141,0.08255189
39142,0.15349035
39143,0.06340192
39144,0.088833064
39145,0.043541647
39146,0.06581809
39147,0.051849436
39148,0.49211738
39149,0.062236946
39150,0.26846558
39151,0.0720197
39152,0.10326852
39153,0.09679096
39154,0.07905759
39155,0.072822
39156,0.06902468
39157,0.05280415
39158,0.031752184
39159,0.04974061
39160,0.06781722
39161,0.8985333
39162,0.6438839
39163,0.64976746
39164,0.4816995
39165,0.27423382
39166,0.0879923
39167,0.09113242
39168,0.033480994
39169,0.061057314
39170,0.049346324
39171,0.06584763
39172,0.077758715
39173,0.09181771
39174,0.032065883
39175,0.0726067
39176,0.05513792
39177,0.047464076
39178,0.30055442
39179,0.024555301
39180,0.09972414
39181,0.29726294
39182,0.12630068
39183,0.12309847
39184,0.09758298
39185,0.11255502
39186,0.07875476
39187,0.05202036
39188,0.052309785
39189,0.061544318
39190,0.10170294
39191,0.038771175
39192,0.052113846
39193,0.058543812
39194,0.11507336
39195,0.05392769
39196,0.0587921
39197,0.096175075
39198,0.03871456
39199,0.080548614
39200,0.07333219
39201,0.08030506
39202,0.27380794
39203,0.54481614
39204,0.11900689
39205,0.061102804
39206,0.08516292
39207,0.040272873
39208,0.050138224
39209,0.057839938
39210,0.0881601
39211,0.08616745
39212,0.057544895
39213,0.048538234
39214,0.0502957
39215,0.03178625
39216,0.0341104
39217,0.07328022
39218,0.09245105
39219,0.44719803
39220,0.06264549
39221,0.06229528
39222,0.08211567
39223,0.05175402
39224,0.106213264
39225,0.5680645
39226,0.113169596
39227,0.029332241
39228,0.2688999
39229,0.060800403
39230,0.04941156
39231,0.04773221
39232,0.08630029
39233,0.047003873
39234,0.26973212
39235,0.034181014
39236,0.0850894
39237,0.04402255
39238,0.04073827
39239,0.03764158
39240,0.07896494
39241,0.075285494
39242,0.65432805
39243,0.055475097
39244,0.045171145
39245,0.050663177
39246,0.07858245
39247,0.07207182
39248,0.066722564
39249,0.038233127
39250,0.27234071
39251,0.06310661
39252,0.06473813
39253,0.05302356
39254,0.05416129
39255,0.06934839
39256,0.26224187
39257,0.5075682
39258,0.06802602
39259,0.04688666
39260,0.5116812
39261,0.5479982
39262,0.114507325
39263,0.064761855
39264,0.04526298
39265,0.04911989
39266,0.05422772
39267,0.04233455
39268,0.051457793
39269,0.077581316
39270,0.077228814
39271,0.8691508
39272,0.073681496
39273,0.06310661
39274,0.063211106
39275,0.033439446
39276,0.058674853
39277,0.77471614
39278,0.08225007
39279,0.08993347
39280,0.055736378
39281,0.06702055
39282,0.044240203
39283,0.04542314
39284,0.025176223
39285,0.022219418
39286,0.065243
39287,0.057917386
39288,0.037546452
39289,0.03170377
39290,0.051078986
39291,0.035367906
39292,0.042478602
39293,0.08418854
39294,0.06424318
39295,0.06372743
39296,0.062028896
39297,0.0642313
39298,0.06996646
39299,0.07109021
39300,0.7169711
39301,0.07719169
39302,0.054934844
39303,0.06388373
39304,0.06736233
39305,0.043080118
39306,0.046499338
39307,0.026056739
39308,0.02014389
39309,0.2873862
39310,0.034158204
39311,0.051558975
39312,0.08032286
39313,0.09107748
39314,0.06181196
39315,0.06842854
39316,0.07180185
39317,0.06860857
39318,0.49573886
39319,0.060271263
39320,0.05272635
39321,0.065654635
39322,0.01024426
39323,0.0115212975
39324,0.03905909
39325,0.033110764
39326,0.01682649
39327,0.020529104
39328,0.042810664
39329,0.28675583
39330,0.06534488
39331,0.066275105
39332,0.047708623
39333,0.042920887
39334,0.041967086
39335,0.06943931
39336,0.3429258
39337,0.12631416
39338,0.020261101
39339,0.03698432
39340,0.039735816
39341,0.035480257
39342,0.037598982
39343,0.019279098
39344,0.032292914
39345,0.04079239
39346,0.08152945
39347,0.06377304
39348,0.06321735
39349,0.06758817
39350,0.28477222
39351,0.037665937
39352,0.010173862
39353,0.018252434
39354,0.04071546
39355,0.031632572
39356,0.031065173
39357,0.038650874
39358,0.02457193
39359,0.025109401
39360,0.08602031
39361,0.047362596
39362,0.07192104
39363,0.119755894
39364,0.043250684
39365,0.029662907
39366,0.035865422
39367,0.01808785
39368,0.07503447
39369,0.0883919
39370,0.066577226
39371,0.49031824
39372,0.041420136
39373,0.08076822
39374,0.040479124
39375,0.038178615
39376,0.026962772
39377,0.01081643
39378,0.021098306
39379,0.04615115
39380,0.022515902
39381,0.06773229
39382,0.085782304
39383,0.03331252
39384,0.043732677
39385,0.03144766
39386,0.01617668
39387,0.0274689
39388,0.025519762
39389,0.06583393
39390,0.06839678
39391,0.07273968
39392,0.10529785
39393,0.0047528874
39394,0.023248037
39395,0.021695422
39396,0.021511672
39397,0.022472352
39398,0.039799
39399,0.086589135
39400,0.3152952
39401,0.25281414
39402,0.027301164
39403,0.09773811
39404,0.0063513857
39405,0.010575219
39406,0.032267146
39407,0.038515553
39408,0.048962083
39409,0.050948963
39410,0.087341174
39411,0.06245075
39412,0.057922855
39413,0.022396356
39414,0.02940951
39415,0.06742745
39416,0.06675981
39417,0.06262635
39418,0.067957774
39419,0.2719287
39420,0.07135484
39421,0.089975394
39422,0.085150555
39423,0.06431385
39424,0.26749846
39425,0.06224418
39426,0.0650694
39427,0.28039286
39428,0.057243682
39429,0.26422688
39430,0.2675247
39431,0.059791043
39432,0.06653829
39433,0.054871593
39434,0.06298888
39435,0.020636844
39436,0.05382088
39437,0.049818538
39438,0.6577378
39439,0.11101635
39440,0.06607608
39441,0.26876467
39442,0.060367845
39443,0.05969523
39444,0.02222007
39445,0.06458122
39446,0.041500125
39447,0.47078633
39448,0.48609877
39449,0.0629644
39450,0.06376673
39451,0.07349411
39452,0.26895934
39453,0.059257217
39454,0.02501124
39455,0.029097205
39456,0.067020535
39457,0.058958467
39458,0.52846456
39459,0.11600901
39460,0.25946257
39461,0.5716589
39462,0.29422945
39463,0.0749347
39464,0.48914865
39465,0.061225522
39466,0.05313334
39467,0.05218536
39468,0.032396086
39469,0.042813715
39470,0.07129069
39471,0.07102772
39472,0.112748794
39473,0.08979302
39474,0.07586019
39475,0.49018645
39476,0.045473497
39477,0.054137804
39478,0.053859785
39479,0.052001663
39480,0.066774376
39481,0.024472427
39482,0.059058245
39483,0.07282673
39484,0.07749428
39485,0.10551553
39486,0.07406066
39487,0.050709438
39488,0.030629203
39489,0.4815413
39490,0.065316945
39491,0.27664945
39492,0.432777
39493,0.46243665
39494,0.047947474
39495,0.049884617
39496,0.049650133
39497,0.033095613
39498,0.06402396
39499,0.058758717
39500,0.09205094
39501,0.088163026
39502,0.09503515
39503,0.47435537
39504,0.045962524
39505,0.22814779
39506,0.039401148
39507,0.05381758
39508,0.28832954
39509,0.028537706
39510,0.053761404
39511,0.05784391
39512,0.08536516
39513,0.4895288
39514,0.05109113
39515,0.04703444
39516,0.035401966
39517,0.072381996
39518,0.072316006
39519,0.026047569
39520,0.02973886
39521,0.04970628
39522,0.08392875
39523,0.082493946
39524,0.05466514
39525,0.054484356
39526,0.029747967
39527,0.022985313
39528,0.027247474
39529,0.025787253
39530,0.07239764
39531,0.0669351
39532,0.09628281
39533,0.059581865
39534,0.09800238
39535,0.04940711
39536,0.03943439
39537,0.031703405
39538,0.06766038
39539,0.047912855
39540,0.046093762
39541,0.3551436
39542,0.5536684
39543,0.057404883
39544,0.05506237
39545,0.058162868
39546,0.05504803
39547,0.052910354
39548,0.07795591
39549,0.04725154
39550,0.056777406
39551,0.031258993
39552,0.024677869
39553,0.025769172
39554,0.050677463
39555,0.07239764
39556,0.07074257
39557,0.28017858
39558,0.70704955
39559,0.27739036
39560,0.06279723
39561,0.039019827
39562,0.029504128
39563,0.03306626
39564,0.051829968
39565,0.045682553
39566,0.4391554
39567,0.071880795
39568,0.49687353
39569,0.06025307
39570,0.0511335
39571,0.056844126
39572,0.04713226
39573,0.049656466
39574,0.05466514
39575,0.05389899
39576,0.036264166
39577,0.032776155
39578,0.025199829
39579,0.037679385
39580,0.037736658
39581,0.047396217
39582,0.07624755
39583,0.08701847
39584,0.09322462
39585,0.28133693
39586,0.5871531
39587,0.07064623
39588,0.0741817
39589,0.075549185
39590,0.070347376
39591,0.049751155
39592,0.058648672
39593,0.05535411
39594,0.063155
39595,0.04824112
39596,0.07435518
39597,0.047861375
39598,0.04091499
39599,0.054883063
39600,0.055426266
39601,0.05071899
39602,0.04384661
39603,0.03599886
39604,0.04039665
39605,0.082801044
39606,0.07403508
39607,0.092367254
39608,0.12271455
39609,0.29695827
39610,0.27656958
39611,0.067192726
39612,0.08239155
39613,0.07602805
39614,0.06914595
39615,0.060920708
39616,0.041743044
39617,0.057286475
39618,0.05744113
39619,0.050263774
39620,0.06533566
39621,0.05268653
39622,0.045008093
39623,0.044339146
39624,0.05209519
39625,0.03351319
39626,0.028633973
39627,0.27832857
39628,0.07115049
39629,0.101339914
39630,0.40796447
39631,0.1044271
39632,0.10590235
39633,0.07991295
39634,0.09158114
39635,0.07500125
39636,0.071410626
39637,0.054825157
39638,0.064526625
39639,0.25225538
39640,0.045663577
39641,0.083030306
39642,0.052356
39643,0.078901656
39644,0.0467236
39645,0.026389213
39646,0.025343275
39647,0.46228436
39648,0.065130055
39649,0.07174169
39650,0.11253247
39651,0.7453361
39652,0.11190711
39653,0.07412278
39654,0.08470805
39655,0.090270855
39656,0.25820184
39657,0.55424416
39658,0.06137544
39659,0.045975853
39660,0.046193596
39661,0.063605346
39662,0.06596381
39663,0.25166255
39664,0.06795543
39665,0.077575445
39666,0.077651575
39667,0.021015024
39668,0.040575664
39669,0.037816122
39670,0.121275656
39671,0.113522574
39672,0.08219166
39673,0.08651118
39674,0.24229646
39675,0.104287185
39676,0.08722074
39677,0.11447008
39678,0.16076808
39679,0.2558542
39680,0.0977409
39681,0.08033157
39682,0.053334814
39683,0.101231486
39684,0.92550415
39685,0.080318145
39686,0.0785387
39687,0.50660515
39688,0.08391508
39689,0.025918983
39690,0.042288985
39691,0.038542278
39692,0.058617596
39693,0.5970943
39694,0.25965688
39695,0.112108625
39696,0.09256545
39697,0.103323534
39698,0.0971069
39699,0.0995569
39700,0.1536938
39701,0.25374824
39702,0.08896372
39703,0.049945988
39704,0.09412967
39705,0.08614009
39706,0.10678069
39707,0.8263114
39708,0.07672112
39709,0.25930995
39710,0.03497067
39711,0.07346784
39712,0.046548266
39713,0.068314016
39714,0.049439628
39715,0.042736273
39716,0.0250787
39717,0.5460431
39718,0.0809609
39719,0.08461415
39720,0.2604512
39721,0.10818046
39722,0.12739353
39723,0.2621091
39724,0.086111054
39725,0.04000647
39726,0.124562725
39727,0.12716845
39728,0.09177241
39729,0.88379985
39730,0.8201454
39731,0.29830566
39732,0.06499834
39733,0.076048344
39734,0.06816096
39735,0.07299643
39736,0.040872816
39737,0.06147775
39738,0.05677998
39739,0.039354675
39740,0.08373688
39741,0.11701167
39742,0.084328264
39743,0.084145956
39744,0.10342109
39745,0.104332164
39746,0.12681709
39747,0.09609161
39748,0.084875494
39749,0.048369493
39750,0.11183539
39751,0.06110068
39752,0.09704676
39753,0.79646045
39754,0.81440973
39755,0.61221355
39756,0.07162328
39757,0.027516546
39758,0.07956516
39759,0.49109647
39760,0.041052435
39761,0.055373766
39762,0.052156042
39763,0.049993265
39764,0.049958404
39765,0.5233061
39766,0.07189042
39767,0.10763459
39768,0.111475274
39769,0.06807991
39770,0.07884693
39771,0.072130464
39772,0.5168021
39773,0.06586517
39774,0.11129205
39775,0.0846977
39776,0.09075678
39777,0.9332234
39778,0.8670865
39779,0.59622675
39780,0.08108751
39781,0.080247015
39782,0.061632328
39783,0.6182411
39784,0.09127784
39785,0.095328376
39786,0.053195793
39787,0.045991965
39788,0.017682806
39789,0.052254487
39790,0.041551817
39791,0.06420206
39792,0.053369112
39793,0.6001969
39794,0.53240734
39795,0.104096964
39796,0.108427286
39797,0.07753112
39798,0.066312425
39799,0.087494045
39800,0.07446184
39801,0.064051725
39802,0.062017925
39803,0.11489219
39804,0.11804576
39805,0.1089371
39806,0.04813318
39807,0.83514667
39808,0.90257293
39809,0.64909595
39810,0.056985524
39811,0.077687405
39812,0.0586985
39813,0.52145666
39814,0.104704134
39815,0.027842572
39816,0.025376985
39817,0.020372838
39818,0.066090204
39819,0.059200797
39820,0.85636884
39821,0.828949
39822,0.10463535
39823,0.104418956
39824,0.08607628
39825,0.14731325
39826,0.09031363
39827,0.09127781
39828,0.064416364
39829,0.06652629
39830,0.06399656
39831,0.07029707
39832,0.09010613
39833,0.27515557
39834,0.26332012
39835,0.13991424
39836,0.14515391
39837,0.079623565
39838,0.059468277
39839,0.0977513
39840,0.06378649
39841,0.05968725
39842,0.024908323
39843,0.04358528
39844,0.017862935
39845,0.06618201
39846,0.05477923
39847,0.28053677
39848,0.7395399
39849,0.097193345
39850,0.11945024
39851,0.06747593
39852,0.14385441
39853,0.08147316
39854,0.54558176
39855,0.059321802
39856,0.070406735
39857,0.096874274
39858,0.09908426
39859,0.26738763
39860,0.8957809
39861,0.14597125
39862,0.12698585
39863,1.0182093
39864,0.082555264
39865,0.06740852
39866,0.27961516
39867,0.09709927
39868,0.045921847
39869,0.6746866
39870,0.027420882
39871,0.01284472
39872,0.06103332
39873,0.0720719
39874,0.10565386
39875,0.55181605
39876,0.25365233
39877,0.27220717
39878,0.27344823
39879,0.14082403
39880,0.15582843
39881,0.28659934
39882,0.08913061
39883,0.098916836
39884,0.06877481
39885,0.060755447
39886,0.5186078
39887,0.27105212
39888,0.4911365
39889,0.26768664
39890,0.045908563
39891,0.087535776
39892,0.07986032
39893,0.06205182
39894,0.011608412
39895,0.01635705
39896,0.05107488
39897,0.07283022
39898,0.107575566
39899,0.2512235
39900,0.68509924
39901,0.6800175
39902,0.5361987
39903,0.27936137
39904,0.6121873
39905,0.121591754
39906,0.058852296
39907,0.067781955
39908,0.06559929
39909,0.26447144
39910,0.085730575
39911,0.038349357
39912,0.06250053
39913,0.06489449
39914,0.04466739
39915,0.08358203
39916,0.069502786
39917,0.0070422124
39918,0.011540337
39919,0.07341188
39920,0.09062609
39921,0.102102354
39922,0.24905859
39923,0.26596192
39924,0.539638
39925,0.70095676
39926,0.7321075
39927,0.2876789
39928,0.085072465
39929,0.053553145
39930,0.06747766
39931,0.06668559
39932,0.07740396
39933,0.066917636
39934,0.97919935
39935,0.052013237
39936,0.06100167
39937,0.084850945
39938,0.073767856
39939,0.5283376
39940,0.10870405
39941,0.08041217
39942,0.07970672
39943,0.06090216
39944,0.01338159
39945,0.0048264633
39946,0.06837495
39947,0.08913318
39948,0.10282744
39949,0.5853422
39950,0.51989967
39951,0.51629364
39952,0.7533216
39953,0.53174293
39954,0.28754267
39955,0.080974944
39956,0.06963028
39957,0.0663885
39958,0.08232849
39959,0.041822333
39960,0.05780289
39961,0.049436767
39962,0.47342142
39963,0.05280153
39964,0.26603347
39965,0.064265154
39966,0.09979089
39967,0.097816974
39968,0.0871089
39969,0.085096285
39970,0.068206534
39971,0.05589077
39972,0.034717873
39973,0.06371599
39974,0.8570606
39975,0.6467303
39976,0.6593143
39977,0.46777466
39978,0.2551734
39979,0.09647546
39980,0.09435955
39981,0.06262778
39982,0.06024025
39983,0.11249618
39984,0.08904884
39985,0.088339865
39986,0.061052863
39987,0.040056128
39988,0.051327944
39989,0.271166
39990,0.030576576
39991,0.09553637
39992,0.08727448
39993,0.07479727
39994,0.12797087
39995,0.11955222
39996,0.09790097
39997,0.10820099
39998,0.034913223
39999,0.08058265
40000,0.05027463
40001,0.048158675
40002,0.06250093
40003,0.09677145
40004,0.049081653
40005,0.049081653
40006,0.109183535
40007,0.057426013
40008,0.06108217
40009,0.09362144
40010,0.037066452
40011,0.071036674
40012,0.07655268
40013,0.08369192
40014,0.27048615
40015,0.57049835
40016,0.11316216
40017,0.09358898
40018,0.05195058
40019,0.04875374
40020,0.06261254
40021,0.090246715
40022,0.08910162
40023,0.038008172
40024,0.05010171
40025,0.030107921
40026,0.06572817
40027,0.093851976
40028,0.47428805
40029,0.05418101
40030,0.04904869
40031,0.07783373
40032,0.039741468
40033,0.11022364
40034,0.5922396
40035,0.11340569
40036,0.06034125
40037,0.060546607
40038,0.043875694
40039,0.04810459
40040,0.27773097
40041,0.087088875
40042,0.27135098
40043,0.05389796
40044,0.037259217
40045,0.075490125
40046,0.05170766
40047,0.03813237
40048,0.047091845
40049,0.053838976
40050,0.28298998
40051,0.05740947
40052,0.04574275
40053,0.05155572
40054,0.07075821
40055,0.0779891
40056,0.25558695
40057,0.038477626
40058,0.08837981
40059,0.06273009
40060,0.057810992
40061,0.05389796
40062,0.0472019
40063,0.06851484
40064,0.07598279
40065,0.28908527
40066,0.27688313
40067,0.035558876
40068,0.070474155
40069,0.04276224
40070,0.026571961
40071,0.46577144
40072,0.54985607
40073,0.11925813
40074,0.057772502
40075,0.029768424
40076,0.04827361
40077,0.051403116
40078,0.041287232
40079,0.04630763
40080,0.075736746
40081,0.07380096
40082,0.94607097
40083,0.07905495
40084,0.057573732
40085,0.0660604
40086,0.05216195
40087,0.032874953
40088,0.07587498
40089,0.7634553
40090,0.0925202
40091,0.084581055
40092,0.060315322
40093,0.062210627
40094,0.053854797
40095,0.049169283
40096,0.019871747
40097,0.013546249
40098,0.052201472
40099,0.05240942
40100,0.03377142
40101,0.036362994
40102,0.05202194
40103,0.05267539
40104,0.050507322
40105,0.07778159
40106,0.069744356
40107,0.0702453
40108,0.088916324
40109,0.059811257
40110,0.05688574
40111,0.07169091
40112,0.031041497
40113,0.06866627
40114,0.8026377
40115,0.08150194
40116,0.059394564
40117,0.06580951
40118,0.04588589
40119,0.023482293
40120,0.274543
40121,0.031143403
40122,0.03511331
40123,0.033281006
40124,0.05041334
40125,0.08783247
40126,0.074110426
40127,0.5244391
40128,0.06033288
40129,0.06398392
40130,0.06884419
40131,0.018708901
40132,0.02036393
40133,0.039272517
40134,0.029117566
40135,0.036661495
40136,0.02194444
40137,0.04416213
40138,0.09256252
40139,0.0693089
40140,0.06405624
40141,0.047219507
40142,0.04325248
40143,0.023182599
40144,0.05907632
40145,0.12241548
40146,0.09408206
40147,0.021676218
40148,0.01458481
40149,0.038750205
40150,0.03128425
40151,0.038076643
40152,0.020418275
40153,0.02260962
40154,0.024687141
40155,0.042452045
40156,0.09007053
40157,0.065969914
40158,0.06580049
40159,0.02880206
40160,0.06217483
40161,0.29045168
40162,0.036602058
40163,0.01248473
40164,0.020131025
40165,0.03461987
40166,0.032077722
40167,0.04030056
40168,0.027264783
40169,0.06316873
40170,0.06478722
40171,0.04661261
40172,0.029945767
40173,0.027533004
40174,0.041236147
40175,0.04386453
40176,0.024104005
40177,0.070379086
40178,0.0973072
40179,0.63665986
40180,0.039748155
40181,0.08763432
40182,0.029335372
40183,0.022844905
40184,0.018939406
40185,0.013864317
40186,0.038452014
40187,0.033650536
40188,0.07421126
40189,0.08559023
40190,0.06272134
40191,0.03760343
40192,0.040104233
40193,0.037450317
40194,0.033455115
40195,0.03345949
40196,0.022142027
40197,0.06788379
40198,0.06916343
40199,0.09548157
40200,0.10818456
40201,0.092637956
40202,0.014473149
40203,0.013867745
40204,0.019770913
40205,0.014829918
40206,0.02099358
40207,0.045485165
40208,0.08716537
40209,0.33434707
40210,0.08033511
40211,0.029581556
40212,0.039338633
40213,0.026049322
40214,0.018420322
40215,0.028912846
40216,0.017602455
40217,0.02386841
40218,0.037121896
40219,0.06322338
40220,0.055890925
40221,0.053555455
40222,0.029070597
40223,0.041090243
40224,0.07058183
40225,0.086958274
40226,0.057196513
40227,0.056559674
40228,0.29466176
40229,0.061367568
40230,0.284777
40231,0.057263345
40232,0.06767311
40233,0.065503486
40234,0.09430583
40235,0.6439205
40236,0.09048754
40237,0.053264573
40238,0.0658596
40239,0.06349696
40240,0.06573588
40241,0.018656056
40242,0.05790908
40243,0.5942561
40244,0.14783221
40245,0.070042215
40246,0.08469508
40247,0.06564656
40248,0.055206545
40249,0.029147374
40250,0.016725676
40251,0.059955914
40252,0.07059347
40253,0.45746908
40254,0.4531218
40255,0.06380929
40256,0.061209
40257,0.06778828
40258,0.25404838
40259,0.022800783
40260,0.07472878
40261,0.0493111
40262,0.11674878
40263,0.47612646
40264,0.10534177
40265,0.09603893
40266,0.5983711
40267,0.28311208
40268,0.0725479
40269,0.4978923
40270,0.05383436
40271,0.051641066
40272,0.03610673
40273,0.037677437
40274,0.074902646
40275,0.07776681
40276,0.104364514
40277,0.09317105
40278,0.061519403
40279,0.07380139
40280,0.4445429
40281,0.054357357
40282,0.042945873
40283,0.055515606
40284,0.042014737
40285,0.0818541
40286,0.07854393
40287,0.094723344
40288,0.07335638
40289,0.05204879
40290,0.26709074
40291,0.25613126
40292,0.073626876
40293,0.36114377
40294,0.4532611
40295,0.04296255
40296,0.048139237
40297,0.053692743
40298,0.03331478
40299,0.029361984
40300,0.026852941
40301,0.061234288
40302,0.0577288
40303,0.096083105
40304,0.08229634
40305,0.08511356
40306,0.50563014
40307,0.04190262
40308,0.041443966
40309,0.047390934
40310,0.49019292
40311,0.027041186
40312,0.05693833
40313,0.05000418
40314,0.093421586
40315,0.090148844
40316,0.49874276
40317,0.045468554
40318,0.04497747
40319,0.047772806
40320,0.0694667
40321,0.071643755
40322,0.028877249
40323,0.04789611
40324,0.07006829
40325,0.08235583
40326,0.05424954
40327,0.04386248
40328,0.027607918
40329,0.03089846
40330,0.016301043
40331,0.07012631
40332,0.072190344
40333,0.110693626
40334,0.055925477
40335,0.096397474
40336,0.049736068
40337,0.03917489
40338,0.035958935
40339,0.033449404
40340,0.06413055
40341,0.052382205
40342,0.6115223
40343,0.5907665
40344,0.05804604
40345,0.059886
40346,0.052454513
40347,0.05772238
40348,0.043179512
40349,0.042560376
40350,0.07567418
40351,0.0559494
40352,0.25539273
40353,0.019962937
40354,0.02689045
40355,0.019415893
40356,0.07070831
40357,0.06614797
40358,0.09730327
40359,0.27750328
40360,0.2679334
40361,0.05532697
40362,0.042660188
40363,0.03908685
40364,0.038601343
40365,0.04618601
40366,0.26031154
40367,0.06947798
40368,0.51230633
40369,0.058430858
40370,0.054339245
40371,0.04769987
40372,0.04916417
40373,0.024833702
40374,0.048973173
40375,0.074380204
40376,0.107530035
40377,0.09309647
40378,0.28503177
40379,0.56331724
40380,0.069348276
40381,0.061792362
40382,0.07301536
40383,0.07119392
40384,0.04027704
40385,0.04106849
40386,0.057777848
40387,0.04961829
40388,0.04959394
40389,0.075377546
40390,0.046125107
40391,0.06761353
40392,0.03580005
40393,0.05625816
40394,0.048374295
40395,0.044027448
40396,0.04441249
40397,0.033385973
40398,0.03375766
40399,0.08338235
40400,0.07373203
40401,0.104119085
40402,0.12174055
40403,0.2895557
40404,0.1602166
40405,0.06685531
40406,0.07660031
40407,0.07389546
40408,0.059543837
40409,0.058552142
40410,0.047119025
40411,0.048414905
40412,0.045404855
40413,0.04092894
40414,0.04851173
40415,0.05372567
40416,0.035449445
40417,0.04064941
40418,0.03135359
40419,0.04783215
40420,0.0840634
40421,0.07870078
40422,0.11281228
40423,0.942669
40424,0.111859664
40425,0.10633001
40426,0.07354378
40427,0.08810685
40428,0.07256139
40429,0.0834403
40430,0.07014031
40431,0.07960862
40432,0.25933695
40433,0.05300587
40434,0.069302134
40435,0.046608187
40436,0.076565385
40437,0.05373015
40438,0.036119368
40439,0.25583544
40440,0.07309877
40441,0.08450617
40442,0.120074674
40443,0.760451
40444,0.10919151
40445,0.07232116
40446,0.086991616
40447,0.09008287
40448,0.07464896
40449,0.30200395
40450,0.06290365
40451,0.048886493
40452,0.044297755
40453,0.07032049
40454,0.060396988
40455,0.26743656
40456,0.0582376
40457,0.07800312
40458,0.07839965
40459,0.0341605
40460,0.03569365
40461,0.030232752
40462,0.03553732
40463,0.034853395
40464,0.11431119
40465,0.10437381
40466,0.08695486
40467,0.09633209
40468,0.26476353
40469,0.10087533
40470,0.0942721
40471,0.10323687
40472,0.15249497
40473,0.26557237
40474,0.09676161
40475,0.049945023
40476,0.08424419
40477,0.08122091
40478,0.7443332
40479,0.07852415
40480,0.07386269
40481,0.5090619
40482,0.07482624
40483,0.043222904
40484,0.053351488
40485,0.2695782
40486,0.25701258
40487,0.09675788
40488,0.09286047
40489,0.09188906
40490,0.08320906
40491,0.10783161
40492,0.15700047
40493,0.25684604
40494,0.08840031
40495,0.05078018
40496,0.07555962
40497,0.0823212
40498,0.099354826
40499,0.83435416
40500,0.08062277
40501,0.25695866
40502,0.033838607
40503,0.03436165
40504,0.05123939
40505,0.059727956
40506,0.046419848
40507,0.040936764
40508,0.038302355
40509,0.5338707
40510,0.09029329
40511,0.08232509
40512,0.110073455
40513,0.10776929
40514,0.12829024
40515,0.2579436
40516,0.08558484
40517,0.043982636
40518,0.12631045
40519,0.1184221
40520,0.102261685
40521,0.9211113
40522,0.85341775
40523,0.3033468
40524,0.07240218
40525,0.0729058
40526,0.033405446
40527,0.05454035
40528,0.058880247
40529,0.05053359
40530,0.02304179
40531,0.09675788
40532,0.11437586
40533,0.08497023
40534,0.08820041
40535,0.099871345
40536,0.102993734
40537,0.119719066
40538,0.092986375
40539,0.0859652
40540,0.043906804
40541,0.0514582
40542,0.2694181
40543,0.09933014
40544,0.76384324
40545,0.8223331
40546,0.60649174
40547,0.07486992
40548,0.06739456
40549,0.4704812
40550,0.041475214
40551,0.12291851
40552,0.058826387
40553,0.05039326
40554,0.06374752
40555,0.048115917
40556,0.05606118
40557,0.5885342
40558,0.07151024
40559,0.10054886
40560,0.08128806
40561,0.07277161
40562,0.069231324
40563,0.07014874
40564,0.08042933
40565,0.059540138
40566,0.11606453
40567,0.082577564
40568,0.07301853
40569,0.9388694
40570,0.8390356
40571,0.67458767
40572,0.07751086
40573,0.07851721
40574,0.0566345
40575,0.3751685
40576,0.09526276
40577,0.29327753
40578,0.05433081
40579,0.056171037
40580,0.059233144
40581,0.038885154
40582,0.056454882
40583,0.053366147
40584,0.58282846
40585,0.5488323
40586,0.104029916
40587,0.10833756
40588,0.07690759
40589,0.079786375
40590,0.0862362
40591,0.07433582
40592,0.059329774
40593,0.059540138
40594,0.11417524
40595,0.11558301
40596,0.0815584
40597,0.09251378
40598,0.042343237
40599,0.8702238
40600,0.86956924
40601,0.6997491
40602,0.061112925
40603,0.07827031
40604,0.060662027
40605,0.43717527
40606,0.09663484
40607,0.01825386
40608,0.018765809
40609,0.059531547
40610,0.056996737
40611,0.8207282
40612,0.8298843
40613,0.12016507
40614,0.11593629
40615,0.081216104
40616,0.15061495
40617,0.09166652
40618,0.09664818
40619,0.060938705
40620,0.060785346
40621,0.06543406
40622,0.07399241
40623,0.09777086
40624,0.09852054
40625,0.26555017
40626,0.13014361
40627,0.12773223
40628,0.058808766
40629,0.07760714
40630,0.076147445
40631,0.054594535
40632,0.09877736
40633,0.049609605
40634,0.048118167
40635,0.031962305
40636,0.041209213
40637,0.04142202
40638,0.05405643
40639,0.06088479
40640,0.27723813
40641,0.7652782
40642,0.10566157
40643,0.25612733
40644,0.06487093
40645,0.14814793
40646,0.08417991
40647,0.61451805
40648,0.05723268
40649,0.068698525
40650,0.0649959
40651,0.10278795
40652,0.09919075
40653,0.27099696
40654,0.9408032
40655,0.12865026
40656,0.1323656
40657,1.002424
40658,0.08508634
40659,0.076342
40660,0.075181924
40661,0.24653305
40662,0.05048685
40663,0.070281215
40664,0.5723444
40665,0.036497883
40666,0.037489947
40667,0.06378266
40668,0.07097021
40669,0.0908731
40670,0.5090781
40671,0.55840695
40672,0.27178976
40673,0.26160342
40674,0.14591108
40675,0.16188426
40676,0.28849214
40677,0.09528922
40678,0.061761487
40679,0.059155107
40680,0.47319075
40681,0.2516157
40682,0.13278888
40683,0.48395956
40684,0.26639974
40685,0.046383735
40686,0.08339063
40687,0.06863467
40688,0.06242464
40689,0.015951116
40690,0.011530798
40691,0.047559083
40692,0.07191875
40693,0.10813629
40694,0.10719944
40695,0.6796896
40696,0.68965876
40697,0.26987004
40698,0.26944786
40699,0.622958
40700,0.12415791
40701,0.08895416
40702,0.054975156
40703,0.06545991
40704,0.07412545
40705,0.26955003
40706,0.07981659
40707,0.040212847
40708,0.07042472
40709,0.065023094
40710,0.047066495
40711,0.08316598
40712,0.055467274
40713,0.04012824
40714,0.057700165
40715,0.06836105
40716,0.02266845
40717,0.005331288
40718,0.08384187
40719,0.09647543
40720,0.10333872
40721,0.24911962
40722,0.15013765
40723,0.52353287
40724,0.7857137
40725,0.70260715
40726,0.27629295
40727,0.08235407
40728,0.053564493
40729,0.060803972
40730,0.06094391
40731,0.08873058
40732,0.93247426
40733,0.052155692
40734,0.0614956
40735,0.08603047
40736,0.069747366
40737,0.25213188
40738,0.0987983
40739,0.0864166
40740,0.07765782
40741,0.059114628
40742,0.06853098
40743,0.09095877
40744,0.10378758
40745,0.5788661
40746,0.53203315
40747,0.5601539
40748,0.7188291
40749,0.2524079
40750,0.2870895
40751,0.08064016
40752,0.06597438
40753,0.08836329
40754,0.039655022
40755,0.06527864
40756,0.053825133
40757,0.50099117
40758,0.058218688
40759,0.25532606
40760,0.070235215
40761,0.09556289
40762,0.09495075
40763,0.076073274
40764,0.083747044
40765,0.059831522
40766,0.0674965
40767,0.030454021
40768,0.070213094
40769,0.87194407
40770,0.6484872
40771,0.6353813
40772,0.50455844
40773,0.12417135
40774,0.09633021
40775,0.10611287
40776,0.025496125
40777,0.037082713
40778,0.0653953
40779,0.06067939
40780,0.057158556
40781,0.08612362
40782,0.08584523
40783,0.037218936
40784,0.05558414
40785,0.06038516
40786,0.048210725
40787,0.269325
40788,0.030008053
40789,0.104132
40790,0.085905135
40791,0.07633023
40792,0.0678376
40793,0.12313903
40794,0.12633456
40795,0.09965407
40796,0.10980765
40797,0.077541575
40798,0.047061678
40799,0.049299993
40800,0.05767246
40801,0.088442355
40802,0.094434604
40803,0.040841065
40804,0.045471683
40805,0.045067873
40806,0.11280809
40807,0.06346324
40808,0.09907822
40809,0.040610146
40810,0.07128478
40811,0.09443295
40812,0.07945641
40813,0.27200657
40814,0.66951394
40815,0.11997564
40816,0.04932693
40817,0.060169622
40818,0.041659348
40819,0.08612362
40820,0.08912334
40821,0.037057403
40822,0.051276483
40823,0.03751147
40824,0.022699842
40825,0.026052939
40826,0.068012595
40827,0.09312679
40828,0.4341324
40829,0.048846673
40830,0.049219478
40831,0.08031819
40832,0.03422177
40833,0.10725448
40834,0.26571622
40835,0.28724784
40836,0.028985387
40837,0.26619333
40838,0.05818147
40839,0.04810434
40840,0.052831646
40841,0.27930236
40842,0.081739835
40843,0.05037122
40844,0.03254681
40845,0.07164915
40846,0.04380606
40847,0.033687502
40848,0.0378678
40849,0.04826773
40850,0.07520088
40851,0.1123881
40852,0.05591192
40853,0.046180334
40854,0.046078887
40855,0.08302211
40856,0.0826191
40857,0.26455706
40858,0.03992051
40859,0.25765157
40860,0.06868057
40861,0.06495585
40862,0.06590117
40863,0.06633952
40864,0.26582563
40865,0.059039515
40866,0.29985568
40867,0.032366265
40868,0.08100977
40869,0.046063963
40870,0.025957957
40871,0.48764294
40872,0.55921096
40873,0.115007445
40874,0.063167855
40875,0.03737745
40876,0.053213928
40877,0.04921554
40878,0.041951966
40879,0.04439689
40880,0.07592565
40881,0.07518011
40882,0.94551754
40883,0.07656579
40884,0.07563841
40885,0.056978423
40886,0.061490577
40887,0.049945634
40888,0.043715935
40889,0.06977417
40890,0.3161698
40891,0.08103018
40892,0.07919903
40893,0.066719875
40894,0.041876324
40895,0.046814058
40896,0.015282581
40897,0.056657802
40898,0.056458544
40899,0.02979663
40900,0.039197326
40901,0.04183825
40902,0.047176156
40903,0.26633483
40904,0.07295456
40905,0.072167665
40906,0.07433159
40907,0.062139437
40908,0.06558027
40909,0.06341596
40910,0.034780502
40911,0.07316697
40912,0.70533115
40913,0.08342185
40914,0.058950484
40915,0.052089583
40916,0.06548852
40917,0.058378123
40918,0.045407977
40919,0.017844573
40920,0.019597229
40921,0.27410495
40922,0.030501073
40923,0.03543993
40924,0.049572565
40925,0.0901167
40926,0.06348235
40927,0.07051702
40928,0.07449127
40929,0.07749938
40930,0.27763918
40931,0.05991152
40932,0.060258247
40933,0.06488529
40934,0.01521464
40935,0.015476108
40936,0.03853322
40937,0.03337072
40938,0.023194157
40939,0.019584604
40940,0.05243507
40941,0.08581418
40942,0.061676428
40943,0.06620964
40944,0.036014635
40945,0.04517415
40946,0.029103931
40947,0.033723008
40948,0.06527042
40949,0.11825743
40950,0.12236959
40951,0.023652043
40952,0.043049715
40953,0.08228861
40954,0.069750234
40955,0.06416587
40956,0.02997244
40957,0.047733344
40958,0.25973374
40959,0.03539862
40960,0.00984622
40961,0.024560612
40962,0.037253734
40963,0.05502846
40964,0.03347929
40965,0.066454396
40966,0.06630676
40967,0.055438396
40968,0.033370014
40969,0.03194037
40970,0.034444463
40971,0.029088423
40972,0.024584085
40973,0.09444549
40974,0.31048384
40975,0.03152229
40976,0.05288787
40977,0.037577134
40978,0.027175909
40979,0.010370337
40980,0.008008885
40981,0.04116058
40982,0.026393931
40983,0.06888688
40984,0.05889837
40985,0.08397408
40986,0.0729603
40987,0.03608554
40988,0.02487413
40989,0.013547305
40990,0.026819287
40991,0.06885372
40992,0.089671426
40993,0.110890314
40994,0.0127763515
40995,0.0123712905
40996,0.029550998
40997,0.047691077
40998,0.29442978
40999,0.25049525
41000,0.12599885
41001,0.03520558
41002,0.017841808
41003,0.023028944
41004,0.077549525
41005,0.055952456
41006,0.052096274
41007,0.08599242
41008,0.1080415
41009,0.06251385
41010,0.07982281
41011,0.056042098
41012,0.060854852
41013,0.06012174
41014,0.053595554
41015,0.08159479
41016,0.1087518
41017,0.098867215
41018,0.05199198
41019,0.060811277
41020,0.020945089
41021,0.05427184
41022,0.055593967
41023,0.6567834
41024,0.114613466
41025,0.2675693
41026,0.05573652
41027,0.019430872
41028,0.020530565
41029,0.021953098
41030,0.07442106
41031,0.4036826
41032,0.42309546
41033,0.055228423
41034,0.06361735
41035,0.059546348
41036,0.058353215
41037,0.0519139
41038,0.021845927
41039,0.033699133
41040,0.06810034
41041,0.076797344
41042,0.27850705
41043,0.0904357
41044,0.082713105
41045,0.62351054
41046,0.28569728
41047,0.5447129
41048,0.051938646
41049,0.05535342
41050,0.051241487
41051,0.037002765
41052,0.07003445
41053,0.084171176
41054,0.09882397
41055,0.094802156
41056,0.06303606
41057,0.07145335
41058,0.071577944
41059,0.29627785
41060,0.05169928
41061,0.050739117
41062,0.042062193
41063,0.055149484
41064,0.023378065
41065,0.07079293
41066,0.091657676
41067,0.07164955
41068,0.052240122
41069,0.02313116
41070,0.07974877
41071,0.056388564
41072,0.09092174
41073,0.51956713
41074,0.4709832
41075,0.054571345
41076,0.053778872
41077,0.03254862
41078,0.06418226
41079,0.09723869
41080,0.084902145
41081,0.086089835
41082,0.38922137
41083,0.032029904
41084,0.041074693
41085,0.026831567
41086,0.05522165
41087,0.059148267
41088,0.06439733
41089,0.029734464
41090,0.055609394
41091,0.05409319
41092,0.087272525
41093,0.52979606
41094,0.050138675
41095,0.04785401
41096,0.04034221
41097,0.05970197
41098,0.06841735
41099,0.050573014
41100,0.07413348
41101,0.10659004
41102,0.055677086
41103,0.049931332
41104,0.034871854
41105,0.027981477
41106,0.025984136
41107,0.013091046
41108,0.07726267
41109,0.071450025
41110,0.09913351
41111,0.06671253
41112,0.08758267
41113,0.04861947
41114,0.036609475
41115,0.03990303
41116,0.027794441
41117,0.07119976
41118,0.047117375
41119,0.04362737
41120,0.50775224
41121,0.59048074
41122,0.05410802
41123,0.055770047
41124,0.05300181
41125,0.040538423
41126,0.038696762
41127,0.06824387
41128,0.027665062
41129,0.052910946
41130,0.24453956
41131,0.026051817
41132,0.02482343
41133,0.023002302
41134,0.07144721
41135,0.0642284
41136,0.1050599
41137,0.2674132
41138,0.26825657
41139,0.05715558
41140,0.053167973
41141,0.035321493
41142,0.033750102
41143,0.04880385
41144,0.44541982
41145,0.06892303
41146,0.598446
41147,0.057446685
41148,0.05252731
41149,0.053986665
41150,0.045117877
41151,0.051058393
41152,0.030466262
41153,0.040149555
41154,0.036992896
41155,0.042858694
41156,0.07763561
41157,0.08792435
41158,0.09036761
41159,0.116822615
41160,0.6065563
41161,0.06425537
41162,0.071886554
41163,0.07418204
41164,0.07272625
41165,0.07852179
41166,0.04380369
41167,0.04747182
41168,0.058611166
41169,0.0485723
41170,0.05303376
41171,0.07004412
41172,0.045959715
41173,0.032831334
41174,0.06032141
41175,0.04993006
41176,0.04644083
41177,0.03518872
41178,0.04258135
41179,0.075356394
41180,0.08217284
41181,0.086130016
41182,0.11754053
41183,0.2893313
41184,0.15882218
41185,0.23214298
41186,0.0736105
41187,0.074756235
41188,0.063747264
41189,0.04380369
41190,0.060183544
41191,0.04707438
41192,0.050853956
41193,0.055976167
41194,0.051329978
41195,0.033651594
41196,0.06396107
41197,0.047296513
41198,0.03264187
41199,0.03229131
41200,0.08668332
41201,0.06667062
41202,0.096201025
41203,0.893007
41204,0.11318638
41205,0.11105418
41206,0.07298204
41207,0.088479996
41208,0.07137394
41209,0.07190502
41210,0.06004912
41211,0.04458169
41212,0.25789315
41213,0.049316924
41214,0.066518046
41215,0.051348925
41216,0.07649045
41217,0.048808724
41218,0.024919858
41219,0.029481228
41220,0.06435412
41221,0.067562155
41222,0.09872491
41223,0.8197097
41224,0.10463439
41225,0.06617738
41226,0.074407086
41227,0.090508364
41228,0.076041006
41229,0.28602213
41230,0.0645874
41231,0.05437154
41232,0.042424046
41233,0.07378928
41234,0.0682967
41235,0.06418227
41236,0.06609231
41237,0.27274936
41238,0.07537703
41239,0.033691294
41240,0.031201432
41241,0.038354
41242,0.038424592
41243,0.0983053
41244,0.117301404
41245,0.093583755
41246,0.08978909
41247,0.08561338
41248,0.09070012
41249,0.0839666
41250,0.11030704
41251,0.1492565
41252,0.26910597
41253,0.09628072
41254,0.048517734
41255,0.07703009
41256,0.08373942
41257,0.8241004
41258,0.27472657
41259,0.49091306
41260,0.076649934
41261,0.03517793
41262,0.030929267
41263,0.031817492
41264,0.05832093
41265,0.57879496
41266,0.24411486
41267,0.09693681
41268,0.08847972
41269,0.08981267
41270,0.090818115
41271,0.10639685
41272,0.15446778
41273,0.25750187
41274,0.08443169
41275,0.04896522
41276,0.09251905
41277,0.06683363
41278,0.086411096
41279,0.87052006
41280,0.077463925
41281,0.57846165
41282,0.033879407
41283,0.07544126
41284,0.023778956
41285,0.057819728
41286,0.06659746
41287,0.04806385
41288,0.038415413
41289,0.5004689
41290,0.07845457
41291,0.08701598
41292,0.11701783
41293,0.12412692
41294,0.12633395
41295,0.2709961
41296,0.086788274
41297,0.03696616
41298,0.26989982
41299,0.12009754
41300,0.098896846
41301,0.9045194
41302,0.84225255
41303,0.3040411
41304,0.07081692
41305,0.2946624
41306,0.06098368
41307,0.062424406
41308,0.06878691
41309,0.123242766
41310,0.09437967
41311,0.09073721
41312,0.10693992
41313,0.10850056
41314,0.12322289
41315,0.09635367
41316,0.08510126
41317,0.044307124
41318,0.051102277
41319,0.5507521
41320,0.05028007
41321,0.100843966
41322,0.8490328
41323,0.88616836
41324,0.5869958
41325,0.06909957
41326,0.5473804
41327,0.041265417
41328,0.03145746
41329,0.05076355
41330,0.048626836
41331,0.05213774
41332,0.051699664
41333,0.5292219
41334,0.07388787
41335,0.0978555
41336,0.11075767
41337,0.06368748
41338,0.08834307
41339,0.07663159
41340,0.09017393
41341,0.059401322
41342,0.08838663
41343,0.117273
41344,0.08058936
41345,0.073052295
41346,0.9794714
41347,0.8479864
41348,0.7520792
41349,0.078240536
41350,0.07345676
41351,0.056631014
41352,0.54183394
41353,0.09184005
41354,0.29363897
41355,0.050510723
41356,0.03579114
41357,0.036279473
41358,0.061768744
41359,0.04802526
41360,0.051374525
41361,0.052647438
41362,0.57813716
41363,0.57888347
41364,0.10570345
41365,0.080468096
41366,0.08969305
41367,0.06908192
41368,0.07891021
41369,0.0807566
41370,0.06304816
41371,0.06258769
41372,0.115058675
41373,0.113414094
41374,0.08310824
41375,0.08850142
41376,0.045459256
41377,0.75488544
41378,0.8547429
41379,0.6618924
41380,0.05607839
41381,0.07960937
41382,0.5333462
41383,0.017146122
41384,0.022434158
41385,0.02301918
41386,0.05297201
41387,0.061079253
41388,0.83912396
41389,0.80752206
41390,0.10140688
41391,0.09022301
41392,0.07177446
41393,0.14661323
41394,0.09975863
41395,0.09072663
41396,0.0637393
41397,0.06463092
41398,0.06353656
41399,0.070093855
41400,0.096230656
41401,0.09558098
41402,0.2605241
41403,0.266214
41404,0.1429756
41405,0.054939356
41406,0.08089544
41407,0.0544428
41408,0.25963682
41409,0.051918957
41410,0.049831674
41411,0.016775684
41412,0.044480827
41413,0.016396144
41414,0.029583706
41415,0.04952303
41416,0.28029317
41417,0.7506022
41418,0.10891921
41419,0.103530385
41420,0.07377508
41421,0.16939507
41422,0.089332804
41423,0.60300887
41424,0.061974015
41425,0.07131616
41426,0.09218848
41427,0.08982834
41428,0.26433387
41429,0.97866875
41430,0.27136078
41431,0.13083275
41432,1.0469793
41433,0.07839654
41434,0.072232574
41435,0.053065438
41436,0.1007895
41437,0.044370744
41438,0.050171476
41439,0.6086503
41440,0.035823267
41441,0.013866797
41442,0.049612395
41443,0.072704956
41444,0.08886461
41445,0.536393
41446,0.2435241
41447,0.27357134
41448,0.26874056
41449,0.14030604
41450,0.15747638
41451,0.2763368
41452,0.095490634
41453,0.0955549
41454,0.06905704
41455,0.064226404
41456,0.56065476
41457,0.26254576
41458,0.03504343
41459,0.27078247
41460,0.53613544
41461,0.046065863
41462,0.08301213
41463,0.07221525
41464,0.009270016
41465,0.020701185
41466,0.048271067
41467,0.07009873
41468,0.10891457
41469,0.1048709
41470,0.6932281
41471,0.6488493
41472,0.5353084
41473,0.1403796
41474,0.62120616
41475,0.120144226
41476,0.091718614
41477,0.053476833
41478,0.06922046
41479,0.064891644
41480,0.26788306
41481,0.08383923
41482,0.032487758
41483,0.07111572
41484,0.056057587
41485,0.048327945
41486,0.083040126
41487,0.061650474
41488,0.06582619
41489,0.04955521
41490,0.04957926
41491,0.050611403
41492,0.0140863545
41493,0.0027763313
41494,0.07075683
41495,0.08886461
41496,0.099678524
41497,0.24416746
41498,0.15547918
41499,0.5501821
41500,0.7879829
41501,0.7924198
41502,0.122241974
41503,0.07726003
41504,0.065879405
41505,0.082662076
41506,0.043010816
41507,0.06704265
41508,0.89971244
41509,0.052982558
41510,0.07974041
41511,0.07060086
41512,0.26331142
41513,0.083752885
41514,0.08158232
41515,0.0677513
41516,0.00467073
41517,0.0685566
41518,0.09028387
41519,0.105499476
41520,0.59225905
41521,0.5332917
41522,0.2840702
41523,0.774224
41524,0.23763736
41525,0.27953246
41526,0.08678289
41527,0.051924717
41528,0.06647188
41529,0.070172705
41530,0.08627663
41531,0.03865338
41532,0.045076884
41533,0.5340947
41534,0.060401194
41535,0.5265877
41536,0.06607284
41537,0.09475881
41538,0.10611943
41539,0.07650285
41540,0.0797516
41541,0.05586966
41542,0.028701387
41543,0.06973922
41544,0.93096375
41545,0.72000015
41546,0.68068045
41547,0.46610823
41548,0.14129713
41549,0.100473665
41550,0.0968121
41551,0.03211135
41552,0.05769796
41553,0.05965505
41554,0.05905079
41555,0.055440333
41556,0.08885644
41557,0.0369847
41558,0.052987278
41559,0.0396337
41560,0.2861941
41561,0.029203374
41562,0.04518838
41563,0.09709435
41564,0.093112685
41565,0.082055256
41566,0.07502416
41567,0.24762876
41568,0.12221528
41569,0.095175005
41570,0.11310989
41571,0.082008965
41572,0.047945358
41573,0.05146393
41574,0.056756724
41575,0.08123473
41576,0.091631904
41577,0.041980922
41578,0.051132176
41579,0.050109953
41580,0.11220649
41581,0.06589304
41582,0.08849513
41583,0.041182574
41584,0.07438898
41585,0.052866187
41586,0.08109024
41587,0.07703227
41588,0.2686022
41589,0.5827886
41590,0.11774097
41591,0.046956692
41592,0.050649516
41593,0.058633257
41594,0.045877844
41595,0.0921324
41596,0.08706064
41597,0.04013602
41598,0.041643072
41599,0.049679913
41600,0.025464786
41601,0.02928835
41602,0.06937916
41603,0.09232895
41604,0.52709395
41605,0.08415965
41606,0.06541123
41607,0.07731874
41608,0.03683508
41609,0.10426796
41610,0.5869301
41611,0.2814028
41612,0.032231845
41613,0.26336828
41614,0.057349615
41615,0.05074992
41616,0.051491767
41617,0.08978296
41618,0.08650905
41619,0.044561278
41620,0.026463242
41621,0.058633678
41622,0.036908716
41623,0.072108276
41624,0.040055532
41625,0.03295266
41626,0.036582444
41627,0.048497282
41628,0.05190138
41629,0.27656662
41630,0.056049593
41631,0.04840226
41632,0.047331054
41633,0.051165022
41634,0.07959188
41635,0.275128
41636,0.03380592
41637,0.2591027
41638,0.076451406
41639,0.04846966
41640,0.04353632
41641,0.064651385
41642,0.06624799
41643,0.5917394
41644,0.27217382
41645,0.038649447
41646,0.07049717
41647,0.035403576
41648,0.01569893
41649,0.2805935
41650,0.5789929
41651,0.1231361
41652,0.0526575
41653,0.034240305
41654,0.049211193
41655,0.049580414
41656,0.043352347
41657,0.03374428
41658,0.07672263
41659,0.07478801
41660,0.9247689
41661,0.07084498
41662,0.057513047
41663,0.064904295
41664,0.06976069
41665,0.31319633
41666,0.09539638
41667,0.09808166
41668,0.06499393
41669,0.042747993
41670,0.04383828
41671,0.012278258
41672,0.048207525
41673,0.05509368
41674,0.037574723
41675,0.030328397
41676,0.046700343
41677,0.04131455
41678,0.28249258
41679,0.072409816
41680,0.07316937
41681,0.06873398
41682,0.061889663
41683,0.06384329
41684,0.06447144
41685,0.07367971
41686,0.8929052
41687,0.080766745
41688,0.053119913
41689,0.05542103
41690,0.06998713
41691,0.06267832
41692,0.044030856
41693,0.018867109
41694,0.02192436
41695,0.28917795
41696,0.03501424
41697,0.08161993
41698,0.090586096
41699,0.07073896
41700,0.0676078
41701,0.06229774
41702,0.28718075
41703,0.010899615
41704,0.02570919
41705,0.27538964
41706,0.033678867
41707,0.020622399
41708,0.019847553
41709,0.042475767
41710,0.09191514
41711,0.06866424
41712,0.078477725
41713,0.041104466
41714,0.031592507
41715,0.0966968
41716,0.28429532
41717,0.020870356
41718,0.020455306
41719,0.03184573
41720,0.032330636
41721,0.039361052
41722,0.025059085
41723,0.018494686
41724,0.047476046
41725,0.08308175
41726,0.066510364
41727,0.068259366
41728,0.06805351
41729,0.27569288
41730,0.029476415
41731,0.019669693
41732,0.03212237
41733,0.028435841
41734,0.028291736
41735,0.03976108
41736,0.017730484
41737,0.020295564
41738,0.08570594
41739,0.037792057
41740,0.025418753
41741,0.036577206
41742,0.04558052
41743,0.029147217
41744,0.03323669
41745,0.01981997
41746,0.08957804
41747,0.074613824
41748,0.3290843
41749,0.03114499
41750,0.038790725
41751,0.036326844
41752,0.02579638
41753,0.020395935
41754,0.039038166
41755,0.024652783
41756,0.06961661
41757,0.09189076
41758,0.065421395
41759,0.029557431
41760,0.03450238
41761,0.033079304
41762,0.08959844
41763,0.035235763
41764,0.01743009
41765,0.06746145
41766,0.09243381
41767,0.07255432
41768,0.10017082
41769,0.015896305
41770,0.0003474923
41771,0.01765658
41772,0.040527318
41773,0.31291908
41774,0.06187421
41775,0.027528595
41776,0.09410212
41777,0.015729714
